subid,lesion_index,shape_VoxelVolume,shape_MeshVolume,shape_SurfaceArea,shape_SurfaceVolumeRatio,shape_Compactness1,shape_Compactness2,shape_Sphericity,shape_SphericalDisproportion,shape_Maximum3DDiameter,shape_Maximum2DDiameterSlice,shape_Maximum2DDiameterColumn,shape_Maximum2DDiameterRow,shape_MajorAxisLength,shape_MinorAxisLength,shape_LeastAxisLength,shape_Elongation,shape_Flatness,glcm_Autocorrelation,glcm_JointAverage,glcm_ClusterProminence,glcm_ClusterShade,glcm_ClusterTendency,glcm_Contrast,glcm_Correlation,glcm_DifferenceAverage,glcm_DifferenceEntropy,glcm_DifferenceVariance,glcm_JointEnergy,glcm_JointEntropy,glcm_Imc1,glcm_Imc2,glcm_Idm,glcm_Idmn,glcm_Id,glcm_Idn,glcm_InverseVariance,glcm_MaximumProbability,glcm_SumEntropy,glcm_SumSquares,glrlm_GrayLevelNonUniformity,glrlm_GrayLevelNonUniformityNormalized,glrlm_GrayLevelVariance,glrlm_HighGrayLevelRunEmphasis,glrlm_LongRunEmphasis,glrlm_LongRunHighGrayLevelEmphasis,glrlm_LongRunLowGrayLevelEmphasis,glrlm_LowGrayLevelRunEmphasis,glrlm_RunEntropy,glrlm_RunLengthNonUniformity,glrlm_RunLengthNonUniformityNormalized,glrlm_RunPercentage,glrlm_RunVariance,glrlm_ShortRunEmphasis,glrlm_ShortRunHighGrayLevelEmphasis,glrlm_ShortRunLowGrayLevelEmphasis,glszm_GrayLevelNonUniformity,glszm_GrayLevelNonUniformityNormalized,glszm_GrayLevelVariance,glszm_HighGrayLevelZoneEmphasis,glszm_LargeAreaEmphasis,glszm_LargeAreaHighGrayLevelEmphasis,glszm_LargeAreaLowGrayLevelEmphasis,glszm_LowGrayLevelZoneEmphasis,glszm_SizeZoneNonUniformity,glszm_SizeZoneNonUniformityNormalized,glszm_SmallAreaEmphasis,glszm_SmallAreaHighGrayLevelEmphasis,glszm_SmallAreaLowGrayLevelEmphasis,glszm_ZoneEntropy,glszm_ZonePercentage,glszm_ZoneVariance,gldm_DependenceEntropy,gldm_DependenceNonUniformity,gldm_DependenceNonUniformityNormalized,gldm_DependenceVariance,gldm_GrayLevelNonUniformity,gldm_GrayLevelVariance,gldm_HighGrayLevelEmphasis,gldm_LargeDependenceEmphasis,gldm_LargeDependenceHighGrayLevelEmphasis,gldm_LargeDependenceLowGrayLevelEmphasis,gldm_LowGrayLevelEmphasis,gldm_SmallDependenceEmphasis,gldm_SmallDependenceHighGrayLevelEmphasis,gldm_SmallDependenceLowGrayLevelEmphasis
1126,4,318.97603802490323,47.87200570678913,720.9024735585673,15.058956960650805,0.001395378135893316,0.0006918087866411199,0.08844270655793737,11.306754835062815,68.54838043931888,62.91582034706025,48.53700045874565,52.41679198389079,55.9030361330442,53.12429738934118,21.451881458016217,0.9502935987753889,0.38373374581950553,7.923076923076923,1.3461538461538463,18075.46153846154,560.7692307692307,21.46153846153846,0.0,1.0,0.0,-3.2034265038149176e-16,0.0,0.9668803418803419,0.08183379015015259,-0.1538461538461532,0.12332330970704572,1.0,1.0,1.0,1.0,0.0,0.9807692307692307,0.08183379015015259,5.365384615384615,581.7000597595296,0.94361175415142,11.97056341817845,14.45519053782007,1.033148764332208,14.758954632491152,1.0035237593375672,0.9711246219592066,0.2845561909953577,604.2979443029444,0.9802209273560547,0.9895048771453265,0.011744286021451254,0.9924079330810938,14.379944638316443,0.963719961778762,511.83977900552486,0.9426146943011507,12.51391051012552,15.051565377532228,1.5524861878453038,19.58195211786372,1.5120754049206746,0.9706083321792108,430.84162062615104,0.7934468151494494,0.910949186304356,13.968039425715038,0.8843122972595268,0.8221081180057175,0.8715890850722311,0.2361208618648868,1.14835582042036,394.65650080256825,0.6334775293781191,0.3043524189122689,587.9373996789727,11.923401755601873,14.402889245585875,1.9245585874799358,22.261637239165328,1.8765314695613906,0.9711811629847775,0.8235353130016051,12.4928772070626,0.7995185462122134
1177,6,94.20264868187957,21.758763961850207,211.49386506864195,9.719939305350968,0.003991283930615391,0.005660144170411697,0.17821427893905809,5.611222658213367,47.73148997699001,47.73148997699001,36.832679440046284,36.834766730010955,45.72686878474977,36.94267693673139,8.916961926822017,0.8078986801093195,0.1950048661498529,1.0,1.0,0.0,0.0,0.0,0.0,1.0,0.0,-3.2034265038149176e-16,0.0,1.0,-3.2034265038149176e-16,0.0,0.0,1.0,1.0,1.0,1.0,0.0,1.0,-3.2034265038149176e-16,0.0,180.01098952058115,0.989070866995874,4.595700428235039,5.939789501206099,1.0331076803846133,5.972897181590714,1.0276190253832733,0.99451134499866,0.13244235254184525,178.0612087938459,0.9782664453821744,0.9891304347826088,0.010866777308912844,0.9917230799038468,5.931512581109947,0.9862344249025062,156.0126582278481,0.987421887518026,5.289096298670085,6.689873417721519,1.518987341772152,7.208860759493671,1.5126652601969057,0.9936779184247538,116.73417721518987,0.7388239064252523,0.8843178621659634,6.574191279887482,0.8779957805907173,0.7312487258247043,0.8586956521739131,0.16279442397051752,0.9560034562946544,110.1304347826087,0.5985349716446124,0.22448015122873347,182.0108695652174,4.545811672967864,5.885869565217392,1.8695652173913044,6.755434782608695,1.8641364734299515,0.9945712560386473,0.7946859903381643,5.680555555555555,0.7892572463768116
1152,9,153.60737686234026,29.10006417225664,343.3493097834706,11.798919334027183,0.002580564641363652,0.002366092564645604,0.13325307617660276,7.50451718408873,52.6130758100797,52.6130758100797,40.997405844244376,41.3298958300856,44.93138103472719,41.86866049099089,16.0185716356466,0.9318356019066243,0.35651189139425615,1.0,1.0,0.0,0.0,0.0,0.0,1.0,0.0,-3.2034265038149176e-16,0.0,1.0,-3.2034265038149176e-16,0.0,0.0,1.0,1.0,1.0,1.0,0.0,1.0,-3.2034265038149176e-16,0.0,283.8678489664424,0.9540518178084478,11.119460090355622,13.422611569564868,1.0255045840159391,13.448116153580806,1.0020213863419034,0.9765168023259643,0.22377398896210893,292.84036254263356,0.9841021169757952,0.9917948717948717,0.008720709960638505,0.993911632061571,13.41652320162644,0.9704284343875352,254.36567164179104,0.9491256404544441,12.311595010024504,14.791044776119403,1.3955223880597014,15.186567164179104,1.3694523601275288,0.9739299720678272,218.61940298507463,0.8157440409890844,0.921849087893864,14.712893864013267,0.8957790599616912,0.7114848437362145,0.8933333333333333,0.14245934506571617,0.9498507090685995,203.40666666666667,0.6780222222222222,0.20115555555555553,286.32666666666665,11.029822222222224,13.32,1.6733333333333333,13.993333333333334,1.6500441083805923,0.9767107750472589,0.8501851851851852,13.170185185185186,0.8268959602324442
2115,15,87.03391448911049,13.652378743388821,193.05508810560448,14.140765630245323,0.002871517803165513,0.002929714311551293,0.14308971682008742,6.988622398752393,51.825246113687996,51.62736693491177,40.02918862705388,36.00889100988731,49.986217568006786,47.517387480844164,11.63435964919199,0.95060978391086,0.23275135057705296,1.0,1.0,0.0,0.0,0.0,0.0,1.0,0.0,-3.2034265038149176e-16,0.0,1.0,-3.2034265038149176e-16,0.0,0.0,1.0,1.0,1.0,1.0,0.0,1.0,-3.2034265038149176e-16,0.0,168.46153846153845,1.0,0.0,1.0,1.027505915407627,1.027505915407627,1.027505915407627,1.0,0.07158354915881497,165.42502938722333,0.9819040088460935,0.9909502262443439,0.009047995576953259,0.9931235211480932,0.9931235211480932,0.9931235211480932,150.0,1.0,0.0,1.0,1.4266666666666667,1.4266666666666667,1.4266666666666667,1.0,117.89333333333333,0.7859555555555555,0.9081481481481481,0.9081481481481481,0.9081481481481481,0.5897518654604409,0.8823529411764706,0.14222222222222222,0.8330537372715884,110.14117647058823,0.6478892733564013,0.20346020761245676,170.0,0.0,1.0,1.7294117647058824,1.7294117647058824,1.7294117647058824,1.0,0.8307189542483661,0.8307189542483661,0.8307189542483661
1126,1,558.0800665283219,71.25334182741962,1263.5198121987535,17.732779681535266,0.0008950704455199942,0.000284653600078053,0.06578177080830533,15.201779880844196,80.13988097930071,74.46878874566046,57.937901515454314,65.19386571347816,67.72543291835113,58.69866297965961,39.11906820795705,0.8667152124435429,0.5776126710790978,1.0,1.0,0.0,0.0,0.0,0.0,1.0,0.0,-3.2034265038149176e-16,0.0,1.0,-3.2034265038149176e-16,0.0,0.0,1.0,1.0,1.0,1.0,0.0,1.0,-3.2034265038149176e-16,0.0,1052.291286920195,0.9761509239624057,4.75436671141615,6.2765605161441265,1.0341832808255622,6.310743796969689,1.0221551454073172,0.9879718645817553,0.18516680194252,1055.051851416911,0.9786702691215938,0.9889908256880735,0.011724524560310371,0.9918528371565275,6.268413353300654,0.9798247017382831,918.332627118644,0.9728099863544958,5.420263573685722,7.02542372881356,1.5402542372881356,7.565677966101695,1.526519037560826,0.9862648002726905,734.2224576271186,0.7777780271473714,0.9033792372881355,6.928802966101695,0.8896440375608262,0.7590393107124339,0.8660550458715597,0.20701217322608448,1.0696121138356212,673.4788990825688,0.6178705496170356,0.3088931908088545,1064.2880733944953,4.702513256459894,6.218348623853211,1.963302752293578,7.181651376146789,1.9514073132636878,0.98810456097011,0.8133967889908257,6.031745412844037,0.8015013499609357
1082,10,88.0645485230056,12.629411997484107,196.50303079788486,15.559159115011058,0.0025867491493918996,0.0023774471750941327,0.1334658915905433,7.492551003726668,51.04991765071133,49.79333375097224,38.1410188389468,37.81217070305322,43.31057158824906,38.19684914398552,11.804930033323677,0.8819290012406351,0.27256463261562147,1.0,1.0,0.0,0.0,0.0,0.0,1.0,0.0,-3.2034265038149176e-16,0.0,1.0,-3.2034265038149176e-16,0.0,0.0,1.0,1.0,1.0,1.0,0.0,1.0,-3.2034265038149176e-16,0.0,164.5671384045925,0.9654195634986689,21.18051735706529,23.791987709159777,1.0271983675486343,23.81918607670841,1.0096119572792206,0.9824135897305865,0.19820230005226003,167.42643845326904,0.9821149294972873,0.9910554561717351,0.008942535251356359,0.9932004081128414,23.785188117272618,0.975613997843428,148.11688311688312,0.9617979423174229,23.398760330578515,26.227272727272727,1.4025974025974026,26.62987012987013,1.3831319143819143,0.9805345117845118,126.57142857142857,0.8218923933209648,0.9248286435786436,26.152101370851373,0.9053631553631554,0.6644777728504595,0.8953488372093024,0.15516950581885647,0.9806750050215145,116.72093023255815,0.6786100594916171,0.27149810708491073,166.1046511627907,20.993611411573823,23.587209302325583,1.7906976744186047,24.377906976744185,1.7732692721791556,0.9825715977605513,0.8509770671834624,23.438186369509044,0.8335486649440137
1497,4,201.72748297117587,32.12791765594937,459.6710232200836,14.307526187741049,0.0018392338463408934,0.001201921619123746,0.10632254958489427,9.405342553430213,57.72202981508098,53.980680943706155,43.08121434861155,44.02908195469888,48.22022662078679,46.199231241961186,17.718133839624407,0.9580882231284581,0.36744194462135665,1.0,1.0,0.0,0.0,0.0,0.0,1.0,0.0,-3.2034265038149176e-16,0.0,1.0,-3.2034265038149176e-16,0.0,0.0,1.0,1.0,1.0,1.0,0.0,1.0,-3.2034265038149176e-16,0.0,383.26673864398674,0.984676954054535,5.5268535167145,6.955507131291359,1.0372457734739688,6.992752904765327,1.0295525774699048,0.9923068039959358,0.16583051576432556,379.97636335896937,0.9761714858646098,0.9878953533775868,0.012501202589705525,0.990910556853508,6.946417688144867,0.9832173608494437,330.0416666666667,0.9822668650793651,6.395266439909298,7.898809523809524,1.625,8.523809523809524,1.6160882662565355,0.9910882662565355,257.35714285714283,0.7659438775510204,0.8970734126984128,7.795882936507936,0.8881616789549482,0.770183393464667,0.8527918781725888,0.24996456916099774,1.1019212695900276,234.30456852791878,0.5946816460099461,0.33749903372928963,388.03553299492387,5.4602540647787885,6.883248730964467,2.065989847715736,7.949238578680203,2.058389993558873,0.9924001458431368,0.7985406091370558,6.681789340101523,0.7909407549801927
1257,7,181.7595341491559,20.60794718170092,404.41785548913896,19.62436393704691,0.0014295992556028032,0.0007261575762679828,0.08988287547213404,11.125589771658175,59.404975209228965,58.831208364160915,44.065300201314884,43.14811763547481,53.801004922466454,44.60540806708996,18.609758957655856,0.8290813179302426,0.345899839314799,1.0,1.0,0.0,0.0,0.0,0.0,1.0,0.0,-3.203426503814917e-16,0.0,1.0,-3.203426503814917e-16,0.0,0.0,1.0,1.0,1.0,1.0,0.0,1.0,-3.203426503814917e-16,0.0,340.1276722865071,0.9664821661838174,7.3906823564682504,9.234963378065665,1.0271855382842048,9.26214891634987,1.0101711511394411,0.9829856128552362,0.1929016374544643,346.13837959173065,0.9835168678598598,0.991332611050921,0.009545176745109279,0.9936920159173492,9.228655393983015,0.9766776287725855,305.22712933753945,0.9628616067430266,8.189015713162634,10.141955835962145,1.416403785488959,10.558359621451103,1.397515446984905,0.981111661495946,261.6246056782334,0.8253142134960045,0.9258017875920085,10.067757623554153,0.9069134490879545,0.6716347052812182,0.8929577464788733,0.16228641940908958,0.9590623052577583,241.4619718309859,0.6801745685379885,0.24780797460821266,343.2028169014084,7.32754612180123,9.163380281690142,1.7492957746478872,9.912676056338029,1.7324292864625772,0.9831335118146898,0.8518974960876369,9.015277777777778,0.8350310079023266
2095,5,207.35946853636096,31.65858552550678,471.9617683372547,14.90786023769139,0.0017420328536136601,0.001078238732940013,0.10254275378265126,9.752029891059795,58.39994554409936,56.613712164989195,40.35829573148791,49.477268244680666,56.982625535234696,42.542095614583474,15.953690070459595,0.7465801235900924,0.27997463999960437,1.0,1.0,0.0,0.0,0.0,0.0,1.0,0.0,-3.2034265038149176e-16,0.0,1.0,-3.2034265038149176e-16,0.0,0.0,1.0,1.0,1.0,1.0,0.0,1.0,-3.2034265038149176e-16,0.0,384.976835419072,0.9607764758752408,4.685335977069963,6.361101377982047,1.0324665615680575,6.393567939550105,1.0125920247999072,0.9801254632318496,0.23438830525633372,392.2275100849139,0.9787375509584396,0.9893637226970559,0.01063122452078014,0.9918833596079857,6.352984737590033,0.9720088228398353,336.3238636363636,0.9554655216942148,5.319440857438016,7.1022727272727275,1.5255681818181819,7.627840909090909,1.5029459937384042,0.9773778119202227,275.0056818181818,0.7812661415289256,0.9052043876262627,7.00747711489899,0.8825821995464853,0.7979452700203629,0.8691358024691358,0.2017610408057851,1.0955810075339352,252.72345679012346,0.6240085352842555,0.28895595183661027,389.2814814814815,4.636098155768936,6.303703703703704,1.9185185185185185,7.222222222222222,1.8988567649281933,0.980338246409675,0.8171810699588477,6.120884773662552,0.7975193163685227
1376,4,191.4907478184799,34.77383232443311,439.4981270917079,12.638760174353969,0.002129325604091021,0.0016109660897047453,0.11722731005038486,8.530435438382023,57.07015078836112,53.814840124316085,38.69937720956473,42.10463533865787,48.7669837468534,42.81052220465896,13.251159126734285,0.877858725626459,0.27172398431529593,1.0,1.0,0.0,0.0,0.0,0.0,1.0,0.0,-3.2034265038149176e-16,0.0,1.0,-3.2034265038149176e-16,0.0,0.0,1.0,1.0,1.0,1.0,0.0,1.0,-3.2034265038149176e-16,0.0,359.7024343598975,0.9784743718238137,7.275662323550938,8.921526750671749,1.0538654307694777,8.975392181441224,1.0429991389304214,0.9891337081609441,0.21003042819802475,355.6675017404153,0.9674575822901541,0.9829288358700123,0.01874827143974838,0.9874690666336031,8.908995817305353,0.9766027747945469,288.1081081081081,0.9733382030679328,9.011687363038714,10.837837837837839,2.0405405405405403,11.878378378378379,2.0270455640826013,0.9865050235420606,205.59459459459458,0.6945763330898466,0.8584778528528527,10.69631569069069,0.8449828763949134,1.0043111094836734,0.7914438502673797,0.4440741417092769,1.3442616573001378,187.94652406417111,0.5025308130058052,0.4821413251737254,366.0855614973262,7.152620892790758,8.786096256684491,2.5668449197860963,10.352941176470589,2.5561644036589573,0.9893194838728607,0.7276953357100416,8.513791592394533,0.7170148195829024
1327,13,112.64198562657306,20.053686835034203,259.1454155321661,12.922582149803684,0.0027120893720677082,0.0026134261949573934,0.1377431720262931,7.25988798783518,50.77999094435612,49.29632292330327,39.27408341335121,35.200003147125244,44.471582631437926,40.046706101497186,8.721460575680874,0.9005010330616681,0.1961131144794358,1.0,1.0,0.0,0.0,0.0,0.0,1.0,0.0,-3.2034265038149176e-16,0.0,1.0,-3.2034265038149176e-16,0.0,0.0,1.0,1.0,1.0,1.0,0.0,1.0,-3.2034265038149176e-16,0.0,214.62461807459036,0.9908091715271647,6.989625053591189,8.382150634994815,1.0491916345274819,8.431342269522299,1.0445777903806102,0.9953861558531283,0.15405851026552814,210.40988899471273,0.9712638402814737,0.9846153846153846,0.01752789805985972,0.9888965894964268,8.371047224491242,0.984282745349555,177.01117318435755,0.9888892356668019,8.449736275397147,9.932960893854748,1.9217877094972067,10.854748603351956,1.9162046089385476,0.9944168994413408,128.55307262569832,0.7181735900877001,0.8721973929236497,9.805158286778399,0.8666142923649908,0.8616188742848164,0.8136363636363636,0.4112231203770169,1.2280114856676008,116.8,0.5309090909090909,0.43999999999999995,218.0090909090909,6.882210743801651,8.268181818181818,2.4,9.668181818181818,2.3954573863636366,0.9954573863636365,0.7513497474747475,8.019531565656566,0.7468071338383839
1353,1,139.7760166625973,25.344003021239427,307.9425392811671,12.15050909767874,0.002646035980594078,0.0024876755454347264,0.1354974885576323,7.380210590210766,58.58600648441791,55.54097618747956,42.24879074217077,44.527742125148684,50.03859198771242,47.44904873082088,20.641503222399376,0.948249078280871,0.4125116715408008,1.0,1.0,0.0,0.0,0.0,0.0,1.0,0.0,-3.203426503814917e-16,0.0,1.0,-3.203426503814917e-16,0.0,0.0,1.0,1.0,1.0,1.0,0.0,1.0,-3.203426503814917e-16,0.0,265.7585604079629,0.978159623045064,4.368075390987197,5.858532481378297,1.0144985623097162,5.873031043688012,1.003481481853076,0.9889829195433599,0.12819159930075677,269.10027680190683,0.9904207583451018,0.9952099182868414,0.004789620827449063,0.996375359422571,5.854907840800867,0.9853582789659309,252.06976744186048,0.9770146024878312,4.597079502433748,6.116279069767442,1.197674418604651,6.313953488372093,1.1860728787639088,0.9883984601592575,233.2170542635659,0.9039420707890151,0.9614825581395349,6.077761627906977,0.9498810182987923,0.3982840735191086,0.945054945054945,0.07801514332071391,0.6379626686124403,222.01098901098902,0.8132270659743187,0.16763944236471712,267.0659340659341,4.347301050597754,5.835164835164835,1.4322344322344323,6.267399267399267,1.4212703396376867,0.9890359074032543,0.9206857956857957,5.755850630850631,0.9097217030890501
1201,12,153.60057907106207,25.386762374246462,347.15735600954764,13.674739255515329,0.002214332444964405,0.0017421594183966303,0.12032687312263295,8.310695475156534,53.336753897911365,52.61188664023968,39.49292968828409,41.18252117761538,49.895216312678684,43.34652569041345,12.56534554189067,0.8687511327493499,0.2518346741528754,16.346153846153847,1.7307692307692308,10024.692307692309,0.0,27.76923076923077,0.0,1.0,0.0,-3.2034265038149176e-16,0.0,0.9615384615384616,0.07692307692307657,-0.07692307692307693,0.07152873038709182,1.0,1.0,1.0,1.0,0.0,0.9615384615384616,0.07692307692307657,6.9423076923076925,290.1221691600272,0.9803930199579162,7.162746835853158,8.730377416137324,1.0424800804959664,9.08184045997867,1.0318461277828466,0.9901385046952437,0.18940098265805158,288.1901481250278,0.9738142268660686,0.9864102564102564,0.014635826687608218,0.989963400224595,8.643095075525578,0.9802950192719297,245.02409638554218,0.984032515604587,7.196593603328979,8.706827309236948,1.6947791164658634,14.208835341365463,1.6747415962337187,0.9919805520570117,176.9277108433735,0.7105530555958774,0.8688364569388666,7.373856537260152,0.8638215270681675,0.8534332614135602,0.83,0.2431896259737746,1.1572469054600645,165.10666666666665,0.5503555555555556,0.32182222222222223,294.0466666666667,7.155822222222223,8.726666666666667,2.1533333333333333,17.86,2.123402191540653,0.9900188582073197,0.7617824074074074,6.493449074074074,0.7567887656147272
1183,1,249.34399256896933,25.68533256786702,569.2870425939981,22.163896110350155,0.001066874434645968,0.00040441649674648525,0.07395081323182447,13.522501731862683,70.15411386818865,67.24284111122796,58.66787531830498,44.52774482375748,68.28701148102684,50.14560418695272,16.242535845640713,0.7343359022364802,0.23785688512893277,6.076923076923076,1.3504273504273505,7082.882206042696,267.88055291758985,15.76828110161443,2.4615384615384617,0.917948717948718,0.15384615384615385,0.04181264947689167,2.1538461538461537,0.9559814221272555,0.11021299613140091,-0.0782950277543161,0.0764845364024334,0.9904220293325352,0.998169859879897,0.9909502262443439,0.9968602825745683,3.7560096153846156e-05,0.9732905982905984,0.10059761151601632,4.5574548907882235,445.9874230652049,0.928100890975004,13.819760069918196,16.689965627318486,1.040409492905241,17.008456871108823,1.002422914381349,0.9629756420674058,0.3535894986229079,467.81192305554254,0.9734706027118096,0.9867319538777445,0.013264698644095184,0.9898976267736898,16.6103428163709,0.9531138239889199,373.0742574257426,0.9234511322419371,15.275365160278403,18.346534653465348,1.6905940594059405,23.314356435643564,1.6363081652613203,0.960514201781927,284.95544554455444,0.7053352612488971,0.8660272277227723,17.14325495049505,0.8302414534863363,1.0571479147035232,0.8295687885010267,0.23749509851975295,1.2906425696252581,268.63449691991786,0.5516108766322749,0.28756709350716153,452.14579055441476,13.717003486964991,16.572895277207394,2.0965092402464065,24.765913757700204,2.0351050932781782,0.9631512483267423,0.7600958247775497,14.558863791923342,0.7293859219280345
1201,10,104.96039569855908,13.65338480631664,232.67622745166912,17.041651630885198,0.002170387970745552,0.0016736976007571147,0.11872959813806783,8.422499660422702,53.02987930833502,51.629531189662515,41.08153420765289,41.08138325685716,45.469077672820276,43.50612442873329,9.781491933059655,0.9568288308328636,0.21512404547644184,1.0,1.0,0.0,0.0,0.0,0.0,1.0,0.0,-3.203426503814917e-16,0.0,1.0,-3.203426503814917e-16,0.0,0.0,1.0,1.0,1.0,1.0,0.0,1.0,-3.203426503814917e-16,0.0,188.3287020228366,0.9242234767656433,13.01821365243135,15.914325786913812,1.01820018392629,15.932525970840102,0.9790627061774657,0.9608625222511757,0.3091895923417865,201.33351231608015,0.9879939976837477,0.9939962476547841,0.006003001158126075,0.9954499540184276,15.909775740932238,0.9563124762696034,174.6,0.9189473684210526,13.923019390581715,16.99473684210526,1.2578947368421052,17.25263157894737,1.2159220948199325,0.9580273579778273,165.54736842105262,0.8713019390581718,0.9472222222222223,16.941959064327484,0.9052495802000496,0.6727300452198797,0.926829268292683,0.09376731301939059,0.9066059082693463,155.71219512195123,0.7595716835217132,0.17075550267697798,189.55609756097562,12.942676977989294,15.824390243902439,1.5073170731707317,16.33170731707317,1.4684156000770106,0.9610985269062791,0.8948509485094852,15.719241192411923,0.8559494754157642
1281,2,2122.3316458988215,432.6586829396165,5030.257596538239,11.626387715973058,0.00068420327583503,0.00016633074950419185,0.05499512347994862,18.18343039750793,120.31278573644333,115.9351131909801,75.8968762302601,105.93885327652428,112.95587677086336,70.58716924599061,54.46857477200125,0.6249092235296461,0.4822110750598083,10.470550453353308,1.3024017277927338,145510.99488663935,2279.772652320097,36.97812848343153,2.2270200387847447,0.896402848891625,0.06748545572074983,0.015470660005977056,2.1934122427251443,0.9799853200148454,0.07794205003722447,-0.5755373522345933,0.24796821233429475,0.9979568623497388,0.9996007493655819,0.9980151336552721,0.9993251454427925,1.877882286243978e-06,0.9898138043741482,0.07589703622750482,9.80128713055407,3916.5800021757723,0.9696499564732934,17.32207170021165,19.622391693772137,1.0821899676605304,20.40913071810032,1.0661849130807706,0.984604416922548,0.289192518546518,3844.1646415258615,0.951507480162837,0.9744641365871763,0.02867385653456291,0.9811206565121403,19.451834439119825,0.9658562827004015,2864.857190973392,0.9649232707892865,20.180006695435186,22.74065341865948,3.2553048164365106,38.22263388346244,3.2260271529910516,0.9821640974960342,1909.0309868642642,0.6429878702809916,0.8285891479043331,20.127062258940597,0.8128658581232245,1.249738298412308,0.7162846803377564,1.306229261819763,1.715260164847346,1694.7389626055487,0.4088634409181059,0.8740308567154754,4020.8851628468033,17.080307257570492,19.358986731001206,3.6427020506634498,39.83522316043426,3.6120890758278783,0.9848139580180353,0.6494391105859312,15.169262190602014,0.6375741444266181
1156,12,112.64594680759515,18.21962851774035,255.08935839324505,14.000799091203532,0.002523051232674998,0.0022618009638168306,0.13126576127706624,7.618132788559178,54.389980883145164,53.22407757347008,43.673758972298046,40.956562825170636,50.03687164735772,43.4843878300979,11.839794367166652,0.8690468927905921,0.2366213949307095,1.0,1.0,0.0,0.0,0.0,0.0,1.0,0.0,-3.2034265038149176e-16,0.0,1.0,-3.2034265038149176e-16,0.0,0.0,1.0,1.0,1.0,1.0,0.0,1.0,-3.2034265038149176e-16,0.0,215.39381604457304,0.9908416678539181,6.964911597095295,8.355927636178722,1.0369333495462583,8.392860985724978,1.0323358947736465,0.9954025452273884,0.13316877064354926,212.38027826738087,0.9769061351662466,0.988111888111888,0.01260030846214029,0.9911641978946917,8.347091834073412,0.9865667431220798,187.010582010582,0.9894739788919683,8.005039052658098,9.46031746031746,1.7354497354497354,10.195767195767196,1.7301620370370372,0.9947123015873016,155.45502645502646,0.8225133674869125,0.9223530276308054,9.382670487948266,0.917065329218107,0.6540402710548292,0.8590909090909091,0.3805044651605497,1.060341788293153,138.79090909090908,0.6308677685950413,0.4226446280991736,218.0090909090909,6.882210743801651,8.268181818181818,2.1363636363636362,9.404545454545454,2.131821022727273,0.9954573863636365,0.8226010101010102,8.090782828282828,0.8180583964646465
1292,6,174.0795538329944,28.45859372711404,398.90858082372284,14.017157159935879,0.002015247688943269,0.001442976006247427,0.1130020624117124,8.849396007982527,49.28281631066268,47.85303224375088,39.22438470432502,38.44164465837382,44.91887611514269,40.35609580007306,15.175436927648299,0.8984217614133168,0.3378409755566542,9.653846153846153,1.3205128205128203,38951.21082621084,890.3133903133906,26.709401709401714,0.0,1.0,0.0,-3.2034265038149176e-16,0.0,0.9786324786324786,0.050001724742180745,-0.07692307692307679,0.06560958707889336,1.0,1.0,1.0,1.0,0.0,0.9871794871794872,0.050001724742180745,6.6773504273504285,313.8073937704136,0.9367329486280164,25.186037411806044,28.75808058842783,1.0479263397262586,29.272381870576943,1.0146722569437576,0.9674358209784794,0.32517344451135843,325.9371991642326,0.9727736185175851,0.9852941176470588,0.017509422585670953,0.989458675377426,28.630945528199554,0.9570669722961503,258.6546762589928,0.9304125045287511,28.248084985249214,32.20503597122302,1.8129496402877698,40.302158273381295,1.7662522875784261,0.9640780506366186,195.88489208633092,0.7046219139796077,0.8652268185451638,30.24921962430056,0.831998720018273,1.065299924835149,0.8176470588235294,0.31716784845504886,1.3582331882125298,181.62941176470588,0.534204152249135,0.3714532871972318,318.65294117647056,24.956747404844286,28.5,2.2823529411764705,41.694117647058825,2.2324236856075466,0.9676916981380024,0.7499795751633986,25.272038398692807,0.7220765117281326
1281,31,123.39732850702437,23.80902811442611,274.69504733913936,11.537432188284036,0.002950465138392032,0.0030930235111490526,0.14570051060367603,6.863393929484074,50.146358966312235,45.26999805371177,36.17875040912387,37.01675354782643,42.93935304877703,38.56980683286192,14.692725539659332,0.8982391231895945,0.34217389169718293,1.0,1.0,0.0,0.0,0.0,0.0,1.0,0.0,-3.2034265038149176e-16,0.0,1.0,-3.2034265038149176e-16,0.0,0.0,1.0,1.0,1.0,1.0,0.0,1.0,-3.2034265038149176e-16,0.0,231.1338948197466,0.967086554615202,5.940876891956064,7.678004134860195,1.0251860836490732,7.703190218509268,1.0084910733119228,0.9833049896628493,0.18934465203948944,235.04656410628442,0.983405022119158,0.991701244813278,0.008297488940420969,0.9937034790877317,7.671707613947927,0.977008468750581,207.14883720930231,0.9634829637641968,6.591325040562467,8.423255813953489,1.4,8.82325581395349,1.3814418604651162,0.9814418604651163,173.52093023255813,0.8070740941049216,0.9182493540051679,8.341505167958656,0.8996912144702842,0.6760934542696921,0.8921161825726142,0.1435154137371552,0.9124684167437285,161.78008298755188,0.6712866514006302,0.19410822816411563,233.13278008298755,5.892253921247914,7.622406639004149,1.6721991701244814,8.294605809128631,1.655643153526971,0.9834439834024896,0.8457814661134163,7.468188105117566,0.8292254495159059
1165,2,347.1351102905006,56.319855651835894,786.5519935745277,13.965802725719309,0.0014404408940293016,0.0007372132480664947,0.090336732302515,11.069694182110235,68.80458130022339,66.72684205723583,45.991190412100316,55.40830345260098,62.601027547704284,48.89406429657339,20.330054823982298,0.7810425197783585,0.32475592846283635,29.315823065823057,2.208929958929959,183129.04948660327,3663.382544331738,94.60441222237758,2.769230769230769,0.9817249721111542,0.15384615384615385,0.038712179598126235,2.4615384615384617,0.8942591999951305,0.27568224190454615,-0.5384615384615348,0.4278735357016653,0.9914792899408285,0.9982905982905983,0.9919028340080972,0.9971509971509971,2.6379656009285636e-05,0.9401986901986903,0.26713523335753764,24.343410747902087,621.4054564494868,0.9289646725988294,15.558519512501725,18.548798555273443,1.041203711313085,19.59615244648634,1.0025534701790502,0.9634164617004136,0.3509093532393713,651.3313105789566,0.9736772773413733,0.9866122078511459,0.013844055778993829,0.9899542067552216,18.287215217053713,0.9538873441642473,531.1021126760563,0.9350389307677048,14.17037480162666,16.93838028169014,1.7429577464788732,35.32570422535211,1.6709729829594855,0.9666403125543384,420.63380281690144,0.7405524697480659,0.88446315043036,13.67544515356025,0.8568594441304894,0.9714748294388236,0.8377581120943953,0.31812884348343584,1.3442980077043474,383.4867256637168,0.5656146396220012,0.3685140226764473,629.5958702064896,15.641120856936507,18.644542772861357,2.185840707964602,47.4882005899705,2.0902322553625408,0.9632269929713391,0.7774987708947885,12.566256555227797,0.7521671274546698
1353,3,124.9280148925778,26.5386698303229,285.53411451520304,10.759172043692777,0.0031032531848464834,0.0034216585257940964,0.15068807626663983,6.636225139874492,52.11065245546953,49.477267490064555,38.40000343322754,38.60776899899525,44.37797776621281,39.533151294653436,10.725431828420394,0.8908281378416484,0.24168365410706488,1.0,1.0,0.0,0.0,0.0,0.0,1.0,0.0,-3.2034265038149176e-16,0.0,1.0,-3.2034265038149176e-16,0.0,0.0,1.0,1.0,1.0,1.0,0.0,1.0,-3.2034265038149176e-16,0.0,233.90452739171357,0.9752261686542021,10.230557354103146,12.020091493884665,1.0521025249805431,12.072194018865208,1.039615181232888,0.9875126562523449,0.23248906841419076,231.70611329427095,0.9659676910506314,0.9829760403530894,0.017016154474684318,0.9869743687548641,12.007065862639529,0.9744870250072092,189.07179487179488,0.9695989480604865,12.550532544378697,14.553846153846154,1.9384615384615385,15.492307692307692,1.9231030873888018,0.9846415489272632,134.75384615384615,0.6910453648915187,0.8572649572649572,14.41111111111111,0.8419065061922204,1.0080398659307344,0.7991803278688525,0.37275476660092044,1.3540373602406541,123.50819672131148,0.5061811341037356,0.4926095135716205,238.05737704918033,10.05783055630207,11.831967213114755,2.5737704918032787,13.405737704918034,2.5614963198394114,0.9877258280361325,0.7303620218579235,11.562329234972678,0.718087849894056
1274,1,602.1403341072894,36.90840341573966,1379.2458254467454,37.36942532871967,0.0004065255118534579,5.871889263906848e-05,0.03886803802396769,25.728080212933758,94.94168205092556,91.30242703356322,49.53068860670661,87.53330925052349,96.87041924816994,49.95374385469854,29.8054917052119,0.515675933297277,0.3076841406957675,5.699586738048276,1.2505870198177893,29924.50382067608,712.6624379472931,18.811580027415474,3.1301775147928996,0.92,0.13609467455621302,0.030095658740711625,2.8893946290395993,0.9737991051036978,0.08106965364235318,-0.15457227418854183,0.10749444012990252,0.9940940046890699,0.9971672601676083,0.9943293885601577,0.9971043686264636,1.1185557208532343e-05,0.9861463323001785,0.07515249387903958,5.485439385552094,1106.182665953382,0.9531625419783544,12.38850764672528,14.796874436694374,1.0408832781798298,15.067230314813123,1.0165319812412301,0.9760470929918501,0.26314521832579224,1130.829289559657,0.9743392275009698,0.9868524332810048,0.013950075738071102,0.990192207261441,14.729698493971085,0.9663388977359032,936.369807497467,0.9487029457927731,13.56807083781151,16.14690982776089,1.7102330293819656,20.35258358662614,1.6778678374423057,0.9737032815490263,729.8510638297872,0.739464097091983,0.8839545956849474,15.157004241075018,0.8591749956061452,0.9221256423175559,0.8392857142857143,0.29058613033262193,1.2422619764729246,668.2755102040817,0.5682614882687769,0.35423608218797725,1121.3333333333333,12.295351473922901,14.69047619047619,2.1547619047619047,21.712585034013607,2.120807350718065,0.9762318121693121,0.7786326058201058,13.00227206160242,0.757411009542706
1239,35,103.94101490798629,22.273074623142094,233.42033529254482,10.479933248641712,0.003523686016096589,0.004411605322526749,0.16400819563602168,6.0972562750417,49.14066081196407,47.532134310560444,36.43466742810477,38.929680774006044,43.198176963499414,41.46863392060164,14.11300237317593,0.9599625918390222,0.3267036566172875,1.0,1.0,0.0,0.0,0.0,0.0,1.0,0.0,-3.2034265038149176e-16,0.0,1.0,-3.2034265038149176e-16,0.0,0.0,1.0,1.0,1.0,1.0,0.0,1.0,-3.2034265038149176e-16,0.0,193.3897985992752,0.9610330206398356,3.8187639772961055,5.452822318168061,1.0280738618808198,5.480896180048879,1.0082835404667394,0.9802096785859198,0.2059837474143674,198.03770065176994,0.9840496278089644,0.991284577491474,0.01025951069493544,0.9938405303636653,5.446662848531726,0.974050208949585,172.17777777777778,0.9565432098765432,4.258765432098765,5.977777777777778,1.4277777777777778,6.405555555555556,1.4056543209876544,0.9778765432098766,145.34444444444443,0.8074691358024692,0.917746913580247,5.895524691358024,0.8956234567901236,0.7148596712734888,0.8866995073891626,0.15589506172839507,0.9624950152795508,134.88177339901478,0.6644422334926836,0.21466184571331506,195.1576354679803,3.7859690844233054,5.413793103448276,1.7192118226600985,6.1330049261083746,1.6995949644225505,0.9803831417624521,0.8420908593322387,5.255883962780514,0.8224740010946908
1281,4,404.49746689024585,44.7165976055642,911.1242011472611,20.375526089531633,0.0009173338966246708,0.00029899032083177413,0.06686810920729315,14.954811970231878,70.70515770185298,67.33933152922076,52.692497407627265,55.81684504256746,60.304887825744565,53.85969916625738,30.91129005226208,0.893123279192376,0.5125834930923433,12.193406593406593,1.543956043956044,40489.5724078557,1060.5493967257235,37.05601255886971,3.7230769230769236,0.9190283400809717,0.16923076923076924,0.03607658412225206,3.3507692307692314,0.9509497645211931,0.12785815500903955,-0.15486634105035335,0.12961350521637147,0.9923235527359238,0.9985161112303401,0.9926421404682274,0.9974741676234213,1.589319771137953e-05,0.9714285714285714,0.12016584731673188,10.194772370486657,728.9130913689919,0.9312894143665086,18.41712487480323,21.696257932111067,1.0288485617102023,22.037342763690994,0.9927463768252236,0.9644880538104272,0.3034663859827382,768.8314679627055,0.9822621221681771,0.9907497565725415,0.010038679984604096,0.993226592589846,21.611425457233473,0.9578622060741246,646.8680057388809,0.9280746136856254,19.411447708873244,22.842180774748925,1.460545193687231,27.847919655667145,1.4147189310780144,0.9627657859488761,556.1535150645624,0.7979246988013808,0.913558106169297,21.619440459110475,0.8784719042576962,0.8193915195835879,0.8822784810126583,0.17588393792622203,1.092609237411759,515.0126582278481,0.6519147572504407,0.23329594616247395,735.9164556962025,18.340195481493353,21.60759493670886,1.7721518987341771,30.4,1.7216129339680026,0.9646221943350671,0.8344321378340366,19.436963783403655,0.8028446219444143
1282,8,187.39380944842915,28.757611012806134,425.46599199572205,14.794900445876975,0.0018487602311602152,0.0012144046654434203,0.10668936796228584,9.373005193483712,56.438516666803096,52.239657857360264,41.18284856594737,44.57084604399664,49.71668384582666,42.49669049764367,21.630348092178792,0.854777254038655,0.4350722216158932,13.410256410256409,1.564102564102564,32338.415954415945,928.4558404558403,36.78632478632478,0.0,1.0,0.0,-3.2034265038149176e-16,0.0,0.9540170940170939,0.10553465511813168,-0.15384615384615363,0.13284511412401123,1.0,1.0,1.0,1.0,0.0,0.9717948717948719,0.10553465511813168,9.196581196581198,345.6494685748318,0.9574778850192887,8.504422996142313,10.563149380095735,1.042473186513532,11.168943825221383,1.0195106680584118,0.9783148540133884,0.25163270562414464,351.45607045191474,0.9735136305816238,0.9863387978142076,0.014507546912371038,0.9898539282028163,10.412172993645525,0.9684881253333315,294.2352941176471,0.9615532487504805,7.689350249903884,9.627450980392156,1.7058823529411764,21.836601307189543,1.6602344641560327,0.9804366190920812,224.0718954248366,0.7322610961595968,0.8801688453159042,8.229478939724038,0.8635037430610103,0.8921380489022573,0.8360655737704918,0.275278738946559,1.2580805268402286,204.775956284153,0.559497148317358,0.37110693063393946,350.3497267759563,8.55206187106214,10.617486338797814,2.2076502732240435,28.65573770491803,2.147677285850588,0.978191640955107,0.7727496964177293,7.518347753491196,0.7574535556987416
1248,6,100.86374148558794,24.40527078247152,232.63415884704298,9.532127748983088,0.003880596317247033,0.005350559285817438,0.17490399398853185,5.71742232521899,50.55840568846817,49.29578543330474,38.14069572032688,37.73592509053551,45.929998876679534,43.39175620264802,8.764502166622801,0.9447367137794492,0.19082304334809996,20.48611111111111,1.534722222222222,237337.27527006157,3522.6311728395044,68.62268518518515,8.680555555555555,0.9812846234466237,0.34722222222222215,0.0541685351373625,7.233796296296298,0.9756944444444445,0.06805742402625135,-0.08333333333333269,0.07475567582769883,0.9861332978345758,0.9973924435098963,0.9866452991452991,0.9954906204906204,2.222222222222222e-05,0.9861111111111112,0.0541685351373625,19.325810185185187,188.30285500521566,0.9694772992520947,20.072641296350028,22.414623994480472,1.0438591950165885,22.458483189497063,1.0284282737155874,0.9845690786989988,0.23200339887135882,188.9469489077252,0.9726342170562966,0.9859429910191331,0.014859111373833259,0.9894850438009585,22.404109038281433,0.9740541224999575,156.08641975308643,0.9634964182289285,23.99698978814205,26.67283950617284,1.7592592592592593,27.432098765432098,1.7407599586833962,0.9815006994241368,115.19753086419753,0.7110958695320835,0.8686985596707818,26.541538065843625,0.8501992590949187,0.9583169124069065,0.8223350253807107,0.28048315805517454,1.2184875044943124,106.74619289340102,0.5418588471746244,0.33342781313612824,191.0710659898477,19.792625421938208,22.111675126903553,2.197969543147208,23.309644670050762,2.18275692033863,0.9847873771914222,0.7569091934574168,21.86858432036097,0.741696570648839
1453,1,2331.6420239866366,264.937987628803,5252.743161386474,19.826311841493794,0.000392635937801008,5.477499440881501e-05,0.03797759399555712,26.331315251750464,167.1482591148327,157.17500583151948,84.12166053841132,153.28300851766264,153.46019736169933,80.44097385138572,49.70476369986308,0.5241813527828958,0.32389352128038135,13.55112935670324,1.5671466890770476,94649.21049842992,2015.500488171787,47.42186302703735,3.893676135185569,0.8528746544422122,0.17698527887207133,0.05349084155148117,3.787556170061382,0.9463141286810325,0.1817080470805918,-0.5290166622112822,0.3463564704857164,0.9919718017831225,0.998448116327148,0.9923049878751272,0.9973584286735512,1.662145744478506e-05,0.9720297141718162,0.1736632616773159,12.82888479055573,4228.438904097397,0.9379368001846284,18.760678520521413,21.865473161364637,1.031038092650329,22.19373436731343,0.9985568640815929,0.968080629868501,0.2981380752642052,4419.938911332946,0.9803960944727651,0.9899496638627073,0.010597251517016818,0.9925361400704463,21.783703523110464,0.9607572345482567,3738.2501250625314,0.9350300462887772,19.93483585214318,23.187093546773387,1.4987493746873437,28.044022011005502,1.4570532595290153,0.9665424086404332,3200.975487743872,0.8006441940329845,0.9144399977766662,22.01198877216386,0.8830420373667897,0.8257098893159145,0.8779095300834431,0.20126996965215974,1.139167178562152,2938.617039964866,0.6452826174714242,0.2966716293175593,4272.53271848924,18.661462344512124,21.753623188405797,1.8875713658322355,30.29336846728151,1.8413223775582799,0.9682163688395482,0.8309282437905626,19.67150795393549,0.8027609519084867
1118,1,1366.0211498719787,154.60324951778452,3139.4061758862676,20.306210805259507,0.0004958752347591214,8.736693182893268e-05,0.04437268357160754,22.53638769415928,113.20784611845014,107.69149496954074,63.71952958596739,101.46132419201432,111.30033208514473,56.39263460280901,43.8612366605667,0.5066708566481963,0.3940800161046498,16.340322519047785,1.6739687237651297,181664.31129865654,3285.6812906389687,65.35371672134573,12.453353282872731,0.7748411278643836,0.4151117760957578,0.07978404206007579,11.799882114374583,0.9436628698705736,0.19420024484634907,-0.43648627114063693,0.28377349659129647,0.9861782982432045,0.9933082464895902,0.9866092975452981,0.993194888916463,1.5374510225768806e-05,0.9706158462728998,0.18036318564315726,19.45176750105462,2525.402328763181,0.9608740526031269,17.606676328592904,20.163030453792036,1.0463461180633813,20.798710153579854,1.0257921492439053,0.9800592815257108,0.25304494637011454,2552.0559759449734,0.9709750178717993,0.9850939914658056,0.015782975069358905,0.988887987041251,20.00458504540218,0.969100581153258,2109.9236363636364,0.9590561983471074,18.42471074380165,21.072727272727274,1.980909090909091,34.70818181818182,1.9468536562293064,0.9791126667297323,1623.1818181818182,0.7378099173553719,0.8825342023551845,19.503746323567306,0.863157290678585,0.9258466852536275,0.8245877061469266,0.5102016528925619,1.31960889012278,1463.8350824587706,0.548663824010034,0.47723645673415166,2564.1056971514245,17.52340190474478,20.07046476761619,2.4025487256371814,38.74437781109445,2.364732046047736,0.9801556037797957,0.7662203762064546,16.71824436421245,0.7496209755945857
1239,10,171.01625112939615,15.659422196733402,382.9004983750774,24.451764156084348,0.001179157722466545,0.000494021722219339,0.07905245259962629,12.649828906190413,60.57485958523464,53.98228352934599,47.059468445965884,43.20740741629102,53.92113306010745,47.41804718318356,20.58161983475763,0.8793963422527729,0.38169857839995125,5.615384615384615,1.2307692307692308,10467.692307692309,332.3076923076923,13.846153846153847,0.0,1.0,0.0,-3.2034265038149176e-16,0.0,0.9786324786324786,0.05000172474218074,-0.07692307692307679,0.06560958707889336,1.0,1.0,1.0,1.0,0.0,0.9871794871794872,0.05000172474218074,3.4615384615384617,313.74108260840785,0.9474207108304145,11.374034895353024,13.743804577801097,1.0258683638997192,14.022956243764607,0.9982912889543063,0.9731245408497777,0.26074806280010326,325.5292531309015,0.9829599738969748,0.9914785812989406,0.008520013051512657,0.9935329090250703,13.674016661310219,0.9668328538236459,283.38127090301003,0.947763447836154,11.62617867809085,14.003344481605351,1.3979933110367893,18.013377926421406,1.3612991013084108,0.9733114416117303,245.79598662207357,0.8220601559266675,0.9247723894463026,13.025106837606836,0.90058524389306,0.7263849712632743,0.8952095808383234,0.15017729108175523,1.020455031156529,227.51497005988023,0.6811825450894617,0.23833769586575354,316.437125748503,11.350281472982179,13.718562874251496,1.7305389221556886,20.91616766467066,1.6857470407892958,0.9731224285179935,0.8523993679308052,11.954195775116434,0.8300003739198953
1178,1,1560.089060013563,173.14411458083873,3613.027820696479,20.867170850382,0.00044980661596249284,7.188758995554312e-05,0.04158001496976435,24.050015391460725,109.8919548507438,106.37634590135238,65.7226034110213,98.1688356211306,112.63871760401868,62.371549847445344,40.06180832471112,0.5537310009752816,0.3556664100664602,7.007370458463986,1.2366271607417358,51850.172506806026,1064.091438729938,22.46378626356165,0.7631257631257632,0.973733583489681,0.030525030525030524,0.009045743512220008,0.7510126557745606,0.9802168501294107,0.07517409062101789,-0.4965863095314567,0.24177046522567908,0.9987809492601826,0.9997634452067186,0.998825960364422,0.9995983548615127,1.9536019536019537e-06,0.98992441295983,0.07395308940001669,5.806728006671853,2872.0205092962865,0.960369088460639,12.998972038692695,15.290572294570392,1.0582409904541623,15.714212857891198,1.0375124234196875,0.9798119648780499,0.2792168200698525,2883.910917449732,0.9643141829028571,0.981469793744162,0.02006989367574032,0.9862724874679425,15.185494888821669,0.9662195853241233,2290.389816360601,0.9559222939735397,14.53920052480344,17.01627712854758,2.3468280467445743,24.279215358931552,2.3155717245088203,0.9774953200477364,1689.1377295492487,0.7049823579087015,0.8645525896274071,15.401802172265139,0.8442358202460163,1.0556674198186946,0.7863472267804398,0.7295999384059688,1.4828291869619135,1503.5887758450936,0.49346530221368345,0.608053523999729,2927.403019363308,12.86889383899048,15.145060715457827,2.8037413849688217,26.25303577289137,2.769987289806852,0.9800095641168238,0.7245284979761514,12.5435307953178,0.7079789769126738
2095,7,209.40746328733738,29.09859208679444,478.90768231268146,16.45810494487876,0.0015664600900944532,0.0008718482801261105,0.09553158244291485,10.467742441067095,59.95722860875295,55.70771264191185,46.81868855287263,44.02181343100846,52.19760163223674,45.36264873351994,16.222804188134635,0.8690561886947772,0.3107959691794649,1.0,1.0,0.0,0.0,0.0,0.0,1.0,0.0,-3.2034265038149176e-16,0.0,1.0,-3.2034265038149176e-16,0.0,0.0,1.0,1.0,1.0,1.0,0.0,1.0,-3.2034265038149176e-16,0.0,387.4366331445911,0.9610121173094058,6.0273035864553135,7.809213066621455,1.044441715621427,7.853654782242881,1.0246674243413965,0.9802257087199694,0.2566013586587589,391.9792845873169,0.9721662964882286,0.9857062253150274,0.015047972684109855,0.9893121731258703,7.798525239747324,0.9695378818458396,325.33431085043986,0.9540595626112607,7.101332117886843,9.049853372434018,1.8973607038123168,9.947214076246334,1.873983531767526,0.9766228279552092,256.12609970674487,0.7511029316913339,0.8896309872922776,8.939484359726295,0.8662538152474868,0.8961482998405939,0.8337408312958435,0.45876798445145817,1.2909276243840602,230.2713936430318,0.5630107424035007,0.4584621086674518,393.278728606357,5.942396327138168,7.711491442542787,2.3398533007334965,9.051344743276283,2.3203627978795263,0.9805094971460301,0.7771115186090736,7.488602961151861,0.7576210157551038
1177,1,226.80311611996004,31.48621138008363,512.1593277060828,16.26614652120532,0.0015326318281420007,0.0008345991282664507,0.09415122512972822,10.621210702485595,64.44684625233191,60.59283043530587,44.431837043572614,51.030971538393665,57.05940322222927,47.12396886577466,18.80803737300739,0.825875599894393,0.32962204844231763,1.0,1.0,0.0,0.0,0.0,0.0,1.0,0.0,-3.2034265038149176e-16,0.0,1.0,-3.2034265038149176e-16,0.0,0.0,1.0,1.0,1.0,1.0,0.0,1.0,-3.2034265038149176e-16,0.0,417.8227146963948,0.955107114944597,22.508674522754923,25.342821044216205,1.0386991438383733,25.381520188054576,1.0158707732838592,0.977171629445486,0.27366288618489976,426.8260196528918,0.9756799030886996,0.9874978294842855,0.013204110701162536,0.9907163835279692,25.333537427744172,0.9678880129734554,357.41909814323606,0.9480612682844458,26.03146437391384,29.246684350132625,1.6153846153846154,29.862068965517242,1.5888952542661996,0.9735106388815842,284.82493368700267,0.7555038028832962,0.8921124373710582,29.138796787503683,0.8656230762526422,0.9004063434011175,0.8510158013544018,0.2346037754434352,1.2200869744694398,259.7268623024831,0.5862908855586525,0.35032025640894987,423.3566591422122,22.23293876656696,25.03837471783296,2.106094808126411,26.14446952595937,2.083551943246856,0.9774571351204452,0.7926856032104339,24.831060321043392,0.7701427383308791
2098,6,124.92183447201195,28.37193303411522,290.04367512659786,10.22290849121352,0.003240551222792486,0.0037311269628076053,0.15510055165238681,6.447430324046891,52.446087220744424,49.29448490974293,37.63216925726919,37.497736514381046,46.816044420196974,45.235352457490684,11.899331799984683,0.9662361059700216,0.2541720888074682,1.0,1.0,0.0,0.0,0.0,0.0,1.0,0.0,-3.2034265038149176e-16,0.0,1.0,-3.2034265038149176e-16,0.0,0.0,1.0,1.0,1.0,1.0,0.0,1.0,-3.2034265038149176e-16,0.0,236.4178998488067,0.9834962687399434,4.753074602896227,6.192376413846905,1.045528473506357,6.2379048873532605,1.037220671244202,0.9916921977378449,0.17685276103164546,233.32904194677764,0.9703894901590595,0.9851828499369483,0.014805254920470298,0.9886178816234108,6.180994295470314,0.9803100793612558,196.04,0.9802,5.702400000000002,7.24,1.8,8.04,1.790016,0.990016,142.65,0.71325,0.8696444444444444,7.109644444444444,0.8596604444444443,0.8864448629353864,0.819672131147541,0.3116,1.2183541331529524,130.47540983606558,0.5347352862133835,0.3843724805159904,240.0327868852459,4.682612201021231,6.114754098360656,2.30327868852459,7.418032786885246,2.295095081967213,0.991816393442623,0.7540129781420765,5.868767076502732,0.7458293715846994
2011,8,102.90867688766048,12.970247833271698,231.33815909245632,17.836063124331382,0.00207970830109368,0.0015367637115710066,0.11539908507222273,8.665579968629284,52.853500459382026,52.853500459382026,41.790529963261754,36.14194026072675,48.96048670005256,41.01422961024645,9.631028621471833,0.8377006107294767,0.19671023044510488,19.909090909090907,1.7272727272727273,35746.90909090909,744.7272727272729,46.54545454545453,0.0,1.0,0.0,-3.2034265038149176e-16,0.0,0.9595959595959596,0.0834814394594987,-0.09090909090909087,0.08335131007694091,1.0,1.0,1.0,1.0,0.0,0.9696969696969696,0.0834814394594987,11.636363636363633,186.65083275018762,0.9415794197436043,42.19715461121484,46.52638221800617,1.0429535965791334,47.296608541858035,1.0119379843614567,0.9701480241459598,0.3206368955592358,192.95179912239263,0.973203238010057,0.9862227324913891,0.014551959566159347,0.9896954591570951,46.33425949534509,0.9601343923939643,157.22754491017963,0.9414823048513751,46.96561368281401,51.58682634730539,1.7904191616766467,63.58682634730539,1.7425703561639736,0.9700865238286442,123.44311377245509,0.739180321990749,0.8830988023952095,48.66752994011976,0.8576691585591832,0.9350533227886517,0.8308457711442786,0.34178349887052245,1.3167068627064564,112.55223880597015,0.5599613870943788,0.389099279720799,189.26865671641792,41.83025172644242,46.134328358208954,2.2338308457711444,65.9950248756219,2.174207211340217,0.9701793506436994,0.7722153123272526,41.24982725262576,0.7498454092396089
1183,2,195.58399417114225,46.76266527302753,449.85116298300557,9.619878600941881,0.0027651649824232,0.0027167166409382743,0.13953445089682262,7.166688897062706,57.82732821938357,57.71100294432466,41.97522834524881,44.58520000226812,53.219871442800134,48.30077809955046,14.219147745473043,0.9075703640408709,0.2671774162542943,1.0,1.0,0.0,0.0,0.0,0.0,1.0,0.0,-3.2034265038149176e-16,0.0,1.0,-3.2034265038149176e-16,0.0,0.0,1.0,1.0,1.0,1.0,0.0,1.0,-3.2034265038149176e-16,0.0,372.01595812583037,0.9894036948873377,7.623227537623817,9.042895418511122,1.0488225522577415,9.091717970768865,1.0435085402227935,0.9946859879650523,0.16840236352464413,364.5174342984995,0.9693798714429597,0.9842931937172776,0.01652113202916605,0.9882502056329602,9.03114562414408,0.9829361935980123,304.0194805194805,0.9870762354528588,9.296002698600102,10.818181818181818,1.9025974025974026,11.720779220779221,1.896110443159506,0.9935130405621035,215.16883116883116,0.6986001011975038,0.8616242784992786,10.679806096681096,0.855137319061382,0.9252433658891833,0.806282722513089,0.36435317928824423,1.2435051806367943,198.2931937172775,0.519092130149941,0.40914448617088345,378.0157068062827,7.503741673747978,8.916230366492147,2.392670157068063,10.30890052356021,2.387439833751644,0.9947696766835809,0.7394560791157649,8.65568644560791,0.7342257557993458
1248,2,206.33547116087277,48.127876647949556,471.44230498898673,9.795618211822193,0.0026526438097724666,0.0025001157845635485,0.13572297604845993,7.367949253064932,60.19162535881129,58.87471238708933,42.362141446342854,45.60701768356303,51.31677827076575,47.00755472068537,19.076852643523107,0.9160270052936026,0.3717468883737553,10.879120879120878,1.3186813186813187,67435.62797552306,1312.7068849517839,31.68602825745684,0.0,1.0,0.0,-3.2034265038149176e-16,0.0,0.9811616954474098,0.04551329066017869,-0.07692307692307675,0.06407039223588624,1.0,1.0,1.0,1.0,0.0,0.989010989010989,0.04551329066017869,7.921507064364207,383.0076708385587,0.961030960647584,16.38648104769085,18.872268839034547,1.034533017809324,19.430694630736646,1.0140928382394045,0.9801419235121838,0.22513775384292692,390.04283897940746,0.9785922612328094,0.9889291849589618,0.011854085262914189,0.9918039326856232,18.73309957824698,0.9720913819683331,333.28242074927954,0.9604680713235721,16.623176008437905,19.135446685878964,1.553314121037464,27.461095100864554,1.524527697726545,0.9798495036823568,266.6023054755043,0.7683063558371882,0.8985951008645533,17.090958213256485,0.880603586295229,0.8105179827050935,0.8610421836228288,0.2045029856572183,1.103603786150696,245.22332506203475,0.6084946031315999,0.2794303271370429,387.317617866005,16.363378876786385,18.846153846153847,1.9379652605459057,33.168734491315135,1.903264405845051,0.9801709401709401,0.8068651778329198,15.30686517783292,0.7907540667218086
1395,2,1840.6352824400437,203.60481149299846,4226.365298263061,20.75768871703897,0.0004180830424166304,6.210511234295393e-05,0.039601270310692264,25.251715214044584,127.12948494335555,119.52165809543438,69.01350096766409,115.64635921021745,123.92622967555681,64.04338611431858,43.03991286558011,0.5167863678414683,0.3473026894972929,11.10439705281105,1.5522692659060608,83068.70666110345,1700.3154862521317,41.6979478902734,7.670087127076907,0.5107905736117779,0.30953932637463605,0.09468680632815309,7.514810390657759,0.939034446548348,0.22225771749931006,-0.41758644881345014,0.30021763520328687,0.9866143906138999,0.9970247134666281,0.9871665647347782,0.995378477671207,2.8161027245895495e-05,0.9683973844843456,0.20619148962975897,12.342008754337577,3313.62909498465,0.9375205595305741,16.6466185587363,19.61706944733881,1.0526597366466837,20.234007292822717,1.0195330855949953,0.9678529905198409,0.34110173912308095,3419.3448020493825,0.9674016660344648,0.9831603723119717,0.018057718261138042,0.9874922861066715,19.463492206236175,0.9555901870193948,2684.496872828353,0.9327647230119365,17.931429318580342,21.10250173731758,2.0719249478804724,31.485059068797778,2.020948042453116,0.9653217284887106,2035.066018068103,0.7071111946032324,0.8660791440347707,18.82739487254994,0.835090258095272,1.0989292955196992,0.8005563282336579,0.511595840289445,1.477160554599036,1840.1165507649514,0.5118543952058279,0.5115034983296612,3371.8812239221143,16.534942945405938,19.48817802503477,2.5788595271210015,35.705702364394995,2.5213925819168113,0.9680738250467945,0.7370071859063515,15.714800417246176,0.7111577708519151
1178,2,1581.0813972175526,129.23940933111442,3624.7532385842956,28.046810623357093,0.0003341199119548654,3.966495470993338e-05,0.034103764518744875,29.322276121463293,121.22076659100802,116.72632188602472,62.794320982057,111.56773893451565,124.57761469374704,60.18035546810893,41.354270261660275,0.4830751946571793,0.33195586834217966,10.075852908946986,1.3451803003456424,87002.29603757647,1681.2861365055205,34.18946657217163,1.8687516021532942,0.9576381340219486,0.06921302230197385,0.018664148404847432,1.8352258748715504,0.9727512551961125,0.09761242346336803,-0.38910240981218425,0.22956723610167715,0.9974400662984202,0.9987648700580612,0.9975281063463581,0.9987415814126913,3.516385830512313e-06,0.9859338217964211,0.0950489781929246,9.01455454358123,2947.420966187598,0.969889562189861,10.975254581795635,12.97130221422925,1.0492032477801572,13.436758140998034,1.0334027951102365,0.9847304818696055,0.2326198288509323,2944.470557324132,0.9688943548584109,0.9841072140294939,0.016599698486013382,0.9880946594373952,12.855333703919484,0.9729578749418822,2447.266825019794,0.9688308887647641,11.361141045243482,13.399049881235154,1.9564528899445763,20.865003958828186,1.9323348401118163,0.9841848853555675,1849.9422011084719,0.7323603329803927,0.8795983805460251,11.651272964869063,0.8658589996986743,0.9186852390207868,0.8180051813471503,0.4619805174247995,1.3393527963366587,1655.7810880829015,0.53619853888695,0.5248513382909608,2995.4306994818653,10.926654805330344,12.917422279792746,2.522020725388601,25.089054404145077,2.493236243655493,0.9847992062757746,0.7578739807667454,10.012893410818558,0.7460691090447404
1239,3,608.2853483285108,36.60976633457792,1378.643911778871,37.657817839627725,0.00040350029790501565,5.7848215388302516e-05,0.03867497026950284,25.856516321320882,84.59290556910538,78.79176575967428,54.30711053264743,75.13188516354525,79.51504082693688,51.01872424894848,40.630162295831894,0.6416235685521416,0.5109745511451442,8.117216117216117,1.3205128205128207,55333.27402637314,1170.5143322286178,27.65131693703122,3.7142857142857144,0.9202279202279201,0.14285714285714285,0.02855633281852854,3.4489795918367347,0.9716985489386166,0.08539229918051051,-0.15450669350533247,0.11153173047430066,0.9945136104663431,0.9989342078294732,0.9947089947089947,0.9981916817359855,8.127966707848364e-06,0.9849253310791772,0.07989779368600504,7.841400662829233,1145.044291685799,0.9750168752859222,10.149348527812588,11.974111907191702,1.0349483865884144,12.295997886078974,1.0219298422990255,0.9873750600896221,0.19246484989603513,1147.6442170146945,0.9772077054905615,0.9885392385392383,0.011590509651329978,0.9913360797959357,11.893713588912922,0.9788095409803105,993.3081452404318,0.9747871886559684,10.486726677908742,12.328753680078508,1.57801766437684,17.19332679097154,1.5593965135982342,0.9872588978448732,773.6908734052993,0.7592648414183506,0.8943904699596554,11.151505288409115,0.8831193799603985,0.7849658735822884,0.8577441077441077,0.2188140733328775,1.0917144180835434,713.3131313131313,0.600431928714757,0.29672992551780436,1158.355218855219,10.11980636896462,11.942760942760943,1.9814814814814814,20.27777777777778,1.9587845297083335,0.9873902023469282,0.8006336513280958,9.9050107557052,0.7905456422050431
1201,4,270.8490210953061,50.517523783369974,619.1191884451393,12.255533171025085,0.0018501448097093922,0.001216224337086341,0.10674262937697056,9.368328341139284,64.58740223045633,63.44772268847127,46.16509023042268,50.67859584224785,56.241480265859174,50.30009194515266,18.39435952686486,0.8943593182003572,0.32706037323187187,1.0,1.0,0.0,0.0,0.0,0.0,1.0,0.0,-3.2034265038149176e-16,0.0,1.0,-3.2034265038149176e-16,0.0,0.0,1.0,1.0,1.0,1.0,0.0,1.0,-3.2034265038149176e-16,0.0,508.53393770098415,0.9734844330668666,15.368864431221454,17.415882857209837,1.0390292758862676,17.45491213309611,1.025644186906528,0.9866149110202601,0.20815063388158186,509.8066621366776,0.9758393864152931,0.9874945470408609,0.013395986785696997,0.9907396001300033,17.406622457339836,0.9773545111502633,432.17488789237666,0.9690019907900822,17.9629843753142,20.22645739910314,1.6793721973094171,20.905829596412556,1.663695438082352,0.9843232407729352,333.07174887892376,0.7467976432262865,0.8876121076233184,20.11406950672646,0.8719353483962538,0.8583298499496758,0.8431001890359168,0.2725421786080557,1.1489936774463663,305.4499054820416,0.5774100292666192,0.3177232785760485,515.1474480151229,15.178261941602553,17.20982986767486,2.0737240075614367,18.283553875236294,2.060506928893628,0.9867829213321913,0.7851948120142827,16.995024679689138,0.7719777333464739
1239,18,111.10936076370949,17.664852287315693,249.52971249538655,14.125774075935082,0.00252843430795299,0.0022714626252218896,0.13145240366107908,7.607316200761749,52.338407769746226,50.350422307943624,36.83653901437634,41.79186585989604,46.81858731446121,42.521402283001095,13.18217246744523,0.9082162602942783,0.2815585267215774,8.254545454545454,1.3454545454545455,15771.21047272728,478.8829090909092,21.003636363636364,0.0,1.0,0.0,-3.2034265038149176e-16,0.0,0.9709090909090908,0.06562982680794167,-0.0909090909090908,0.0794601683260484,1.0,1.0,1.0,1.0,0.0,0.9818181818181819,0.06562982680794167,5.250909090909091,197.89803172316462,0.9201310422989144,19.593064346343088,23.13250611502395,1.0277610697268602,23.59459229360422,0.9852847292066714,0.958609472251945,0.33704162709718005,211.43814541125013,0.9829595449451805,0.9911378943637009,0.009588003667623586,0.9934648040634039,23.017389641874004,0.9523457295083824,176.59375,0.9197591145833334,20.280815972222225,23.875,1.4114583333333333,30.520833333333332,1.3543001302083333,0.9584277343750002,151.07291666666666,0.7868381076388888,0.9087094907407408,22.225115740740744,0.8710337094907407,0.8505664727556157,0.8847926267281107,0.13408745659722224,1.08514355183767,141.38709677419354,0.6515534413557307,0.19575697084244728,199.67281105990784,19.543247892289067,23.078341013824886,1.7096774193548387,34.82027649769585,1.6407171658986175,0.9586203917050692,0.8328213005632361,20.15309779825909,0.7983368535586278
1523,5,280.0572100751759,42.06831339642716,628.5703948511036,14.94165903272195,0.0015060842986400025,0.000805936468470514,0.0930608330735907,10.745659231410698,64.42273047482048,60.53026333211638,52.31183575155848,46.647615853866036,54.39563385252648,50.5902873457667,24.527262785260575,0.9300431627090409,0.45090499086300057,12.544871794871796,1.4294871794871793,94273.79042022792,1687.7314814814813,37.94658119658119,0.0,1.0,0.0,-3.2034265038149176e-16,0.0,0.9668803418803418,0.08183379015015256,-0.1538461538461532,0.12332330970704572,1.0,1.0,1.0,1.0,0.0,0.9807692307692307,0.08183379015015256,9.486645299145298,491.87789885425366,0.9082987547233995,21.568712005430896,25.51442648690681,1.030325309568568,26.1807335699837,0.9818656069466548,0.9523965125551511,0.3924641517486881,530.7509372483122,0.9800345753293449,0.990015468991703,0.009982712335327593,0.992418672607858,25.347849716137585,0.9450292389572752,432.01255230125525,0.903791950421036,21.836382416274226,25.92050209205021,1.4623430962343096,35.65899581589958,1.399738120606261,0.9499225255958665,368.4728033472803,0.7708636053290383,0.9006857275685728,23.502150162715015,0.853740128470418,0.9440083656417785,0.8738574040219378,0.15280282207944537,1.2019297282192771,342.9195612431444,0.6269096183604103,0.23242616365149443,497.0329067641682,21.54451904855803,25.478976234003657,1.8190127970749543,42.51005484460695,1.7497086426625548,0.952590344984425,0.8175908998578103,21.243550680479384,0.7756548696914412
1508,1,1224.7041459960972,89.89867738339952,2811.5644099401584,31.274813954708254,0.00034021723461785365,4.1125848046010494e-05,0.0345174169695208,28.970881595311994,110.1039589694163,105.47872653299534,58.48760639612281,102.96407983078969,115.12094895965782,50.36686977969877,40.84824814707783,0.4375126354921638,0.3548289734945844,15.241277333088748,1.4636066993387091,180658.6463140287,3000.5857469755606,53.48597422252639,3.0427008888547347,0.8959074912016087,0.09508440277671046,0.02092599172026403,2.9776276815391545,0.9694902683230178,0.10028187357114612,-0.26409702719794714,0.18249460105549492,0.9970315113279467,0.9985600090445552,0.9971186544613118,0.9985371630342045,2.9017456902072283e-06,0.9840265968522792,0.09731048598437395,14.132168777845282,2308.9324597626564,0.9802136244693773,10.130624271678782,11.872552774519189,1.0473827361388865,12.559353152429082,1.0368115970972978,0.9900160213273467,0.19445337873161475,2285.7601902257406,0.9703249150351112,0.9847568819140726,0.016092962531680553,0.9886294550454942,11.701327819121929,0.9787922664650749,1926.367617107943,0.9808389089144313,9.8104786358112,11.525458248472505,1.836048879837067,21.779022403258654,1.81773577283668,0.990334749083129,1425.459266802444,0.7257939240338309,0.8761722109074451,9.66277551482236,0.8681037046595893,0.8864474134375622,0.8210702341137124,0.35271340337894735,1.272980780079806,1287.8804347826087,0.5384115530027628,0.45496974306775095,2344.4816053511704,10.171161396404962,11.91638795986622,2.4046822742474916,32.424749163879596,2.377115637985203,0.9899757686318951,0.7586872909698996,8.415320512820513,0.7516564064686595
1252,11,182.78468909456387,18.94407141876687,424.58107424132,22.41234552255279,0.0012216799283994,0.0005302945008815626,0.08094170987293914,12.35456974617638,53.43865399761187,50.42547458579072,40.47729036357149,39.85574045655649,44.333012048527024,41.53979517141543,16.199751634161792,0.9369946514336961,0.3654105797374991,29.964285714285715,2.903159340659341,26815.123031896328,879.4090174016036,73.02784046310832,6.778846153846154,0.8640129101667563,0.4519230769230769,0.12789095834132513,5.8545673076923075,0.7966315083725799,0.4951129464813466,-0.36718535587051676,0.3840179577412962,0.9700051055139551,0.993974358974359,0.9717548076923077,0.989957264957265,0.00013390313390313388,0.8580586080586081,0.46498474135314155,19.95167165423862,294.7015792885691,0.8366814241754217,23.13400320912105,29.149257682412212,1.040764103063332,30.70132808870148,0.9463056702010777,0.9114451073847222,0.5714981224144637,342.8557026829191,0.9732904386350193,0.986640810170222,0.013354780682490434,0.989808974234167,28.761240080839897,0.9027299666806333,252.7391304347826,0.8452813726915807,23.048265679354817,28.782608695652176,1.648829431438127,50.752508361204015,1.482230525362319,0.9166865245261985,214.81939799331104,0.7184595250612409,0.8732116313638053,25.22075901151988,0.8033163641536603,1.2123286273483298,0.8375350140056023,0.2232413507678885,1.5217010738664556,199.26330532212884,0.5581605191096046,0.3331371764392031,298.249299719888,23.206553209519104,29.26890756302521,2.1484593837535013,77.56022408963585,1.87499839519141,0.9106907971521943,0.769102085278556,22.01420012449424,0.707229638383131
1453,21,39.93589764403989,7.125315071105131,87.8055061766311,12.323034883426219,0.004885921784638928,0.008481941384692097,0.20393812509519277,4.903448041082202,50.355472527624194,49.79310509229849,37.11162861076376,35.64267158702993,35.72957382860747,31.393925696184077,9.40582389826358,0.8786537966217782,0.26325038029792147,1.0,1.0,0.0,0.0,0.0,0.0,1.0,0.0,-3.203426503814917e-16,0.0,1.0,-3.203426503814917e-16,0.0,0.0,1.0,1.0,1.0,1.0,0.0,1.0,-3.203426503814917e-16,0.0,77.41666666666667,1.0,0.0,1.0,1.0229870129870131,1.0229870129870131,1.0229870129870131,1.0,0.05352466342697527,76.27865800865801,0.9850544330128744,0.9925213675213675,0.007472783493562715,0.9942532467532467,0.9942532467532467,0.9942532467532467,72.0,1.0,0.0,1.0,1.2777777777777777,1.2777777777777777,1.2777777777777777,1.0,62.583333333333336,0.8692129629629629,0.9459876543209877,0.9459876543209877,0.9459876543209877,0.41398089365521756,0.9230769230769231,0.10416666666666666,0.7061347411336035,58.48717948717949,0.7498356344510191,0.22419460880999342,78.0,0.0,1.0,1.6153846153846154,1.6153846153846154,1.6153846153846154,1.0,0.8888888888888888,0.8888888888888888,0.8888888888888888
1252,2,579.5861850281409,83.3709809735778,1325.8038669408236,15.902462121214594,0.0009743636041221682,0.00033732175603093167,0.06961157352780409,14.365427317924114,79.9240586057404,76.01275223178155,55.10152829222975,66.40482009173974,71.2233416099445,52.02977414776206,31.745888786004073,0.730515768730759,0.4457231024045575,34.37987461256693,3.024483422560346,61277.01221893945,1948.9794036191329,99.65326977277702,11.965492627031088,0.7594362496680567,0.598271813656429,0.16611689599868842,10.918922383565945,0.7848259351412634,0.5883111200789828,-0.6431759597536246,0.577087444586873,0.9679275825671557,0.9932683214321896,0.9695325409000622,0.9891888315241204,0.00010380275995385495,0.8663331012878523,0.5561352517040195,27.90469059995203,970.7227061942007,0.8687489361442656,24.43224524964734,29.747118801870144,1.0394226969942477,31.190438138782213,0.9651436721902549,0.9300539895167412,0.4951685030703962,1088.7192132918337,0.9743164890674538,0.9870888828486001,0.013045771993270377,0.9902207065248696,29.386365348415556,0.9213579496217947,842.9791231732777,0.8799364542518556,23.767361761847273,28.66910229645094,1.6325678496868476,51.217118997912316,1.5014328655377713,0.936505290084796,714.6012526096033,0.745930326314826,0.887241649269311,24.575973961957782,0.8360320318965837,1.093610444262774,0.8462897526501767,0.23632219176171654,1.4596407491115597,653.1095406360424,0.5769518910212389,0.3608110976538601,982.404593639576,24.48877810935334,29.83745583038869,2.1448763250883394,71.5,1.94935422392357,0.9295324292195611,0.7857405771495878,22.03009668237142,0.7387084993480589
1292,1,386.0470105590523,39.637231742872295,877.9389658759001,22.14935118504521,0.000859670239019093,0.00026258265210068104,0.06403567770660051,15.616294475429974,67.09510693787513,64.12480874813626,48.66200095952048,56.528931488521145,60.6851090969162,50.97241887197197,30.76196296333209,0.8399493653470618,0.5069112245345754,22.554849498327762,1.6531772575250836,167593.68062942426,3037.6931793565186,69.09362221899084,0.0,1.0,0.0,-3.2034265038149176e-16,0.0,0.9640511851097862,0.08735184242955363,-0.1538461538461534,0.12601782406173756,1.0,1.0,1.0,1.0,0.0,0.9789297658862876,0.08735184242955363,17.27340555474771,717.8852944112548,0.9641158282266766,17.242344537081923,19.698452196778423,1.0393955298314315,21.99285930190187,1.0189331628665188,0.9817397927765834,0.22521025150770735,727.0014463026522,0.9762892713009677,0.9875535604978576,0.013912668508836877,0.9909130319320022,19.428378566603726,0.9729076944957994,621.2535211267606,0.9722277325927395,13.344574489188652,15.408450704225352,1.705790297339593,59.339593114241005,1.6495072867762128,0.9859292473591549,490.0735524256651,0.7669382667068312,0.8973114458355068,12.568156516258043,0.8859141361964225,0.79921781717831,0.8474801061007957,0.31346416177468217,1.1784840048259972,444.2944297082228,0.5892499067748314,0.35416417479895024,726.5198938992042,17.512189630546896,19.9946949602122,2.1061007957559683,69.94429708222812,2.03985255719496,0.9814504932029178,0.7950906277630415,12.101456675508402,0.7840492546695402
1178,8,128.5140643463749,27.563109418242394,291.78491296922135,10.586066634996781,0.0031200318256392108,0.0034587589361877473,0.1512307472513863,6.612411947801396,53.126710096749726,51.505725653735595,38.14138614482472,37.25801982621181,43.76611352875461,42.53281401540312,12.710738437497135,0.9718206755429357,0.29042419837315686,1.0,1.0,0.0,0.0,0.0,0.0,1.0,0.0,-3.203426503814917e-16,0.0,1.0,-3.203426503814917e-16,0.0,0.0,1.0,1.0,1.0,1.0,0.0,1.0,-3.203426503814917e-16,0.0,245.8542236884481,0.9919627201753651,9.648754429474206,11.083267946633235,1.038295623775442,11.121563570408682,1.0342623165967884,0.9959666928213468,0.133551384183341,241.6389036091931,0.9748768990492338,0.9874348758810911,0.012561550475383064,0.9904260940561396,11.073694040689377,0.9863927868774862,212.00934579439252,0.9906978775438903,11.167198008559698,12.677570093457945,1.6682242990654206,13.345794392523365,1.6635532710280374,0.9953289719626169,168.3551401869159,0.7867062625556818,0.9059826064382138,12.583552699896158,0.9013115784008308,0.7138305912151681,0.852589641434263,0.2925364660669054,1.0975750117090481,151.3824701195219,0.6031174108347487,0.4111998222250441,249.00796812749005,9.527626545610387,10.95617529880478,2.1713147410358564,12.127490039840637,2.1673322709163347,0.9960175298804781,0.805112881806109,10.76128818061089,0.801130411686587
1281,3,569.3685863062701,58.071840974413675,1284.9312084601577,22.12657954181779,0.0007113295355117948,0.00017978105699586192,0.056439259860878846,17.718162896979358,79.49998551968797,75.81187433061704,61.539764919822694,60.313847358477865,67.9509344201972,64.42484869231932,33.9120882422187,0.9481083555661921,0.49906728335054273,10.473251748251748,1.8450174825174825,40324.993884398,1131.7808371796077,46.76898879529562,26.708916083916087,0.7337362821525718,0.948776223776224,0.17509398858841088,22.672358153210432,0.9048958594616062,0.2843117853626431,-0.11691614079231359,0.132047495672145,0.9625842557260718,0.9905064775182901,0.9640457058797439,0.9864225434491979,7.192354131129641e-05,0.9448634698634699,0.24682427287513078,18.369476219802927,1016.7110610969249,0.9235720261290845,18.006406330193915,21.443957339704486,1.0311464756191027,21.77955792202043,0.9908384044305009,0.9603209662219285,0.32686174972618526,1079.5431859518997,0.9806178991250637,0.9899695628112894,0.01072945003299562,0.9926025963653552,21.360446409395625,0.9530808219399167,897.3627049180328,0.9194290009406073,19.06449459150766,22.688524590163933,1.4877049180327868,27.630122950819672,1.4365796931376067,0.9580770342837928,778.3872950819672,0.7975279662725074,0.9129792805100182,21.488030510018216,0.8733568795885543,0.8614267379193219,0.8776978417266187,0.18959957000806235,1.1655559196436056,714.9460431654676,0.6429370891775787,0.2845058485585632,1027.4046762589928,17.917194212256096,21.339028776978417,1.8741007194244603,30.031474820143885,1.8184591491823145,0.9605120357986416,0.8295660971223021,19.21400854316547,0.7941165344311404
1265,4,267.7753136901649,39.08256649780768,606.0732017810278,15.507507722529564,0.0014778165188477285,0.0007759670490939581,0.09189271714224752,10.882255211281066,69.01816350798006,68.50625439999027,53.36652492374071,51.356013071517125,66.3227974941329,55.85305157689009,19.874503285851223,0.8421395611641834,0.2996632234581084,1.2087912087912087,1.1043956043956045,776.5900746483835,46.14711818793451,3.400313971742542,3.9670329670329667,0.9171597633136095,0.20879120879120877,0.04551329066017868,3.400313971742542,0.9803767660910517,0.056502301649189644,-0.0016441563518745901,0.009651994062434811,0.9890413453949366,0.997892118508484,0.9895604395604395,0.9964001515725653,3.044047365377005e-05,0.989010989010989,0.04551329066017868,1.8418367346938778,485.8394933924432,0.939725783693741,16.969580112499106,19.853783631667604,1.03553785170496,19.88932148337257,1.0046554670544328,0.9691176153494729,0.3081697205863439,505.4821205559317,0.9776398318201635,0.9885277246653921,0.012064174689634997,0.991446175702271,19.845229807369872,0.9605637910517437,416.96875,0.9307338169642857,19.495769889987244,22.756696428571427,1.609375,23.366071428571427,1.573737661577205,0.964362661577205,343.0669642857143,0.7657744738520408,0.8974144345238095,22.654110863095237,0.8617770961010145,0.9201011880669393,0.8565965583173997,0.24652722417091832,1.19791329792215,314.51434034416826,0.6013658515184862,0.29726281308380464,491.82982791587,16.779771066322038,19.636711281070745,1.9827915869980879,20.619502868068835,1.9522647655575294,0.9694731785594414,0.802169640960272,19.438880922031018,0.7716428195197133
1453,3,1020.4133846739936,167.06090515517553,2312.338015600081,13.84128748406009,0.0008476623913055401,0.0002552983900990373,0.06343798190655409,15.763427050265058,94.4880212706053,92.30203996688738,67.09505221491469,85.17652385614855,86.73225689258952,58.92558046401468,45.55574921507148,0.6793963696458282,0.5252457487816601,11.240010843046898,1.5283921012573765,43007.91432712352,1180.9870756777223,36.40203633072881,2.769230769230769,0.8426116008533591,0.13846153846153847,0.04066839586141277,2.643076923076923,0.9444282238173582,0.1638495144716297,-0.30843441360375196,0.2281226123233102,0.9930941876079034,0.9986692788230511,0.9934065934065934,0.9977301387137453,1.7307692307692306e-05,0.9701188564755926,0.15692643754855284,9.792816774989895,1864.0859023158648,0.9461623650829923,12.544308100663342,15.051309019790441,1.0354603747601856,15.447883118277465,1.007058238277787,0.9724167154988413,0.2805782202774265,1926.0714617303493,0.97760124831438,0.9885368018835153,0.012090648497951969,0.9914641175128159,14.95249470637155,0.9640855460069673,1618.6406067677947,0.9443644146836608,13.167422108274367,15.749124854142357,1.5851808634772462,21.468494749124854,1.545012511386195,0.971473799907827,1321.4644107351226,0.7709827367182746,0.8999925450538052,14.650802865292363,0.8737300967391919,0.8658667557246558,0.8600100351229303,0.23313021053878483,1.1896014269744668,1210.64174611139,0.6074469373363722,0.3226103202654348,1885.8790767686903,12.506190130081478,15.00903161063723,2.007526342197692,26.61364776718515,1.955960131470952,0.9724634713919681,0.8063483302670457,12.902016502202153,0.7831504942637807
1453,28,40.95989501952809,7.978646217345439,92.82924914535191,11.63471178149781,0.005033000986731498,0.009000285318289511,0.2080105803781051,4.807447766273617,43.03670087148628,40.79210942118284,28.722046161657126,32.15960246680226,44.2830677633359,33.194775675063276,9.169229476556554,0.7496042472140299,0.2070594911255946,1.0,1.0,0.0,0.0,0.0,0.0,1.0,0.0,-3.2034265038149176e-16,0.0,1.0,-3.2034265038149176e-16,0.0,0.0,1.0,1.0,1.0,1.0,0.0,1.0,-3.2034265038149176e-16,0.0,76.92535390935956,0.9749675705212596,7.822634212106392,9.556944408855633,1.0451007020960386,9.602045110951673,1.0324425003077904,0.9873417982117519,0.19160010443738634,76.94133569073608,0.9748529356244958,0.9862500000000001,0.016365083434289555,0.9901868127800839,9.547131221635718,0.9775286109918362,68.02857142857142,0.9718367346938775,8.801020408163264,10.642857142857142,1.4857142857142858,11.128571428571428,1.4714497041420116,0.9857354184277262,55.48571428571429,0.7926530612244898,0.9103174603174603,10.553174603174602,0.8960528787451864,0.7109294084354938,0.875,0.17959183673469387,1.0334537636355796,50.7,0.63375,0.29937500000000006,78.025,7.71484375,9.4375,1.925,10.3625,1.9125184911242603,0.9875184911242604,0.8243055555555555,9.261805555555556,0.8118240466798159
1537,3,211.96363485704748,38.39920921322949,481.8440187047606,12.548279732249101,0.002048272036108212,0.0014906562930971593,0.11423324291669018,8.754019184496896,58.22938903156015,57.79912833194754,41.737409389958344,44.434221708517704,50.72487700854123,46.450277598451876,14.288877324906801,0.9157297235167355,0.2816936810413713,1.0,1.0,0.0,0.0,0.0,0.0,1.0,0.0,-3.2034265038149176e-16,0.0,1.0,-3.2034265038149176e-16,0.0,0.0,1.0,1.0,1.0,1.0,0.0,1.0,-3.2034265038149176e-16,0.0,402.42869388682016,0.9854151115692572,3.857702989931509,5.224189794622225,1.0425582125801958,5.26674800720242,1.0352245497423098,0.9926663371621139,0.164274164204064,397.7858333562911,0.9739510794244743,0.9864362690449647,0.01469985222647411,0.9899946471061699,5.214184441728396,0.9826609842682839,339.0521739130435,0.9827599243856333,4.5600000000000005,6.0,1.727536231884058,6.727536231884058,1.7188556763285021,0.9913194444444444,251.05217391304348,0.7276874606175173,0.8777979066022544,5.877797906602255,0.8691173510466988,0.8375482114257601,0.8333333333333334,0.28753623188405797,1.1424704553632534,229.975845410628,0.5554972111367826,0.33940115288571493,408.04347826086956,3.8055555555555554,5.166666666666667,2.1690821256038646,6.335748792270532,2.1618483293075683,0.9927662037037036,0.7694578636607622,4.9361245303274295,0.7622240673644658
1239,12,147.46311474630568,25.174547945694083,335.2065704107154,13.315296510341112,0.0023142909677694623,0.0019029972773176983,0.12392132707546455,8.069635982763714,55.24734325919363,53.223726245514214,38.209488279023184,42.30933766142578,47.419624799166264,43.2671707283338,16.584208751747337,0.9124317392130553,0.3497330234472653,1.0,1.0,0.0,0.0,0.0,0.0,1.0,0.0,-3.2034265038149176e-16,0.0,1.0,-3.2034265038149176e-16,0.0,0.0,1.0,1.0,1.0,1.0,0.0,1.0,-3.2034265038149176e-16,0.0,267.47020771051416,0.93848784908082,10.024458200539982,12.397273460818537,1.032336479535663,12.429609940354199,1.000872878794356,0.9685363992586932,0.30506608002362895,279.2454172576605,0.9796825456917223,0.9895833333333334,0.010962298582710252,0.9922211304213346,12.389494591239874,0.9607575296800277,233.53386454183266,0.9304138029555087,11.33670894112792,13.9402390438247,1.5378486055776892,14.47808764940239,1.5021254551091445,0.9642768495314553,198.68924302788844,0.7915906096728623,0.9101029216467463,13.850341965471449,0.8743797711782018,0.8642183703572318,0.8715277777777778,0.22129807463373596,1.1389960733870814,182.91666666666666,0.6351273148148148,0.30859375,270.46527777777777,9.922405478395063,12.277777777777779,1.9236111111111112,13.20138888888889,1.892477393168039,0.9688662820569282,0.8235918209876544,12.101369598765432,0.7924581030445824
1101,2,623.6002304530208,173.00895829822664,1424.728437854744,8.234998071018081,0.0018150789299771917,0.0011705589150277002,0.10538960067887211,9.488602229806856,81.15052650049516,76.55245138627596,67.3365271615417,57.07538959204787,72.127184177217,56.631099081410966,35.600188491460656,0.7851561062229734,0.49357518801774847,12.09125188536953,1.5723981900452488,112601.68727145993,2121.941555746919,47.70233460503356,11.497737556561086,0.6667473802752318,0.5226244343891403,0.1279020814195662,10.75874042528022,0.9401183716322125,0.19570691073820815,-0.2327347716672509,0.17728815414562443,0.9762933246256473,0.9954174023289912,0.97727719850482,0.9921996353076248,4.908193410867208e-05,0.9685143288084466,0.171951254629611,14.800018040398662,1135.0522075670674,0.9450283852236515,19.17748658297062,22.10692122920947,1.0432310466944315,22.353654897575634,1.0147137875340209,0.971867433886228,0.3069713164376116,1168.6399612688508,0.9729561789088018,0.9861058481748136,0.014790733049006901,0.989658691565341,22.04570426535688,0.9616222987132285,947.760396039604,0.9383766297421822,21.87323203607489,25.134653465346535,1.8752475247524751,29.146534653465345,1.8376879712755985,0.9683698107260841,749.7881188118812,0.7423644740711695,0.8848485428424498,24.2353435923474,0.8547006946192743,0.9847124507781462,0.8292282430213465,0.4209548083521224,1.3160087049529772,678.8817733990148,0.5573741981929514,0.3834572275204176,1151.6600985221676,18.975037815363955,21.880131362889983,2.2364532019704435,28.31855500821018,2.1987520310851396,0.9721324216352064,0.7723043240284619,20.351943076081007,0.7468951437937958
1126,18,75.26400897216818,13.440001602172508,169.0573755840939,12.57867227908415,0.0034496354322795185,0.004228133059274379,0.16170230675863784,6.18420367677644,50.980783262801936,50.96194907707709,34.63178037696162,39.4035537264379,42.21090687353167,40.88043309934824,10.321268050473401,0.9684803319158797,0.24451661466068497,1.0,1.0,0.0,0.0,0.0,0.0,1.0,0.0,-3.2034265038149176e-16,0.0,1.0,-3.2034265038149176e-16,0.0,0.0,1.0,1.0,1.0,1.0,0.0,1.0,-3.2034265038149176e-16,0.0,139.81586237670825,0.9596632487169034,3.408455483421659,5.015527243018132,1.0270897678136695,5.042617010831803,1.0066023839207197,0.9795126161070502,0.213543274819519,143.1163357072781,0.9822130489043507,0.9911041339612766,0.008893475547824744,0.9932275580465826,5.0087548010647165,0.9727401741536329,127.13533834586467,0.9559047995929674,3.726044434394256,5.398496240601504,1.3759398496240602,5.774436090225564,1.3534985422740524,0.9775586926499923,112.53383458646617,0.846119057041099,0.935515873015873,5.334012113617376,0.9130745656658653,0.6359777261117928,0.9047619047619048,0.15433320142461415,0.9433678330434649,104.08843537414965,0.7080845943819705,0.35466703688278034,141.12244897959184,3.378592253227821,4.979591836734694,1.870748299319728,5.850340136054422,1.8504442593363877,0.9796959600166597,0.8664021164021164,4.84599395313681,0.8460980764187761
1523,4,199.67515892014367,38.313737758602265,449.4788451134146,11.731532118985099,0.0022683794359315435,0.0018282418630910279,0.12227693657387692,8.178157124469854,69.50733405388952,68.11685615786159,45.990244255297014,56.82253158937693,64.03162703614056,49.89153915287926,18.476411191131497,0.7791702547979861,0.2885513307463371,12.794871794871796,1.7692307692307692,8205.128205128205,0.0,20.51282051282051,10.256410256410255,0.9487179487179487,0.5128205128205128,0.07063814108111423,6.837606837606837,0.9444444444444445,0.14756121800419114,-0.006284935841962346,0.029867127438706027,0.9744229170663086,0.9950714030483372,0.9755799755799757,0.9915931063472047,6.41025641025641e-05,0.9487179487179487,0.12192019236316552,7.692307692307692,361.87895648806807,0.9352711463492708,15.943638485861907,18.901257102893485,1.0239271071918798,19.186881275906142,0.9900041710077473,0.966670481198681,0.2883878866368544,380.83643248527335,0.984223330252741,0.9921104536489153,0.007888334873629417,0.9940182232020299,18.82985105964032,0.9608370587464145,330.75141242937855,0.9343260238118037,16.409716237351972,19.418079096045197,1.344632768361582,23.491525423728813,1.3023512455246995,0.9661738367080656,298.35593220338984,0.842813367806186,0.9343416509730069,18.420217357187695,0.9026293275673095,0.7104465668736987,0.9076923076923077,0.13090108206454082,1.0133884513624454,276.91282051282053,0.7100328731097962,0.24510190664036818,364.8051282051282,15.894806048652201,18.846153846153847,1.6974358974358974,26.31282051282051,1.6488241313090466,0.9667379635085932,0.868554131054131,17.022400284900286,0.8391295269715852
1296,2,271.3679173287041,46.38001983275063,619.1827932976939,13.350205444726143,0.0016983518750926573,0.0010248436068932497,0.1008213555107952,9.918533577868107,56.76127428742892,54.945052480942394,44.52891829076176,43.56145155095147,50.63972553858654,44.85941719978989,16.546764464034382,0.8858542719708825,0.3267546237276909,14.932692307692308,1.6057692307692308,37224.87890625,1001.7908653846154,40.28365384615385,0.0,1.0,0.0,-3.2034265038149176e-16,0.0,0.9543269230769231,0.10421865905067114,-0.1538461538461536,0.13153990152255018,1.0,1.0,1.0,1.0,0.0,0.9711538461538461,0.10421865905067114,10.070913461538462,484.0254926829582,0.9267049958271033,25.289092321135914,29.084421371309453,1.0451200690186488,29.912476895677344,1.0057190233076363,0.9622165895273127,0.3672407649858266,507.60439897959833,0.9718226187333637,0.9854862119013063,0.015398649018876037,0.9892137188712578,28.956985615772616,0.9516713197093308,404.0846681922197,0.9246788745817384,27.505720823798626,31.505720823798626,1.803203661327231,44.46681922196797,1.7392490946236971,0.9611650505213464,319.14187643020597,0.7303017767281601,0.8785202135774217,29.57283752860412,0.8434278333317682,1.0606647629701336,0.8245283018867925,0.3322842974514188,1.4022982547546652,289.0452830188679,0.5453684585261659,0.3972232111071555,491.2679245283019,25.110003559985763,28.88679245283019,2.2943396226415094,48.40754716981132,2.219012542903746,0.9623308026885582,0.7636137316561845,25.106381027253672,0.733266900372083
1126,7,225.2800268554694,39.808004745493804,506.0041090393788,12.711114567897493,0.001973169567921779,0.00138334678037897,0.11142355771483234,8.974762792616191,65.51213914960725,62.31789769890721,42.43018172882184,54.728421220275635,57.01683471904527,45.36914563971342,24.908194640036356,0.7957149123284954,0.4368568469781487,1.0,1.0,0.0,0.0,0.0,0.0,1.0,0.0,-3.203426503814917e-16,0.0,1.0,-3.203426503814917e-16,0.0,0.0,1.0,1.0,1.0,1.0,0.0,1.0,-3.203426503814917e-16,0.0,428.38103793488204,0.9818317117893047,12.43619328022093,14.229717504349843,1.0262194066393047,14.255936910989144,1.0170575524119154,0.9908381457726109,0.14174995155258616,429.3132403379135,0.9838981070482204,0.9916083916083918,0.009101956860009159,0.9938408622637392,14.223558366613585,0.9846790080363502,386.0812182741117,0.9799015692236337,13.757375866422736,15.649746192893401,1.4314720812182742,16.081218274111674,1.4213268276220876,0.9898547464038135,329.1522842639594,0.8354118889948208,0.930480823463057,15.580227016356458,0.9203355698668704,0.6016187257335605,0.8954545454545455,0.18433868432580072,0.8962553450719101,303.70454545454544,0.6902376033057851,0.2478512396694215,432.07272727272726,12.332314049586776,14.118181818181819,1.731818181818182,14.85,1.7227335683706875,0.9909153865525058,0.8576073232323232,13.975789141414142,0.848522709784829
1239,42,64.51511270150873,11.691230740882135,142.89072837155962,12.222043302241602,0.0038617061213291376,0.005298594536020231,0.17433592715846122,5.736052323231449,50.7367360137363,49.21904268968718,38.47677495102122,36.43295266044753,43.59531942466015,42.13858034504517,9.992246751315964,0.9665849660275466,0.2292045770781472,1.0,1.0,0.0,0.0,0.0,0.0,1.0,0.0,-3.203426503814917e-16,0.0,1.0,-3.203426503814917e-16,0.0,0.0,1.0,1.0,1.0,1.0,0.0,1.0,-3.203426503814917e-16,0.0,119.3745083303793,0.9532348318254594,7.575957244275571,9.62434597660404,1.0185210918114147,9.642867068415455,0.9946309367515693,0.976109844940155,0.21224502407538515,123.70961786600499,0.9877917272072361,0.9938949938949939,0.006104136396381974,0.9953697270471463,9.619715703651186,0.9714795719873013,110.15517241379311,0.9496135552913199,8.162604042806183,10.310344827586206,1.2758620689655173,10.586206896551724,1.250071640080237,0.9742095711147197,99.25862068965517,0.8556777645659929,0.9406130268199234,10.25095785440613,0.914822597934643,0.6028032521203549,0.9206349206349206,0.09601664684898929,0.8133174773507194,93.44444444444444,0.7416225749559083,0.14940791131267323,120.14285714285714,7.53061224489796,9.571428571428571,1.492063492063492,10.063492063492063,1.4683199226135515,0.9762564305500594,0.8858024691358025,9.457231040564373,0.8620588996858619
2168,29,127.48880358126165,22.528141998295553,302.782232993797,13.44017775707846,0.002412430759304973,0.002067816329539215,0.1274003595126335,7.849271413561718,48.66883581587851,48.08674329840908,37.35260355881858,36.43295266044753,40.75592738162336,32.22928239756401,9.55992529156248,0.790787609757496,0.23456527444577308,51.18397435897436,2.9753205128205127,403561.336022969,6985.583601050569,175.1407638888889,29.39423076923077,0.7841949244027328,1.4326923076923077,0.24981751108411,22.79580662393162,0.8514503205128207,0.40068120285280795,-0.3035489876338503,0.30307187863418944,0.9302942934171706,0.9865503104412531,0.933379120879121,0.9770816101461264,0.00016648497005639863,0.910897435897436,0.3308094079810131,51.13374866452992,220.76624444708125,0.9067893035333392,29.849070601312857,34.601326037654935,1.069106703581689,36.838559821128406,1.0186258464932612,0.9514359173509919,0.4630060813806604,232.80655442351966,0.956113386167726,0.9777571825764595,0.02287218525480287,0.9830824421107546,34.04237670979274,0.9349975530716013,166.9784946236559,0.8977338420626662,28.847265579835824,33.8494623655914,2.263440860215054,71.33870967741936,2.1775648438823976,0.9463395802943353,113.66666666666667,0.6111111111111112,0.8103345280764636,24.60334528076464,0.7647280075275469,1.381676757964129,0.7469879518072289,0.4712972597988207,1.7163107185612845,106.27710843373494,0.42681569652102386,0.5651521749649199,225.99598393574297,29.83764777987452,34.558232931726906,3.0562248995983934,90.73493975903614,2.959990333327839,0.9518947588107344,0.6581604194556002,20.686272869254797,0.6220875095366568
1183,15,106.4959968261717,15.701332865397127,245.95285006678145,15.664456780533369,0.0022965917221113904,0.0018740010780055592,0.12328870157335484,8.111043325450352,52.78181366767997,51.02469850831444,37.608507434964146,38.69883776849065,42.49214151302849,41.718612415001566,9.65555817681241,0.9817959493100682,0.22723162055393054,20.695833333333336,2.0875,87166.48924166667,1914.5365000000002,74.98916666666668,28.033333333333335,0.8148148148148149,0.9666666666666668,0.12032134914789337,22.426666666666666,0.9120833333333334,0.22126119285282098,-0.08904166425398125,0.10429156184890513,0.9667062549485351,0.9838981428297914,0.9677777777777777,0.9836158192090396,3.963535473642489e-05,0.9458333333333333,0.18792785951948768,25.755625,195.0836511599615,0.9530575234948041,19.739311370434795,22.622200064852702,1.0486723586724784,23.68784074931704,1.023517727127318,0.9759753332612747,0.2778881283606797,198.21077219745547,0.968209704462539,0.9840976331360948,0.015895147768730557,0.9878319103318802,22.35578989373662,0.964089734794764,163.18713450292398,0.9543107280872747,19.21233883930098,22.029239766081872,1.7894736842105263,38.590643274853804,1.7485834957764783,0.9766341780376867,123.60818713450293,0.7228548955234089,0.8745126705653021,17.96076998050682,0.8555279402209226,0.9617118527766448,0.8221153846153846,0.30990732191101533,1.375844044368268,110.70192307692308,0.5322207840236687,0.4828957100591716,198.2403846153846,19.7303762943787,22.610576923076923,2.480769230769231,50.02403846153846,2.4279433760683764,0.9759882478632479,0.7558426816239316,15.883246527777779,0.7390344551282051
1164,2,343.52882482078127,42.23715059271969,790.8302143045538,18.723569256134127,0.0010715064643186147,0.00040793581583748644,0.07416470592549529,13.483502530227579,63.38529319487414,59.848953912332675,47.386693353671916,51.87677785101934,57.78239892148233,47.459868460783035,24.184497796044923,0.8213551072061567,0.4185443707331717,7.206293706293707,1.3059440559440558,62867.42778610383,1173.9853638097438,26.25158931977114,6.643356643356644,0.9011931962427012,0.3321678321678322,0.07562011000931576,5.90829624920534,0.9695396932612842,0.09222850161770736,-0.07829502775431434,0.07061179142318802,0.9834330258270408,0.9968076133381275,0.9841824841824842,0.9945546257021667,4.152097902097902e-05,0.9833916083916084,0.07562011000931576,8.223736490781945,637.144560037933,0.9642458589974972,10.717080263795092,12.744173891649325,1.047458353460103,12.791632245109428,1.0293333784524263,0.9818750249923236,0.2560882715878928,641.240049084748,0.9704001635757021,0.9847529519660666,0.01617718320907529,0.9886547972993718,12.732828688948697,0.9705298222916956,527.4500907441017,0.9572596928205112,12.808916966676659,15.083484573502723,1.7876588021778583,15.87114337568058,1.7659235308619903,0.978264728684132,393.1814882032668,0.7135780185177256,0.8700186529542246,14.953503226456947,0.8482833816383566,0.9788447807620613,0.8211624441132638,0.30465644052555824,1.318723779467145,357.87332339791357,0.53334325394622,0.4300319162404135,647.3695976154993,10.556124386717336,12.564828614008942,2.3800298062593144,13.944858420268256,2.3621816177421113,0.9821518114827968,0.7538888888888889,12.318717502897833,0.7360407003716858
1239,8,162.3118311617323,25.003873044366305,365.8152410549636,14.63034308348428,0.0020162280635592964,0.001444380301268753,0.11303870815464162,8.846527143887373,60.53781268322601,57.712341486023554,44.357036802366245,46.178783695035285,54.74351662254374,49.55714389866672,15.485997827311964,0.905260512223995,0.2828827737554355,7.102564102564102,1.5384615384615385,1970.0512820512818,0.0,10.051282051282051,5.0256410256410255,0.9487179487179487,0.3589743589743589,0.07063814108111423,3.3504273504273505,0.9444444444444445,0.14756121800419114,-0.006284935841962346,0.029867127438706027,0.9744891318495379,0.9948717948717949,0.9760683760683762,0.9914529914529915,0.00013082155939298797,0.9487179487179487,0.12192019236316552,3.769230769230769,291.1195477013484,0.9264479431864173,12.096459865338309,14.83682446656846,1.0285125593874835,15.029439590058512,0.9899760462928947,0.9621928316347558,0.32864955530442186,309.3554310941449,0.9844344360155325,0.9912642562484832,0.01070803965017906,0.9939685562456895,14.789767381788511,0.9563437240627811,259.69039145907476,0.9241650941604083,12.891250110814198,15.736654804270463,1.4341637010676156,18.562277580071175,1.3845292363683313,0.9609942422995295,227.8896797153025,0.8109953014779449,0.9191379992091736,15.05792803479636,0.8827894182584066,0.829581388869409,0.886435331230284,0.16152277706715973,1.091825984503293,211.09463722397476,0.6659136820945576,0.21970563942322047,293.7381703470032,12.037317517340206,14.769716088328076,1.725552050473186,19.735015772870664,1.6689920921049808,0.9622833644498809,0.8431475639677533,13.552926743778478,0.8101417591221557
2086,4,160.2536072234393,31.060869557685425,365.35821213632687,11.762652409257033,0.00250934493320848,0.002237293561213042,0.13078993509445186,7.645848277834493,59.25364191814042,55.54051007814908,42.043239987030375,45.90773423736997,49.96820157166692,44.953271129921674,22.583064638717723,0.899637563810405,0.4519487179527154,1.353846153846154,1.176923076923077,1790.9823999999996,89.84861538461539,6.510769230769229,8.13846153846154,0.9145299145299146,0.35384615384615387,0.0555329303759506,6.510769230769229,0.9738461538461538,0.07091754576056596,-0.002634614271068281,0.013677524605875319,0.984644412191582,0.9926348764357814,0.9852564102564103,0.9924713584288052,2.9082448742184095e-05,0.9846153846153847,0.0555329303759506,3.6623076923076923,303.7504312374883,0.9808131751769221,5.074915165704086,6.570173079807123,1.032111606921095,6.602284686728219,1.0224411675464298,0.9903295606253345,0.16220407270088047,303.1621604390736,0.9788684351015077,0.9894322929466699,0.01056578244924613,0.9919720982697264,6.56214517807685,0.982301658895061,266.06617647058823,0.978184472318339,5.770207071799309,7.341911764705882,1.5036764705882353,7.845588235294118,1.4926662071078434,0.9889897365196078,211.11029411764707,0.7761407871972318,0.9026756535947712,7.244587418300654,0.8916653901143791,0.7206620436115319,0.8690095846645367,0.17948475346020762,1.0127341256867748,194.44408945686902,0.6212271228653962,0.26955465504394244,307.05750798722045,5.021690534760995,6.5111821086261985,1.8945686900958467,7.405750798722044,1.885000665601704,0.9904319755058573,0.8154064607738729,6.326588569400071,0.8058384362797303
2017,1,2134.43013003214,208.4597748328356,4792.9979084336655,22.99243541003142,0.0003544348917961931,4.463496347197332e-05,0.03547249432491246,28.19085657863356,159.1850013708699,149.90896367985496,82.11821003442546,150.6466069380956,140.64359814209462,69.08165349068334,61.009251893090294,0.4911823531483387,0.4337861992939886,23.355727767049704,1.905125489350868,216300.2433534637,4094.472873651775,87.04309534810854,11.406324805654414,0.6826872359198308,0.393321545022566,0.08571014772056867,10.973410633711389,0.9284207839350856,0.23599994483028686,-0.40462380111688395,0.3044975883216653,0.98645329595528,0.9934484062000837,0.9868892818325811,0.9933335331352109,1.612700582322219e-05,0.9620073702806156,0.22243713293295714,24.612355038440736,3900.82888967694,0.944457386456286,23.35566899513174,26.70124557068602,1.0285576720749672,27.33252582695536,0.9993310407917669,0.9714430604770156,0.2627972262203103,4054.3867749329866,0.981621194668879,0.9907005922837058,0.009671276431879252,0.9930277636396055,26.54359268827704,0.9646382470566748,3487.309981065729,0.9432810335584877,23.850325388655925,27.262374898566407,1.46956992155802,36.72923992426291,1.4303925104439033,0.9708195834460372,3008.7370841222614,0.813832048721196,0.9208779177726651,25.47430712463709,0.893596329765038,0.7533849093884959,0.8867834012952747,0.19792784637245076,1.0672970034570135,2770.658431278484,0.6645858554277966,0.2759129581605565,3937.793475653634,23.320303067317564,26.66106980091149,1.8179419525065963,44.73015111537539,1.7702617201034088,0.9714877002212094,0.8426239972282188,23.149305588870234,0.8178387954597277
2095,14,138.7516443786514,24.661270126339613,318.83923099328274,12.92874330315796,0.002443896865828549,0.002122110503841294,0.1285057808790089,7.781751086680861,51.06225519902152,50.374536265170626,37.47203334073591,36.87817837869922,44.88759477362226,37.02649028000675,13.643923785416648,0.8248713362063451,0.30395756008371294,1.0,1.0,0.0,0.0,0.0,0.0,1.0,0.0,-3.2034265038149176e-16,0.0,1.0,-3.2034265038149176e-16,0.0,0.0,1.0,1.0,1.0,1.0,0.0,1.0,-3.2034265038149176e-16,0.0,255.001678519426,0.9558817386913481,7.43704870023697,9.379366478813676,1.0492151411540762,9.428581619967753,1.026797324622834,0.9775821834687572,0.27879905877609074,258.82890681115066,0.9699259264659907,0.9843883054215158,0.016746233391934727,0.9883352634820106,9.367701742295687,0.9659174469507682,210.27927927927928,0.9472039607174743,8.897918188458728,11.067567567567568,2.0855855855855854,12.153153153153154,2.05865122447174,0.9730656388861546,164.25225225225225,0.7398750101452805,0.8836473973973974,10.951214964964965,0.856713036283552,0.938021447696979,0.8191881918819188,0.5954265075886698,1.3616450623120804,147.08856088560884,0.5427622172900696,0.5215887583230076,259.22878228782287,7.322204218352146,9.247232472324724,2.4981549815498156,10.745387453874539,2.47609067096947,0.9779356894196544,0.7618070930709308,9.009039565395653,0.739742782490585
1274,5,365.0731787572256,76.67560802089547,820.275914359537,10.698003387674436,0.0018413754674099206,0.00120472230626649,0.10640506888888547,9.398048518198506,70.98964143401834,64.64285556233514,46.54641882368196,57.937898650541655,61.92295901409294,49.694232333032524,29.10583872330961,0.8025170812932679,0.47003307313989084,1.0,1.0,0.0,0.0,0.0,0.0,1.0,0.0,-3.2034265038149176e-16,0.0,1.0,-3.2034265038149176e-16,0.0,0.0,1.0,1.0,1.0,1.0,0.0,1.0,-3.2034265038149176e-16,0.0,675.6754499503737,0.958299607949285,15.634126650390415,18.09063702625377,1.034420337144015,18.12505736339779,1.0131756038249273,0.9787552666809122,0.242602023185341,689.881541588926,0.9784138263124225,0.9888876901499623,0.011765320623785743,0.9917587913907396,18.08239581764451,0.9705140580716519,585.6861788617886,0.9523352501817701,17.869654306299164,20.59349593495935,1.6178861788617886,21.211382113821138,1.5935302350027385,0.9756440561409498,489.18861788617886,0.7954286469693965,0.911046522131888,20.50454245709124,0.8866905782728377,0.8106310469715883,0.8625525946704067,0.27379469892259906,1.1312501919128812,444.1388499298738,0.6229156380503138,0.32886741717138535,683.5918653576438,15.463669106495477,17.900420757363253,1.9901823281907434,18.890603085553998,1.9691740456194726,0.9789917174287295,0.8173698768895121,17.717790634252765,0.7963615943182416
1178,6,209.41136381540773,35.797908362083014,479.28283562520903,13.388570940442523,0.001924841180768219,0.0013164126569361243,0.10959666774571745,9.124365006426716,54.4063539361048,53.74353289158295,40.231918793749585,40.99561013190285,49.933788409767715,43.688199343829815,17.935883274601686,0.8749225871931604,0.35919332071133603,1.0,1.0,0.0,0.0,0.0,0.0,1.0,0.0,-3.2034265038149176e-16,0.0,1.0,-3.2034265038149176e-16,0.0,0.0,1.0,1.0,1.0,1.0,0.0,1.0,-3.2034265038149176e-16,0.0,393.12407229891045,0.9754934259212622,3.136841482078431,4.573282208619939,1.0451178715055784,4.618400080125517,1.0327535732058553,0.987635701700277,0.206384789382006,391.3433187340443,0.9710322676486864,0.9853300733496333,0.01504930467991403,0.9889336744813862,4.562215883101325,0.9765693761816633,329.1474926253687,0.9709365564170169,3.720120778621836,5.247787610619469,1.8259587020648969,6.073746312684365,1.8112604750385317,0.985301772973635,248.1386430678466,0.731972398430226,0.8798805719436251,5.127668182563094,0.8651823449172601,0.8752808317492092,0.8288508557457213,0.3703413649376528,1.2511315273777175,224.00733496332518,0.5476951955093525,0.4266473777655561,399.12224938875306,3.0913253746689704,4.52078239608802,2.334963325183374,5.8557457212713935,2.3227806871346264,0.9878173619512525,0.7658414832925836,4.2866238793806035,0.7536588452438361
1239,7,199.68963455228894,29.868107732186974,454.10181205208147,15.203568171234517,0.001741417563803262,0.0010774771948991678,0.10251860681125034,9.754326859329309,65.16072911808413,62.48323276599283,44.465117948483794,53.36665705173048,62.30749830646714,48.63794590264113,14.904779381595493,0.7806114388256992,0.2392132534078722,1.3589743589743588,1.1794871794871795,3830.6552706552725,156.35327635327639,8.376068376068378,10.051282051282051,0.9160839160839161,0.3589743589743589,0.05000172474218074,8.376068376068378,0.9775641025641026,0.06282223756269353,-0.0020344586080339334,0.01131877896533615,0.9871958190429528,0.9938145956607495,0.9876215738284704,0.99370220422852,1.6352694924123497e-05,0.9871794871794872,0.05000172474218074,4.606837606837607,358.6143613865458,0.9296032054634658,11.30593717020645,13.92064722913565,1.0339558221963971,13.954603051332043,0.9977978577457809,0.9638420355493837,0.3346314875035289,377.74013406566223,0.9790540787302042,0.9891518737672584,0.01166128114191466,0.9919656725651035,13.912612901700752,0.9558077081144873,314.953216374269,0.9209158373516637,12.697000786566807,15.573099415204679,1.5087719298245614,16.08187134502924,1.4679896376339625,0.959217707809401,271.8654970760234,0.7949283540234602,0.912027290448343,15.48512670565302,0.8712449982577442,0.8591075392878113,0.8769230769230769,0.20837180670975686,1.1958419156035798,249.27179487179487,0.6391584483892176,0.37685733070348454,362.83589743589744,11.186561472715319,13.77948717948718,2.0205128205128204,14.8,1.9847498873610645,0.964237066848244,0.8267186609686609,13.60620584045584,0.7909557278169048
1239,4,233.48326501498397,41.13265121974317,522.1799647879919,12.695023279640967,0.0019448291699234316,0.0013438944662087897,0.11035407849027298,9.061740297057927,75.15475606594248,70.76879456673706,54.33184031057212,55.26373214883951,63.24225127103363,52.14044622383271,25.58759692239652,0.8244558847277185,0.40459655385664955,7.192307692307692,1.2692307692307692,19392.69230769231,527.6923076923077,18.846153846153847,0.0,1.0,0.0,-3.2034265038149176e-16,0.0,0.9786324786324786,0.05000172474218074,-0.07692307692307679,0.06560958707889336,1.0,1.0,1.0,1.0,0.0,0.9871794871794872,0.05000172474218074,4.711538461538462,407.1971346153151,0.8996534126417978,24.89499834242309,29.54502933219497,1.0225011822760215,29.815222822163296,0.9692398603072061,0.9472504389974913,0.3727333099446932,445.91728248883345,0.9851573196193957,0.9925775978407556,0.007421340190302138,0.9943747044309947,29.47748095970289,0.9417530836700626,372.4375,0.8952824519230769,26.094674556213022,30.985576923076923,1.3365384615384615,34.80528846153846,1.2741639272246263,0.944822104274849,356.13461538461536,0.856092825443787,0.9400707799145299,30.054854433760685,0.8866920438365499,0.7790952908650264,0.9122807017543859,0.13498520710059173,1.06663057853677,331.0701754385965,0.7260310864881502,0.23468759618344107,410.42543859649123,24.78631405817174,29.414473684210527,1.6578947368421053,36.42763157894737,1.592237846904067,0.9474738190658765,0.8771016081871345,27.70275950292398,0.8278581045039896
1316,13,109.55935980198852,16.852004330913115,251.36908394179616,14.916272213429695,0.002385661555491513,0.0020221804631483996,0.12645615426296145,7.907879263199264,57.54248006034314,53.364907515441416,38.80331116913456,43.14811763547481,49.952882204208336,42.37405572809938,13.370845586961126,0.8482804967063449,0.2676691513474809,45.69444444444445,3.3472222222222228,19923.330246913578,636.2283950617284,32.21296296296296,13.888888888888888,0.8138528138528138,0.6944444444444443,0.1217750455089569,10.879629629629632,0.9151736111111112,0.21665794230512583,-0.08950048519693792,0.103806509331075,0.9653643668606261,0.9935818443212159,0.9669312169312171,0.9887992831541218,8.680555555555556e-05,0.9486111111111111,0.18193572008290368,11.525462962962962,192.45050970440252,0.9107543400352092,23.637481689603558,27.76517272685141,1.039216565531904,28.76692564409683,0.9905323995510843,0.9534984561319091,0.3837273167796622,206.17335331363986,0.9755438919736134,0.9874191229331417,0.013311080782445207,0.9906048063943926,27.515143445317428,0.9446489180544844,163.6368715083799,0.9141724665272619,24.011048344308854,28.05586592178771,1.7430167597765363,43.547486033519554,1.6649723203992957,0.955399105638531,130.88826815642457,0.7312193751755564,0.8796166977032899,24.24833178150217,0.8433766895957637,1.0104169866725579,0.8364485981308412,0.31372304235198656,1.307958536287396,121.42990654205607,0.5674294698226919,0.2855271202725128,194.85046728971963,23.611079570268146,27.742990654205606,2.046728971962617,53.46261682242991,1.9441504015936593,0.9533690423209782,0.77466251298027,21.349428868120455,0.7420184584737322
1265,11,150.01561550902164,28.373260612485183,344.7041762858452,12.148909531185987,0.0025012925699413307,0.0022229578715843024,0.13050998629968252,7.662248907939947,52.97541640296893,51.728468649387246,36.87808261865407,43.08131909903771,49.2624324194397,42.4125625414845,17.369532046220698,0.8609514483646947,0.35259184723827036,1.8076923076923077,1.4038461538461537,935.0048076923077,0.0,8.48076923076923,16.96153846153846,0.8974358974358976,0.8076923076923077,0.07692307692307657,8.48076923076923,0.9519230769230769,0.11538461538461506,-0.011620433829925605,0.03586492652812435,0.9616254785938044,0.9816632016632016,0.9632867132867133,0.981216457960644,8.721437292865864e-05,0.9615384615384616,0.07692307692307657,6.360576923076923,273.82695834872135,0.946235867626166,11.85499118843041,14.35322822894821,1.0376520738212927,14.3908803027695,1.010062759298672,0.9724106854773795,0.27615251399482077,282.27778200950274,0.975330860640644,0.9876608033604619,0.012334569679677918,0.9905869815446768,14.343815210492883,0.9629976670220566,234.512,0.938048,13.660416,16.456,1.588,17.044,1.5560661157024793,0.9680661157024794,188.184,0.752736,0.8909166666666666,16.346916666666665,0.8589827823691459,0.8991142325648849,0.8532423208191127,0.214416,1.2103766349967804,171.9829351535836,0.5869724749269065,0.3339351652319771,277.43686006825936,11.712192337709235,14.187713310580206,2.0784982935153584,15.266211604095563,2.0512509519645725,0.9727526584492143,0.7930650360257868,13.980778346605993,0.7658176944750013
2003,3,235.52237945581237,32.640329761538524,542.4488346576171,16.618975317363596,0.0014576103068858997,0.0007548924942748079,0.09105316276416908,10.982594888988485,59.05411595728262,57.2715339878056,44.528147908293505,44.721363441772894,55.26865724224733,46.652145580267344,17.919203920045153,0.8440976840777392,0.32421999762910336,8.139102564102563,1.507051282051282,30366.883452973652,850.5562044159544,29.72561965811966,9.046153846153846,0.8351122561648877,0.43076923076923074,0.08607830886443311,7.764615384615384,0.9384342355175689,0.17221481186570903,-0.15690079965838669,0.13289679182198977,0.9795335885833623,0.9960497144776621,0.9804195804195804,0.9932692307692308,4.6514332228617944e-05,0.9655982905982907,0.1517019913528886,9.692943376068376,435.84960345939453,0.9616567272899388,11.317003359735322,13.437579590152247,1.045044614775966,13.981395955341732,1.024536280072615,0.9805221854421315,0.25654628191884093,439.96752801847566,0.9705842486194307,0.9852842809364548,0.01470787569028464,0.9887388463060085,13.301625498854872,0.9695186617845106,365.2269129287599,0.9636594008674404,11.439394044875769,13.522427440633246,1.9841688654353562,22.153034300791557,1.9499349187897426,0.981564478963318,279.10026385224273,0.7364123056787407,0.8820901143844296,11.492908056336937,0.8676041997499805,0.9062311964655946,0.8239130434782609,0.5110518584526702,1.3097152944365635,252.34347826086957,0.5485727788279773,0.4492627599243856,442.31739130434784,11.29593572778828,13.417391304347825,2.360869565217391,27.378260869565217,2.315308398145505,0.9804718907793532,0.7654064009661836,10.032797705314008,0.7523865562083467
2207,4,163.32861574556267,31.91478698476244,382.3660892618099,11.980844159930278,0.002408229987110932,0.00206062121112341,0.12725242149772867,7.858396627979681,54.03414572054281,52.23952998211804,38.241471382206626,41.13587303595608,47.19681921157664,41.81769906424366,12.62069903076644,0.8860279095669742,0.2674057116897992,1.0,1.0,0.0,0.0,0.0,0.0,1.0,0.0,-3.2034265038149176e-16,0.0,1.0,-3.2034265038149176e-16,0.0,0.0,1.0,1.0,1.0,1.0,0.0,1.0,-3.2034265038149176e-16,0.0,304.48705948263273,0.9747169580360476,7.281516085618288,8.990639645349873,1.0642087622340273,9.054848407583897,1.0514237388014673,0.9872149765674402,0.24405125849623654,299.62190975226787,0.9590230745025979,0.9792621171931517,0.021214034389928454,0.9842200071659202,8.97485965251579,0.9714349837333605,240.1290322580645,0.9682622268470343,9.140478668054111,11.064516129032258,2.3588709677419355,12.423387096774194,2.342767741935484,0.9838967741935485,171.76612903225808,0.6926053590010406,0.857616487455197,10.922132616487454,0.8415132616487455,1.034930359486871,0.7774294670846394,0.7043281737773153,1.5107340867992345,152.9498432601881,0.47946659329212565,0.8691541946325214,311.1003134796238,7.132005385167203,8.824451410658307,3.238244514106583,11.06269592476489,3.22572539184953,0.9874808777429467,0.7126169017763846,8.537068312434693,0.7000977795193313
1126,5,236.0320281372077,39.80800474548161,530.9108493569055,13.336786225568522,0.0018359594017890379,0.0011976457927000224,0.10619631924225,9.416522221630371,64.60712362789076,60.00533639430689,45.907737155038696,48.066621150807826,54.912754288339,48.23800504398954,21.097960228213903,0.8784481068040894,0.3842087416965381,1.0,1.0,0.0,0.0,0.0,0.0,1.0,0.0,-3.2034265038149176e-16,0.0,1.0,-3.2034265038149176e-16,0.0,0.0,1.0,1.0,1.0,1.0,0.0,1.0,-3.2034265038149176e-16,0.0,444.5204683852746,0.9740035547437039,6.158878643265265,7.781694145816018,1.0303983856748153,7.812092531490833,1.0172833605360738,0.9868849748612585,0.18962967075826992,447.2655141204702,0.9799800309434251,0.9899883197063241,0.01000998452828749,0.9924004035812962,7.774094549397313,0.9792853784425547,392.15346534653463,0.9706768944221155,6.946347171845897,8.660891089108912,1.5123762376237624,9.173267326732674,1.4975609455951753,0.9851847079714128,323.9257425742574,0.8017963925105381,0.9148061056105612,8.57569719471947,0.8999908135819737,0.7221305773032315,0.8763557483731019,0.2102918831487109,1.0247599499444764,297.18655097613885,0.644656292789889,0.2879903633052734,449.1344902386117,6.097844448313344,7.713665943600867,1.876355748373102,8.59002169197397,1.8633722820400234,0.9870165336669214,0.8305465172330683,7.544212460833935,0.8175630508999896
1239,39,83.46002674877717,4.352209983832803,190.29658861945737,43.72412850628852,0.0009353806901585096,0.0003108701669924945,0.06774226012297402,14.761834018892756,48.30666539573043,47.11952002147719,36.08164339153164,39.33039595657049,49.17020069962529,37.573862409613774,8.555305847243494,0.7641592239809611,0.17399371419097523,9.738461538461538,1.758974358974359,13560.892098005696,475.3693903133903,28.466324786324783,9.846153846153847,0.8974358974358974,0.6153846153846154,0.07692307692307657,4.923076923076923,0.905940170940171,0.22091927050274698,-0.16546658767607922,0.1687100406521356,0.9616881173301407,0.9819336626676076,0.9638009049773756,0.9813519813519813,0.00015024038461538462,0.9333333333333333,0.18245773204120852,9.57811965811966,147.27802860657977,0.9183012121065457,10.457444850362132,13.290248679175107,1.0503156186640836,14.184528847358846,1.0048685140665239,0.9574731879613316,0.36528836330649006,155.43429722816379,0.9688603230468151,0.9839546956111375,0.016994117322746354,0.9879552833681671,13.067212825163356,0.9461585444692218,124.3731343283582,0.9281577188683449,9.195811984851858,11.746268656716419,1.8582089552238805,25.5,1.7764034498786345,0.9628156793885244,99.97014925373135,0.746045889953219,0.8855078772802654,8.407895936981758,0.8594788528522326,0.9914059054135494,0.8220858895705522,0.37853642236578294,1.4492284134826172,88.28834355828221,0.5416462794986638,0.5253490910459558,149.60122699386503,10.521735857578381,13.368098159509202,2.5337423312883436,36.104294478527606,2.41758125119409,0.9572038125968539,0.7637610770279482,7.831245739604636,0.739306112797579
1209,1,215.0394488525225,25.983933403013022,492.2607552815567,18.944812844404673,0.0013422615124646397,0.000640142293158889,0.0861837738221274,11.603112229268074,56.36448131679648,56.36448131679648,40.127692474765844,46.5927039856807,51.56768076935056,40.852239209949396,15.638927890689898,0.7922062540037688,0.3032699484903915,1.6923076923076923,1.3461538461538463,10598.538461538461,336.46153846153845,18.692307692307693,24.923076923076923,0.9120879120879122,0.6923076923076923,0.0624060095737791,18.692307692307693,0.96875,0.08163677880454832,-0.0036582969583703866,0.017267087218230594,0.9807840578850602,0.9906480011545677,0.9812889812889812,0.9905163329820864,1.4838556505223171e-05,0.9807692307692307,0.0624060095737791,10.903846153846153,402.6735614162581,0.9713759784990922,9.259096030679604,11.074590887121055,1.0397472504244563,11.114338137545511,1.025302519262661,0.9855552688382047,0.2202924415769501,403.8215378111554,0.9740050689001033,0.9869963369963369,0.012997465549948357,0.9900631873938861,11.06465407451494,0.9756184562320906,342.15819209039546,0.9665485652271059,10.817581154840564,12.796610169491526,1.6723163841807909,13.468926553672317,1.6554026589061859,0.9830862747253949,265.2768361581921,0.7493695936672093,0.8886291588198368,12.685239328311363,0.8717154335452317,0.8684085403908891,0.8428571428571429,0.2646749018481279,1.1926785120384993,242.1952380952381,0.5766553287981859,0.37140589569161,408.1333333333333,9.139591836734695,10.942857142857143,2.1619047619047618,12.104761904761904,2.1476489077447374,0.9857441458399757,0.7853339947089947,10.728191137566137,0.7710781405489704
1239,40,81.92395263683649,17.750189737982208,183.38825266777144,10.331622105162833,0.004032466745361107,0.005777551631792689,0.17943807923405825,5.572953100415238,49.270593688526624,46.54512263029716,33.75364987950956,38.433319450986886,47.943981355113294,40.647409640894146,11.065444729361987,0.847810475726356,0.23079945420890338,1.0,1.0,0.0,0.0,0.0,0.0,1.0,0.0,-3.203426503814917e-16,0.0,1.0,-3.203426503814917e-16,0.0,0.0,1.0,1.0,1.0,1.0,0.0,1.0,-3.203426503814917e-16,0.0,152.80574408858536,0.9629028059530198,2.6709979713825645,4.176219095775492,1.0269366725070532,4.203155768282545,1.0081424766740623,0.981205804167009,0.1932062286413709,156.41800274862942,0.985532177552643,0.9918269230769231,0.010135896563484367,0.9943581124853604,4.170577208260853,0.9755639166523693,137.12587412587413,0.9589221966844345,2.95760183872072,4.524475524475524,1.3986013986013985,4.923076923076923,1.3777465138411884,0.9791451152397898,117.27972027972028,0.820137904053988,0.9236596736596737,4.448135198135199,0.9028047888994635,0.6794462097131665,0.89375,0.14670644041273412,0.9265969499940528,108.9625,0.681015625,0.20484375000000002,154.1125,2.649375,4.15,1.675,4.825,1.656360946745562,0.9813609467455621,0.8520833333333334,4.002083333333333,0.8334442800788955
1546,18,95.23040071101184,15.61573775100007,220.25682939740517,14.104798179215027,0.002695215500530389,0.002581007327331495,0.13717124460284405,7.290157663111752,47.69859980406088,46.509880048661,34.73269619131684,34.483619813449664,41.14613583199806,36.79804999924722,7.5119522780149595,0.8943257794485412,0.1825676245440562,1.0,1.0,0.0,0.0,0.0,0.0,1.0,0.0,-3.203426503814917e-16,0.0,1.0,-3.203426503814917e-16,0.0,0.0,1.0,1.0,1.0,1.0,0.0,1.0,-3.203426503814917e-16,0.0,179.12062695578823,0.9783868496547435,5.7166782663203,7.282432586870913,1.0492098550820215,7.331642441952935,1.0383028540631483,0.989092998981127,0.19877608592032397,177.51515945454406,0.9693580504517426,0.9842845326716295,0.01656644688817803,0.9881777052489895,7.270610292119903,0.9772707042301165,149.05228758169935,0.9741979580503225,6.824640095689694,8.516339869281046,1.8300653594771241,9.34640522875817,1.817016158315178,0.9869507988380538,113.69281045751634,0.7430902644282114,0.883522149600581,8.399862018881628,0.8704729484386347,0.861609853898964,0.8225806451612904,0.35217224144559783,1.291979898224749,101.02150537634408,0.5431263729910972,0.51046363741473,182.04301075268816,5.627008902763326,7.182795698924731,2.4946236559139785,8.67741935483871,2.4838896356033455,0.9892659796893668,0.7644862604540025,6.947281959378733,0.7537522401433693
1281,10,299.0209122327893,63.19206207430941,679.9579817418072,10.760180304643715,0.0020107796293687553,0.0014365845779856713,0.11283497403346153,8.86250037779463,60.97986163769029,58.29149088991613,44.29170266498421,46.35170014235436,51.179847983801125,48.758477247753035,22.931188227656992,0.9526889814753949,0.4480511203338259,3.1153846153846154,1.0961538461538463,9510.216346153846,252.40384615384616,7.211538461538462,0.0,1.0,0.0,-3.2034265038149176e-16,0.0,0.9909855769230769,0.02594538973976995,-0.07692307692307598,0.05388074474910433,1.0,1.0,1.0,1.0,0.0,0.9951923076923077,0.02594538973976995,1.8028846153846154,558.6611598508867,0.9695119206393954,6.097615872120888,7.812943219101603,1.040840720260198,8.032548836436556,1.024986506844832,0.9845511491630348,0.21548068561733108,561.1007247332548,0.9736608335495098,0.9866965226554268,0.013565384189166621,0.9899376920551408,7.758189686888055,0.9745901818627759,476.260162601626,0.9680084605724106,6.39830788551788,8.154471544715447,1.7235772357723578,11.560975609756097,1.7012702099810113,0.9837767085153845,374.1788617886179,0.7605261418467844,0.8940977868112014,7.377837624209575,0.8793954289032686,0.8371904332153548,0.8424657534246576,0.3146275365192676,1.2098798391483627,338.2328767123288,0.5791658847813849,0.4111817414148996,566.277397260274,6.069384499906175,7.780821917808219,2.2226027397260273,13.523972602739725,2.1969760506942504,0.9846239865809338,0.7881706621004566,6.438855593607306,0.775357317584568
1265,14,101.88773886107613,19.49861669158651,226.5521948672575,11.618885506119666,0.003226089818183491,0.003697899936326622,0.15463876943134466,6.466683637468884,54.17004087402861,50.349117305681155,38.47482753304035,40.28697119876799,46.433968056705396,39.1990481792324,15.211275233262647,0.8441890671794908,0.32758938918781527,1.0,1.0,0.0,0.0,0.0,0.0,1.0,0.0,-3.203426503814917e-16,0.0,1.0,-3.203426503814917e-16,0.0,0.0,1.0,1.0,1.0,1.0,0.0,1.0,-3.203426503814917e-16,0.0,191.7064737462611,0.9700979295094178,5.980414098116498,7.679869597608642,1.0211228407366355,7.700992438345277,1.0059757441434185,0.9848529034067833,0.17087685334865793,194.8792199479834,0.9860873313738251,0.9930421337456513,0.0069563343130874065,0.9947192898158412,7.6745888874244805,0.9795721932226245,176.0989010989011,0.9675763796642918,6.48472406714165,8.252747252747254,1.3021978021978022,8.554945054945055,1.2857516633026838,0.9835538611048815,154.1868131868132,0.8471802922352373,0.9366605616605617,8.189407814407813,0.9202144227654432,0.5764807248395555,0.914572864321608,0.10665982369279073,0.8326077658846419,144.16582914572865,0.724451402742355,0.18837908133632986,193.09045226130652,5.939243958485895,7.633165829145729,1.5829145728643217,8.21608040201005,1.567873380507982,0.9849588076436605,0.876605248464545,7.5097710776102735,0.8615640561082055
2017,2,1581.4954837297385,113.57345898581248,3564.76585528749,31.387314317271944,0.00030106162572345296,3.220423974630206e-05,0.031815421678278735,31.431298007366266,135.24649685422335,129.69300806880713,71.59693158266496,123.98709691041087,131.44161867802444,61.47244348588977,48.33220258112811,0.46767868582378674,0.3677085162768823,18.081277863460024,1.7713768589219667,146173.37413225754,2968.9258294508772,67.78099705402772,10.577302090554012,0.76887949694005,0.39175192927977814,0.08643577274800043,10.069303004242615,0.9324438236261544,0.22323192431438166,-0.3364253913417474,0.26741349920827245,0.9855105450814328,0.9972633112314219,0.9860088596685794,0.9952800972375931,1.9903059964425046e-05,0.9641758213495609,0.20872259360031592,19.589574786145434,2859.924169702237,0.9353453145885443,24.293041428271938,27.948403763328926,1.0312786683727344,28.572264839761733,0.9971307130247564,0.9666078895602618,0.2954669453683086,2996.7302514222097,0.9800701935524387,0.9898398784769781,0.010614293025292407,0.9924202222952101,27.792678383609125,0.959217073082532,2521.603327171904,0.9322008603223304,25.532481575503702,29.368576709796674,1.513123844731978,39.14454713493531,1.466233283979026,0.9649242945791995,2153.4332717190387,0.7960936309497371,0.9123596220989937,28.10096867940029,0.8787889774594375,0.8282739773237355,0.875687924894788,0.20905272293042595,1.1405402453424998,1976.7144707024927,0.6399205149571034,0.29020487593640737,2889.8028488183877,24.224221307218958,27.86986079637423,1.888313370022661,48.02266105535772,1.8304394171880471,0.9666980967686524,0.8275748174526096,25.002449372324737,0.7977103966721576
1130,2,351.72729567668506,35.070334430642234,800.4084715034047,22.82294949557306,0.0008737706570712398,0.0002712671211849973,0.06473399145574053,15.447834708040721,61.06139777836249,60.34456096756192,42.246987090138276,49.58709883454304,57.52003073927057,43.89191569524205,22.051439393735443,0.7630718400377311,0.3833697428586438,1.0,1.0,0.0,0.0,0.0,0.0,1.0,0.0,-3.2034265038149176e-16,0.0,1.0,-3.2034265038149176e-16,0.0,0.0,1.0,1.0,1.0,1.0,0.0,1.0,-3.2034265038149176e-16,0.0,663.3577589780156,0.9795147696627997,6.450374919133305,8.008062098041615,1.0435529967394233,8.051615094781038,1.0332357258390867,0.9896827290996636,0.19705860792994032,658.1404959498793,0.9717817708556497,0.9857798678759379,0.014445366861552521,0.9892389384423317,7.997301036483943,0.9789216675419954,556.1508771929824,0.9757032933210219,7.649972299168976,9.326315789473684,1.763157894736842,10.089473684210526,1.7508998903984168,0.9877419956615746,422.40701754385964,0.7410649430594028,0.8836593567251462,9.209975146198829,0.8714013523867207,0.8743313671495889,0.8296943231441049,0.3104986149584487,1.2186001833604263,381.07860262008734,0.5546995671325871,0.40187808945079023,673.1251819505095,6.359413436051943,7.908296943231441,2.2780203784570596,9.1863173216885,2.2678499818443925,0.9898296033873326,0.7712679928837134,7.679564936115154,0.761097596271046
1201,3,224.76884737398748,27.776104715357462,508.0990014090021,18.292665822507256,0.001368276576597498,0.0006651966155495078,0.08729378882253873,11.4555687579665,63.6139492953611,58.9292332195478,46.379467631133345,45.824011856013975,52.61656778994487,49.693435448436425,17.190740465564712,0.944444640456631,0.32671725252383144,1.0,1.0,0.0,0.0,0.0,0.0,1.0,0.0,-3.2034265038149176e-16,0.0,1.0,-3.2034265038149176e-16,0.0,0.0,1.0,1.0,1.0,1.0,0.0,1.0,-3.2034265038149176e-16,0.0,412.67754365121266,0.9503637805988602,11.966942119989206,14.285781605866713,1.0333524031200754,14.31913400898679,1.008089559214486,0.9747371560944104,0.27675560764271684,424.9634419863954,0.9786241277962555,0.9891361485894516,0.011214795405349658,0.9918579315261051,14.277639537392819,0.9665950876205157,359.50918635170603,0.9435936649651077,13.595152968083713,16.141732283464567,1.5301837270341208,16.671916010498688,1.501391802668265,0.9712080756341444,296.87926509186354,0.7792106695324502,0.9041812481773112,16.04591353164188,0.8753893238114555,0.8477123145785455,0.8678815489749431,0.2025475162061435,1.1464442109423987,272.5626423690205,0.620871622708475,0.3029041982970201,417.4419134396355,11.839685348249542,14.14123006833713,1.9476082004555808,15.08883826879271,1.9226202205389726,0.9750120200833918,0.8152208301695774,13.956450898506708,0.7902328502529691
2168,9,213.5053457565707,54.52834370041747,493.428191401679,9.049022176661149,0.0028067997665511433,0.0027991431531590037,0.14093159589911444,7.0956409286378035,61.36077203841142,60.53117766035394,43.31862665963782,45.21238835674041,50.10974874360472,49.292938793980404,13.78450215368558,0.983699580019775,0.27508623569869395,13.731837606837606,1.8082264957264955,16861.40843002267,563.9300662953729,36.738233024691354,5.248931623931624,0.836500754147813,0.3087606837606838,0.08052482907501829,4.627121913580246,0.9113470441595442,0.21932708806070694,-0.15639040505213472,0.15200399696367733,0.9819002357795461,0.9963675213675214,0.982846628679962,0.9939458689458689,6.284565108094519e-05,0.9433760683760684,0.20116469489831384,10.496791162155745,359.62202929097504,0.8772828240151693,19.55138335449231,24.184832961181517,1.0522916656158783,24.598528007083665,0.9858772760738901,0.9347010529897596,0.48603975718135495,396.1910236951549,0.9664252699405187,0.9830289614462274,0.017341827500664996,0.9871370838060304,24.081619199915977,0.922116997428727,286.6096096096096,0.860689518347176,22.34526418310202,27.74774774774775,2.009009009009009,34.57657657657658,1.91619656950299,0.9251499673452769,236.4894894894895,0.7101786471155841,0.8669294294294294,26.15972222222222,0.7965699984875303,1.264223439530856,0.7985611510791367,0.44087330573817063,1.6063589874625124,211.96882494004797,0.5083185250360862,0.49115240181955155,366.3717026378897,19.333172311072,23.908872901678656,2.568345323741007,34.77218225419664,2.475103474826188,0.9354463116678259,0.7361570743405276,21.32128896882494,0.6787754261540146
1130,3,345.0716117701394,43.00595754997996,776.7611234499623,18.061709765379337,0.001120785396943626,0.00044632084812300466,0.07642152935065853,13.0853178220436,64.64520639454005,58.39842695968986,49.47526997596707,49.035500094793825,54.121222115476996,46.53201877640383,30.444144002623283,0.8597739843553369,0.5625176744469189,1.2596153846153846,1.1298076923076923,3004.126746544471,124.20162259615384,6.133413461538462,7.009615384615385,0.917948717948718,0.25961538461538464,0.04181264947689167,6.133413461538462,0.9825721153846154,0.05142803409227626,-0.0013719508312392181,0.008412196136922604,0.9903977871443626,0.9953670750927857,0.9907280219780219,0.9952797202797202,1.3189828004642818e-05,0.9903846153846154,0.04181264947689167,3.2857572115384617,631.7411089383739,0.9474644445172271,19.149209973470786,22.13835017886548,1.033316690653715,22.171666869519193,1.0063545093031214,0.9730378186494064,0.2627199177784363,652.9425540909123,0.979211343926804,0.9892718557406984,0.011422733104441961,0.9920579651417623,22.13040814400724,0.9650957837911688,550.1076923076923,0.9403550295857989,21.740591715976333,25.092307692307692,1.5521367521367522,25.644444444444446,1.5214067678353393,0.9692700156985872,460.49401709401707,0.7871692599897728,0.9078053181386515,25.000113010446345,0.8770753338372385,0.8293292633791481,0.8679525222551929,0.2247176565125283,1.1261910414767626,421.1216617210682,0.6248095871232466,0.2960843187841753,638.9614243323442,18.948903309882095,21.910979228486646,1.9317507418397626,22.84272997032641,1.9050785744564889,0.9733278326167263,0.81826986482031,21.729249093306958,0.7915976974370362
1126,6,186.88002227783258,30.720003662112116,421.3417649594925,13.715550609752878,0.0020039854388076406,0.0014268928747679806,0.11258065984433688,8.882520331491047,57.16502712643839,56.579857938870745,42.76073318529108,44.778566968553534,50.02150474876958,45.848450159440006,19.10640730553118,0.9165747889774903,0.3819638653713463,1.0,1.0,0.0,0.0,0.0,0.0,1.0,0.0,-3.203426503814917e-16,0.0,1.0,-3.203426503814917e-16,0.0,0.0,1.0,1.0,1.0,1.0,0.0,1.0,-3.203426503814917e-16,0.0,345.11774602278973,0.9564111197575537,9.5187153256023,11.5782381450952,1.034626871595296,11.612865016690495,1.0125269050225518,0.9779000334272557,0.26260584757159994,352.65664131895795,0.9772443467194372,0.9886195995785039,0.011377826640281398,0.9913432821011761,11.569581427196379,0.9692433155284319,297.3130990415335,0.949882105564005,10.940093294817748,13.194888178913738,1.5750798722044728,13.76996805111821,1.549602413915513,0.9745225417110401,239.70287539936103,0.7658238830650512,0.8971645367412141,13.092052715654953,0.8716870784522542,0.8708687315262076,0.8575342465753425,0.21521093407098163,1.1523308156055767,220.26027397260273,0.6034528054043911,0.2960105085381873,349.26849315068495,9.412242446988175,11.457534246575342,1.9753424657534246,12.432876712328767,1.9534946727549467,0.9781522070015221,0.8034436834094368,11.26097792998478,0.781595890410959
1126,2,472.0640562744154,69.84534165953637,1060.6600593927346,15.185838227593763,0.0011407702505519463,0.0004623795522264359,0.07732730480096829,12.932042602207416,76.03788932689349,72.44308505180561,59.74881199234283,56.66462825865605,64.62045473172526,58.2142537873928,34.94866104777558,0.9008641927555586,0.5408296984734404,1.0,1.0,0.0,0.0,0.0,0.0,1.0,0.0,-3.2034265038149176e-16,0.0,1.0,-3.2034265038149176e-16,0.0,0.0,1.0,1.0,1.0,1.0,0.0,1.0,-3.2034265038149176e-16,0.0,886.6518839077557,0.9718773552598385,8.374611082589754,10.163827313791815,1.0324664529783574,10.196293766770175,1.0182418890270744,0.9857754360487172,0.19637903089656955,893.615202312248,0.9794617491598654,0.9894877356916403,0.011021041090103063,0.9921673578446518,10.155994671636469,0.9779427938933688,776.3915211970075,0.9680692284251964,9.50837370414363,11.423940149625935,1.5286783042394014,11.952618453865338,1.5124977283505978,0.9838194241111964,630.720698254364,0.7864347858533218,0.9075380991964532,11.331478248822389,0.8913575233076496,0.7575749406338633,0.8698481561822126,0.20703851344208057,1.0519421823207273,578.4620390455532,0.6273991746697973,0.28321436469807687,896.3405639913232,8.287538643239962,10.067245119305857,1.9045553145336225,10.97180043383948,1.8904806704307804,0.9859253558971578,0.819730657989877,9.886975777295733,0.8056560138870348
2060,2,179.2000080108634,31.31733473332481,402.4963820516125,12.852191461341558,0.0021880985910837374,0.0017011241854746066,0.11937462116977256,8.376989934718344,58.00965347013596,56.074235465509354,43.524706556984206,44.2899516254781,48.321444559382996,46.28656461508785,19.016382918039383,0.9578886773181118,0.3935392058627272,1.4358974358974357,1.217948717948718,8328.304843304843,279.9430199430199,12.35042735042735,14.82051282051282,0.9160839160839161,0.43589743589743585,0.05000172474218074,12.350427350427351,0.9775641025641026,0.06282223756269353,-0.0020344586080339334,0.01131877896533615,0.987190568003014,0.9937755091052025,0.9875457875457876,0.993682645856559,1.1090409014284448e-05,0.9871794871794872,0.05000172474218074,6.792735042735043,337.351729063,0.9715484118927689,6.572254056512564,8.246069949822767,1.023995805768643,8.27006575559141,1.0096337322645614,0.9856379264959185,0.18403726068992893,341.7528674998629,0.9841780834273806,0.992087912087912,0.007910958286309678,0.9940010485578394,8.240070998380606,0.9796389750537575,304.13375796178343,0.9685788470120492,7.257535802669479,9.012738853503185,1.3694267515923566,9.382165605095542,1.3535451019284808,0.9841183503361242,255.80891719745222,0.8146780802466631,0.9217975937721161,8.9345364472753,0.9059159441082403,0.6573197367475551,0.8971428571428571,0.1269828390604081,0.8869065975591125,238.96,0.6827428571428571,0.1862530612244898,340.12,6.5207836734693885,8.188571428571429,1.64,8.82857142857143,1.6257518914444085,0.9857518914444086,0.8526984126984127,8.041269841269841,0.8384503041428213
1316,17,117.75071380587552,13.82290988155808,265.98789800785283,19.242540122664202,0.0017977600454206716,0.001148327312514498,0.10471813480854059,9.549444342456356,48.88335017811096,44.77657772957482,37.83472409781784,40.99561013190285,46.36205835209489,40.72404998003266,14.399998203561331,0.8783917588549546,0.31059876794513935,1.0,1.0,0.0,0.0,0.0,0.0,1.0,0.0,-3.2034265038149176e-16,0.0,1.0,-3.2034265038149176e-16,0.0,0.0,1.0,1.0,1.0,1.0,0.0,1.0,-3.2034265038149176e-16,0.0,217.3739651329796,0.956945268410033,11.38797650554625,13.656841300176044,1.0376419120422509,13.694483212218298,1.0156682292294452,0.9780263171871943,0.24835397173582655,221.54099061570926,0.9752561008411974,0.9876254180602007,0.012371949579401216,0.9905895219894373,13.64743082216548,0.9686158391766315,184.2577319587629,0.9497821234987778,13.28262833457328,15.81958762886598,1.690721649484536,16.510309278350515,1.664993198739977,0.9742715492554409,147.41237113402062,0.7598575831650547,0.8933906071019473,15.712978235967928,0.8676621563573883,0.8774259138651296,0.8434782608695652,0.2851525135508556,1.1730348808944062,134.2086956521739,0.5835160680529301,0.3225708884688091,220.2173913043478,11.25,13.5,2.0695652173913044,14.569565217391304,2.0478638285024156,0.978298611111111,0.7905797101449276,13.290579710144929,0.7688783212560386
2095,11,172.031559082018,27.946595039364514,394.8927446744803,14.130263243813758,0.002009255813790348,0.0014344080485877942,0.1127779608522135,8.866980679943486,52.890773407796054,48.086525110649475,38.77310002625035,40.80784299162615,47.27889043619962,40.356015469332924,17.35425737898078,0.8535736582860644,0.3670614352170434,1.0,1.0,0.0,0.0,0.0,0.0,1.0,0.0,-3.203426503814917e-16,0.0,1.0,-3.203426503814917e-16,0.0,0.0,1.0,1.0,1.0,1.0,0.0,1.0,-3.203426503814917e-16,0.0,323.788791455076,0.976169996137606,4.301315697162147,5.812127668072013,1.0406416151445665,5.852769283216579,1.0286112959743867,0.9879696808298201,0.18785784735189065,323.6870190203517,0.9756980937052095,0.9871794871794871,0.014216479976669,0.9906190895145198,5.802746757586532,0.9785887703443398,273.11387900355874,0.9719355124681804,5.065639999493421,6.679715302491103,1.701067615658363,7.380782918149467,1.6868683274021352,0.9858007117437723,207.12811387900356,0.7371107255480553,0.8824387109529458,6.562154013444049,0.868239422696718,0.8625834220026268,0.8363095238095238,0.27129848912754395,1.141676138313271,191.01190476190476,0.5684878117913832,0.31746031746031744,328.0952380952381,4.246456916099774,5.75,2.0952380952380953,6.845238095238095,2.083363095238095,0.9881249999999999,0.7775504298941799,5.5275504298941796,0.7656754298941799
2060,3,113.15200505828803,17.365334109624165,252.81174553454883,14.558415285222543,0.002437318788710573,0.002110701986622808,0.12827508358056772,7.795746236032771,55.18260443655485,53.98073572088523,40.12779646971374,43.00697379449092,51.37519351241082,46.75317027691334,10.869708624559628,0.9100339498598495,0.21157504004211308,1.0,1.0,0.0,0.0,0.0,0.0,1.0,0.0,-3.2034265038149176e-16,0.0,1.0,-3.2034265038149176e-16,0.0,0.0,1.0,1.0,1.0,1.0,0.0,1.0,-3.2034265038149176e-16,0.0,209.45884171126093,0.9554258555550147,5.014591250060873,6.815848252539216,1.0242410913203925,6.840089343859609,1.0015229340839111,0.9772818427635188,0.22350691931097977,215.7253669417173,0.9839904214319086,0.9919944309084581,0.008004789284045691,0.9939397271699018,6.809787979709118,0.9712215699334206,189.25125628140702,0.9510113380975228,5.511224464028686,7.407035175879397,1.4120603015075377,7.819095477386934,1.3870328203517588,0.9749725188442211,167.46231155778895,0.8415191535567283,0.9334785036292574,7.340513679508654,0.9084510224734785,0.6583392348756382,0.9004524886877828,0.17873286028130603,0.9416251508234185,154.73755656108597,0.7001699391904342,0.2281689564095739,211.2262443438914,4.975328105485145,6.769230769230769,1.6877828054298643,7.457013574660634,1.6652467477375565,0.9774639423076923,0.8632478632478632,6.632478632478633,0.8407118055555556
1126,13,93.69601116943386,25.770669738768678,209.13749273277088,8.115330135101233,0.004807318796900384,0.008211227648879318,0.201744961674283,4.956753277509348,51.05605004222779,48.08659111693089,39.40355663197795,42.10463220161836,47.56362325502747,42.07078966220803,13.665160063471413,0.8845160814732748,0.2873027563564979,1.0,1.0,0.0,0.0,0.0,0.0,1.0,0.0,-3.203426503814917e-16,0.0,1.0,-3.203426503814917e-16,0.0,0.0,1.0,1.0,1.0,1.0,0.0,1.0,-3.203426503814917e-16,0.0,162.71663111392647,0.8959391698114204,11.706843396215211,15.04089285640915,1.022921638497499,15.063814494906648,0.968074400777151,0.9451527622796518,0.3697472162959969,178.87336297361796,0.9848692908210412,0.9924337957124844,0.007565354589479374,0.994269590375625,15.035162446784778,0.9394223526552771,146.21212121212122,0.8861340679522498,12.8099173553719,16.454545454545453,1.3636363636363635,16.818181818181817,1.3032670454545454,0.9396306818181818,137.29090909090908,0.8320661157024793,0.9292929292929294,16.383838383838384,0.8689236111111112,0.826362572839837,0.9016393442622951,0.13355371900826446,1.0496861295868392,127.91803278688525,0.6990056436441817,0.19080892233270627,164.0928961748634,11.623219564633162,14.934426229508198,1.6229508196721312,15.557377049180328,1.5685194672131149,0.9455686475409836,0.8624772313296905,14.796903460837887,0.808045878870674
1281,1,2454.6339952808084,334.6704516407217,5847.947925419524,17.473750361736336,0.0004222184318669339,6.333979056293366e-05,0.03986198068171732,25.086560750320405,113.8739063137612,105.61654267159177,80.45663857666902,102.50307655750849,105.7023848928177,71.41435384878734,63.64368507102772,0.6756172428957166,0.602102640688405,8.889168454046413,1.3726465651319335,100787.48323146795,1849.7647084644393,36.194609831043046,8.397827658857489,0.7106058574096435,0.25261207345127745,0.06138155101366171,8.255303872441978,0.9674330491360597,0.1342815261712063,-0.479758431523188,0.2554856799587458,0.9919248741137776,0.9982860282595761,0.9921751961787189,0.9972628874315994,9.066375761864449e-06,0.9834213173694762,0.12619734452021006,11.148109372475131,4526.5611779539595,0.9680084939887679,14.563723843609383,16.766518268852447,1.0781900310027248,17.424738855647742,1.0613100818794736,0.9837645292720738,0.29046327811963596,4455.605492551038,0.9526551881448253,0.9754179904367638,0.026821912512710305,0.981631234104818,16.60314186400912,0.9655568829757232,3349.3577796951395,0.9632895541257231,16.927519674256956,19.359217716422204,3.0721886683922923,32.29076790336497,3.0414487265522636,0.9813260154028057,2282.8694276675296,0.6565629645290565,0.8363730394786578,17.34260446503709,0.819757928537979,1.2222793425264173,0.7252816020025031,1.171168703098359,1.6885444588194116,2008.2102628285356,0.4189007640443337,0.8276384626938591,4642.410930329579,14.380526459423189,16.565915727993325,3.514392991239049,35.582603254067585,3.480012863301349,0.9839557548787836,0.6606237814274647,13.142777399375825,0.6480059386507426
2087,1,386.5590092467964,89.72777002715623,882.2154981124421,9.832134442273986,0.0019319234491128449,0.0013261177065465079,0.10986533676879305,9.102051924752733,75.71728832108847,70.4726165293616,52.58732176636454,57.60555614605268,67.436118004831,55.047628617856795,19.42412011264392,0.8162929635705496,0.28803734092837924,6.361776684853608,1.4885806501191114,50877.58927432825,1034.2212448998414,28.51251520783834,14.412218550680091,0.7335474174821626,0.7523092292323061,0.16494934030926564,12.32316609541231,0.9300389274907064,0.2042331334392125,-0.08210263977838492,0.08937744042008777,0.9608231358997876,0.9926741128482782,0.9626663080509235,0.9872824263958554,0.00010722124668427673,0.9607162068700531,0.16494934030926564,10.731183439629607,708.9268147032149,0.9525615049647728,16.172276166930956,18.712879184899318,1.0437260780039885,18.75660526290331,1.0195870396177629,0.9758609616137743,0.29171803426202303,723.2062009217814,0.9716798731880932,0.9857361181864494,0.014466068101916429,0.9891833596461402,18.70206254454546,0.9650443212599144,590.8274760383387,0.943813859486164,19.146832161193846,22.057507987220447,1.7779552715654952,22.835463258785943,1.7492581869009585,0.9713029153354632,459.01916932907346,0.7332574589921301,0.8802804401845935,21.93778842740504,0.8515833555200567,0.9835489502433447,0.8291390728476821,0.3233497330788311,1.3119927594395093,416.8490066225166,0.5521178895662471,0.4081575369501338,719.6860927152318,15.946012894171307,18.459602649006623,2.2874172185430464,19.747019867549668,2.263623344370861,0.9762061258278145,0.7682075055187638,18.227810154525386,0.7444136313465782
1201,1,685.5705845871737,112.85375878973957,1538.600718646586,13.633579733158808,0.001054999359112767,0.00039546371131690477,0.07340103986955102,13.623785191288965,93.78116593564168,89.1166929142211,68.07074444828594,75.54389565066313,72.15696002086514,64.0351403102345,40.43270951892163,0.8874423242292621,0.5603438602073865,20.94805194805195,1.7672327672327672,90648.70396642541,2124.6216519186655,62.71380567484462,0.0,1.0,0.0,-3.2034265038149176e-16,0.0,0.9455609325739196,0.13193909239560597,-0.23076923076923,0.18930805900849543,1.0,1.0,1.0,1.0,0.0,0.968031968031968,0.13193909239560597,15.678451418711159,1274.8816709921698,0.9605564988767881,12.56469539352269,14.814870276425893,1.026996111538996,15.275275700892276,1.006222078688426,0.9799194220501138,0.21804468749926176,1304.3809615780503,0.9827579222329774,0.9912104325845923,0.009138591566907472,0.9934455226532163,14.699963470847264,0.9735383084285008,1147.8499580888517,0.9621541978950978,12.241292985275239,14.437552388935456,1.410729253981559,21.124895222129087,1.381437413267207,0.9807507410123871,964.745180217938,0.8086715676596294,0.9188597839247461,12.787258778057186,0.9021211703688181,0.6962948754828986,0.8909634055265123,0.1509911477190569,0.9868534801475128,894.8013442867812,0.6682608993926671,0.2345557891284669,1286.0500373412995,12.583083136401436,14.836445108289768,1.7438386855862584,26.764749813293502,1.7058106303418803,0.97986709038669,0.8444579288025891,11.884786532237989,0.8287988055970459
1262,6,60.41602970886081,8.874671030680808,134.7197569061186,15.180253604936581,0.0032020668267902144,0.0036430323591487806,0.15387013788289913,6.498986832396531,51.187511260019605,44.37657828433832,38.43333945582271,39.27340124191939,46.119038295057166,37.665106296018564,15.09117595335545,0.8166932288363727,0.32722226029099255,1.0,1.0,0.0,0.0,0.0,0.0,1.0,0.0,-3.203426503814917e-16,0.0,1.0,-3.203426503814917e-16,0.0,0.0,1.0,1.0,1.0,1.0,0.0,1.0,-3.203426503814917e-16,0.0,115.17091826834215,0.9830736187098054,4.874797811576083,6.326499722759219,1.021764265796096,6.348263988555317,1.0132418662396814,0.991477600443585,0.12839518236150804,115.481353011857,0.9856606263626179,0.9928292046936114,0.007169686818691128,0.9945589335509764,6.321058656310196,0.9860365339945611,105.01869158878505,0.9814830989606079,5.33286749934492,6.831775700934579,1.3271028037383177,7.158878504672897,1.3177719626168225,0.9906691588785046,88.70093457943925,0.8289806970041051,0.9286085150571132,6.760384215991692,0.9192776739356179,0.5668340417075775,0.9067796610169492,0.11092671849069786,0.7928552360823633,83.13559322033899,0.7045389255960931,0.16862970410801492,116.01694915254237,4.839988509049124,6.288135593220339,1.576271186440678,6.864406779661017,1.5678101694915254,0.9915389830508474,0.8653483992467044,6.153483992467043,0.8568873822975518
2087,3,392.1909948119815,54.35719401549044,894.5637952063738,16.4571371169646,0.0011462124393250958,0.0004668017557438578,0.07757304279755625,12.891076125629333,67.3331070454859,63.84972101386519,52.77562326633799,46.55147757679476,59.988814726859594,50.39409445916824,24.530452654563454,0.8400581789892344,0.40891710840187856,11.846153846153847,1.478021978021978,273321.4947938361,3387.4312626149376,52.40345368916799,18.791208791208792,0.8980883408364325,0.6263736263736264,0.08408926319447949,15.668759811616955,0.9634458398744113,0.10496838407360033,-0.0795576911941424,0.0726338626364492,0.9791440523959947,0.9959335189804785,0.9797943991492379,0.9931167733365537,2.31990231990232e-05,0.9791208791208791,0.08408926319447949,17.798665620094194,738.9070245132981,0.978983535227819,16.536246397603755,18.489205977782678,1.0451203898729147,18.53432636765559,1.0345298554974236,0.9894094656245094,0.2034500135951736,732.9719452646118,0.9710746298118198,0.985338421369753,0.015065850123216583,0.9889469147109746,18.47815289249365,0.978356380335484,611.1658692185008,0.9747462029003202,19.866761292094964,22.05263157894737,1.8564593301435406,22.90909090909091,1.8437109744597766,0.987251644316236,452.42264752791067,0.7215672209376566,0.8740257841573632,21.92665736310473,0.8612774284735992,0.9221772618089306,0.8185378590078329,0.3639314321762068,1.23942023962099,413.2480417754569,0.5394883051898915,0.39254477159159856,750.1357702349869,16.295700427434916,18.232375979112273,2.300261096605744,19.532637075718014,2.2898260848384853,0.9895649882327415,0.7572073542210619,17.989583333333336,0.7467723424538033
1133,2,1100.3075599142114,124.58888145456136,2534.0630046307783,20.33939927099332,0.0005510337982357309,0.00010788441756975168,0.04760503700694724,21.006180498380143,98.37792232236391,95.70687231322262,67.75587152021193,78.68113440764913,88.68881914967739,79.1673100389336,29.75172311035923,0.8926413813823068,0.3354619375430872,11.155748623519957,1.464999465082315,86939.64041958717,1804.9251087683967,40.72580361478468,5.728472797569732,0.8007653085590654,0.22032587682960508,0.05537768367900724,5.557619129443828,0.9574189980242293,0.14795679196721256,-0.31032732349358655,0.21653370503723168,0.9915384449075779,0.9983051855628491,0.9918397823396443,0.9971753092714153,1.2535609742239705e-05,0.9778783690962649,0.13948271978145863,11.613569103088603,2000.9187074766753,0.9470599414377501,18.7794688961743,21.734355702313685,1.052421755694348,22.345482655303492,1.0244950268676747,0.9728396706209199,0.3071126854046441,2043.119399095946,0.966978849089862,0.9831406378637649,0.01773343211968895,0.9873458156033299,21.582025218593152,0.9603770860861481,1610.9836257309942,0.9420956875619849,20.662942101843303,23.867251461988303,1.9830409356725147,33.7906432748538,1.94099284415934,0.9702157642854441,1170.5543859649122,0.6845347286344516,0.8538592380421954,21.486022980732255,0.8271409662772942,1.1007061605629793,0.7957189390414147,0.4036828425840429,1.4224186256079188,1074.640763145649,0.5000655016964398,0.436984877877771,2036.0777105630525,18.63165505355873,21.567240577012566,2.5058166589111215,37.301070265239645,2.4593467530440303,0.9730472587821761,0.7251459335091257,17.735383253192698,0.7030724834536187
1186,2,348.1600155639651,60.5440027065254,796.3066514999766,13.152527350395205,0.0015201123184360066,0.0008210197472370614,0.09363779988978069,10.679447842399986,63.44761713391788,59.61476416052546,43.7008015591852,49.62580048114867,54.801127821963085,43.76493083090077,25.24977150118631,0.7986136886285167,0.46075277106006485,72.72261072261072,3.0011655011655014,1191029.7662274556,14903.912415102495,244.65571801935437,11.076923076923077,0.9120879120879122,0.46153846153846156,0.06240600957377909,8.307692307692308,0.8771462561708774,0.32120986025801207,-0.4651967584968286,0.38391705031730405,0.9808025596587122,0.9962791659130255,0.9815384615384615,0.993677555321391,3.338675213675213e-05,0.9289044289044289,0.30197909102724285,63.933160274069365,622.0934922891348,0.9264818898253536,37.92925006731911,42.560853121983605,1.0384958461701808,45.95281531816146,0.9982120226540433,0.962131877375054,0.3591696369872495,654.7975268779641,0.9751104019994662,0.9874434389140271,0.012784491877429001,0.990504758465693,41.71299129294737,0.9532405610635446,540.0433275563258,0.9359503077232684,30.031051665670457,33.85961871750433,1.6533795493934142,95.40727902946274,1.57721429358218,0.9671155389471602,437.9844020797227,0.7590717540376477,0.8936428846524167,24.352914981706142,0.8677311670477503,0.9364051794201669,0.8485294117647059,0.26449483223149683,1.306816866690955,397.65294117647056,0.5847837370242215,0.343416955017301,629.5970588235294,38.45522491349481,43.141176470588235,2.1029411764705883,138.69117647058823,1.9971812431094889,0.9618136991939633,0.7921262254901962,24.262714460784313,0.7675686538901275
1130,5,156.66455964638374,22.44160086437829,363.9298195753265,16.216749499051776,0.0018236959531578087,0.001181699671876706,0.10572289291754838,9.458689337794457,50.10585833472872,48.085475127494696,38.804453726506914,37.65953046079569,45.558382144939465,39.36425263712184,12.442134389738188,0.8640397394246437,0.27310307793974714,1.0,1.0,0.0,0.0,0.0,0.0,1.0,0.0,-3.2034265038149176e-16,0.0,1.0,-3.2034265038149176e-16,0.0,0.0,1.0,1.0,1.0,1.0,0.0,1.0,-3.2034265038149176e-16,0.0,300.3076923076923,1.0,0.0,1.0,1.0576173568387586,1.0576173568387586,1.0576173568387586,1.0,0.13290631094075406,289.3261861173521,0.9632908896595356,0.9813976872800403,0.019110476111963867,0.9858844110790608,0.9858844110790608,0.9858844110790608,238.0,1.0,0.0,1.0,2.0252100840336134,2.0252100840336134,2.0252100840336134,1.0,150.4453781512605,0.6321234376103383,0.823062558356676,0.823062558356676,0.823062558356676,0.9583300939148572,0.7777777777777778,0.37214885954381755,1.2931508640134317,144.95424836601308,0.47370669400657867,0.45888333546926396,306.0,0.0,1.0,2.6601307189542482,2.6601307189542482,2.6601307189542482,1.0,0.6907398329702251,0.6907398329702251,0.6907398329702251
1165,3,56.31985565185113,9.685308509826386,128.0804495739792,13.224199254368934,0.0037697648240568606,0.005049295196145896,0.1715577152618118,5.82894216371391,51.3247672558479,47.63856954691836,41.63065008006606,39.33039595657049,43.27194469111811,37.1866510012518,13.343852994992721,0.8593709218916765,0.30837192759057225,1.0,1.0,0.0,0.0,0.0,0.0,1.0,0.0,-3.2034265038149176e-16,0.0,1.0,-3.2034265038149176e-16,0.0,0.0,1.0,1.0,1.0,1.0,0.0,1.0,-3.2034265038149176e-16,0.0,104.76591416687448,0.9638740406569848,20.88080450026271,23.523581217433566,1.0362670758795256,23.559848293313102,1.0178804789673346,0.9816134030878094,0.22190349448641708,106.121124026037,0.9762316178696326,0.988111888111888,0.011884191065183734,0.9909332310301188,23.51451444846369,0.9725466341179279,94.08163265306122,0.9600166597251145,23.1103706788838,25.979591836734695,1.5510204081632653,26.53061224489796,1.5306289046230737,0.9796084964598084,84.77551020408163,0.8650562265722616,0.9423724489795919,25.921964285714285,0.9219809454394002,0.594812743804531,0.8909090909090909,0.29112869637650973,1.0540536804750533,76.65454545454546,0.6968595041322314,0.6317355371900827,106.07272727272728,20.63603305785124,23.254545454545454,2.3454545454545452,24.6,2.3272875695732838,0.9818330241187384,0.8574974747474748,23.11204292929293,0.8393304988662132
1265,2,1030.6533584288757,118.2290303115346,2355.7145932172243,19.925009847495954,0.0005833983315863321,0.00012092959871027283,0.04945127998372664,20.221923483660657,104.41145027658993,98.40319834176296,56.97428919455616,95.60585898577311,103.86697974881292,52.714720920035724,41.4178969832611,0.5075214572284527,0.3987590385647509,25.475446997334153,2.094762859657273,195764.55849028353,3993.8636054379754,95.82811154411085,16.734877584768068,0.6752500546353752,0.5976741994560025,0.11366843387510975,15.504676861033637,0.9084360058348556,0.2708774808831248,-0.2933570946486135,0.2489888612699212,0.978681684605391,0.9897016137939889,0.9793905448463447,0.9895144877288421,2.7226412147230434e-05,0.9502285728790973,0.2495319737596962,28.14074728221973,1904.4767466773153,0.9585491848162935,16.24871955201294,18.78643994420739,1.0400075623162695,20.074458557150518,1.0173744457944691,0.9788508442993966,0.24663382487174096,1936.1135182449066,0.9743887721081965,0.9870075279911348,0.013379064942933878,0.9902154029510769,18.501527197647547,0.9693933913045887,1625.2132701421801,0.9628040699894432,14.580804564138273,16.924170616113745,1.7031990521327014,36.03969194312796,1.6623708798485215,0.9810651954624093,1244.2488151658767,0.7371142269940029,0.8827250311657048,13.309660260233635,0.8679486515829844,0.8853375036862052,0.8385494287133631,0.2810580259877361,1.2155458464633269,1146.1336313959264,0.5693659371067692,0.3458982090825926,1928.8370591157477,16.38940527899996,18.943368107302533,2.135618479880775,53.46199701937407,2.07458830325831,0.9786642471970243,0.7781598774631562,12.230387067395265,0.7645424848473035
2135,1,122.36684759526601,28.031736007701966,279.8303158676582,9.98262525698631,0.0033785699429679447,0.004055721026646603,0.15947380559472094,6.270622289790663,54.057480809078626,50.7287890264895,41.43004693685086,38.9296806956145,47.75160752608812,43.421465000962996,10.782167594595887,0.9093194397118579,0.2257969553947533,1.4230769230769231,1.2115384615384615,1478.1778846153845,76.78846153846153,6.980769230769231,9.307692307692308,0.9120879120879122,0.4230769230769231,0.06240600957377909,6.980769230769231,0.96875,0.08163677880454835,-0.0036582969583703866,0.017267087218230594,0.9808088818398097,0.9908117548788822,0.9816053511705685,0.9905982905982906,3.9732994278448824e-05,0.9807692307692307,0.06240600957377909,4.072115384615385,231.95698754511582,0.9831884356371123,4.0683985758187955,5.4762021091414015,1.039239500240894,5.515441609382295,1.0307778705449748,0.9915383703040805,0.16873128820068453,229.86754498710044,0.9742591922506251,0.9871258448664306,0.012870403874687415,0.9901901249397765,5.4663922340811775,0.9817284952438571,196.04,0.9802,4.791600000000001,6.28,1.715,6.995,1.7050189035916825,0.9900189035916824,148.66,0.7433,0.8853388888888888,6.165338888888889,0.8753577924805714,0.8206623144524914,0.8368200836820083,0.286975,1.118523500969999,136.07112970711296,0.5693352707410585,0.3231035871220742,235.03347280334728,4.016316240962167,5.418410041841004,2.1046025104602513,6.523012552301255,2.0962501285286046,0.9916476180683536,0.7796373779637379,5.198047419804742,0.7712849960320913
1508,5,401.40804785156365,19.882669036869174,921.6309451459939,46.35348219280718,0.0004009259569023805,5.711242424366239e-05,0.03851029673288309,25.96708114030506,82.06534564672084,81.36830424582196,42.10463220161836,72.21745583933345,83.14113274590787,42.82084329713162,17.484272980980535,0.5150380068551474,0.2102963046512148,14.53030303030303,1.6113053613053612,127280.9980796692,2445.002889137186,55.59120929575474,12.062937062937063,0.8391463608854912,0.40209790209790214,0.06563952594039556,11.010012714558169,0.95018101567344,0.14493645625112558,-0.1555517563999541,0.12765798754122284,0.9866116125827558,0.9935180348936394,0.9870290999323258,0.9934082311131491,1.4892514892514891e-05,0.9729215229215229,0.13153319284786225,16.913536589672955,744.4203460800853,0.9647551454646967,15.860184540886515,18.22687711098559,1.0485830803656697,18.849402696683505,1.0300598549584712,0.982074009249755,0.24716418608491594,747.552912412121,0.9687951297323435,0.9842032967032966,0.01619170642290462,0.9880762335005143,18.07146771815304,0.9702995514145075,605.4578696343402,0.9625721297843247,16.842541597053895,19.314785373608903,1.933227344992051,29.405405405405407,1.904640271047812,0.9809419507038409,436.5421303656598,0.6940256444605084,0.8591101395513161,16.884547341459108,0.8424343464171768,1.0168574337756868,0.8022959183673469,0.37965731559671523,1.3161527756323084,402.9642857142857,0.5139850583090378,0.3899872448979592,756.5,15.784438775510205,18.142857142857142,2.3801020408163267,34.21683673469388,2.3469732846312303,0.9821614389772558,0.7351810515873016,14.204568806689343,0.7211650393551455
1395,1,3479.0310832211676,521.0439978940033,8196.975177797714,15.731829194710802,0.00039611294114229155,5.574941422904941e-05,0.038201472451545634,26.177001456380772,124.74346560898978,116.882035758255,99.46079394987646,109.92943354782454,108.00218035405183,89.45035221527185,72.39324628218637,0.8282272813570658,0.6702943037341232,8.70400789668589,1.378491263696471,59983.72302147335,1291.4849390040522,30.41341074128082,3.3845566133934772,0.786233236214955,0.1596389369869235,0.06198014404391895,3.3398466569986924,0.9602483705284087,0.16043240084594249,-0.6256292904442735,0.35273117939110255,0.9924844590035555,0.9985814079886927,0.9928072003675275,0.9975515079476762,1.6785719111519846e-05,0.97970610497515,0.1529001115016912,8.449491838668576,6222.286774790743,0.9383619354013111,15.031753047106504,17.891190634098283,1.0763667218886854,18.439648828819266,1.0436576464236968,0.968266320140037,0.3761696066130794,6322.827636031055,0.953432826949363,0.9758646063281826,0.026123795506770867,0.981974111546529,17.755141877436735,0.9504842805878225,4651.592740327084,0.9277209294629206,17.83169439092679,21.137215795771837,2.94315915436777,31.268448344635022,2.8888219390664815,0.9625802917121317,3314.0418827283606,0.660957694999673,0.8394792177405805,19.414672842258597,0.8052868279883606,1.285589290583557,0.7378955114054452,1.10657741093188,1.7610930379697376,2925.7358351729213,0.430571866839282,0.8945185748296723,6381.929212656365,14.810637523478773,17.636203090507728,3.5433406916850627,34.111552612214865,3.4832721404289737,0.9687165909547006,0.6708151535325929,14.781644194494085,0.6447494594656946
1165,1,424.958910827604,72.87447988890321,965.6055916893412,13.250257060652812,0.001370253354011567,0.0006671200505225221,0.08737784535003758,11.444548626645323,71.42874500055245,67.50871398541761,55.40817224738267,50.85508899880088,58.82166765654511,56.50081243258738,24.159591656539316,0.9605442124234047,0.41072605757465414,6.008741258741258,1.3823426573426572,18266.60496924039,590.3231672397849,21.828822314049585,6.934615384615385,0.8401328765701236,0.2653846153846154,0.05810711928501788,6.47673076923077,0.9518046726001271,0.13952962547815587,-0.1552881732157594,0.12883265891469262,0.9884912008169587,0.9967285113226523,0.9889957264957265,0.995636664690611,2.9756699059714386e-05,0.9737762237762237,0.1279911639396944,7.190859424666243,754.1095899509656,0.9205080424117456,14.777456291666518,17.904323605813218,1.0398609350490797,18.126096656264096,0.9981032505334723,0.9588037726306943,0.36531226318898236,798.2959105390092,0.9744158328823355,0.9870250231696015,0.013348672843410124,0.9902440066181886,17.84908958358096,0.9491881435354583,638.6771428571428,0.9123959183673469,16.493053061224487,19.931428571428572,1.6542857142857144,23.354285714285716,1.6001576278659615,0.9544168871252204,520.4228571428572,0.7434612244897959,0.8859325396825397,19.125218253968253,0.8424856701940037,1.019833451811157,0.8433734939759037,0.2483673469387755,1.3297404134582758,475.1156626506024,0.5724285092175933,0.3464363478008419,764.5614457831325,14.641887066337642,17.74457831325301,2.1349397590361447,23.549397590361444,2.0796807600773466,0.9591542094303138,0.7826556224899598,16.3597640562249,0.7454131340175515
1262,1,702.9763456802194,108.03205312348022,1598.2670264084347,14.794377966524635,0.0009539018343888785,0.00032330291030797714,0.06863356187028297,14.57013118290428,87.46017669562566,81.46657303220077,59.05931601041421,72.69883098751204,75.80757470575703,56.54271807741012,34.11339055632977,0.7458716137124503,0.4499997617485988,1.0,1.0,0.0,0.0,0.0,0.0,1.0,0.0,-3.2034265038149176e-16,0.0,1.0,-3.2034265038149176e-16,0.0,0.0,1.0,1.0,1.0,1.0,0.0,1.0,-3.2034265038149176e-16,0.0,1330.8645389317849,0.9810179492959283,7.440963875996118,9.049600991386335,1.0367455438580582,9.086346535244392,1.02717408013465,0.9904285362765919,0.17091301332003492,1324.8899587651993,0.9765761756872087,0.9880665583506077,0.01238461563609399,0.9910656925565318,9.040666683942865,0.9814942288331238,1149.287659574468,0.9781171570846537,8.578074422815755,10.293617021276596,1.611063829787234,10.90468085106383,1.600013155564551,0.9889493257773168,907.1412765957447,0.772035129017655,0.8999912529550826,10.193608274231678,0.8889405787323994,0.7694793311720608,0.8557902403495994,0.245646717971933,1.0943860426850986,824.3619810633649,0.6004093088589694,0.33636212694197587,1347.246176256373,7.3528761161703,8.953386744355425,2.053168244719592,10.006554989075019,2.0437111855705368,0.9905429408509449,0.802742170429716,8.756128914785142,0.7932851112806607
1282,12,95.23291955575908,19.242852472959765,215.46948804114515,11.197377745525248,0.00343254187682817,0.004186334577374655,0.16116768888688052,6.2047176261358095,54.412035507990694,49.244104202377606,39.8561081462129,38.607774659370406,46.79086942235085,37.37689943944303,9.974304207892402,0.798807543028662,0.21316774684951506,1.0,1.0,0.0,0.0,0.0,0.0,1.0,0.0,-3.2034265038149176e-16,0.0,1.0,-3.2034265038149176e-16,0.0,0.0,1.0,1.0,1.0,1.0,0.0,1.0,-3.2034265038149176e-16,0.0,172.3146019583202,0.9368751967449346,11.39402698753928,14.01820742183821,1.0360476316054024,14.054255053443608,1.0035021130508068,0.9674544814454045,0.2864380977122048,180.14752083938103,0.9792396424395295,0.9888337468982631,0.012885689933644378,0.9919484301376392,14.010155851975846,0.9594029115830434,149.4472049689441,0.9282435091238764,12.952046603140312,15.869565217391305,1.6024844720496894,16.472049689440993,1.565310559006211,0.9628260869565216,131.27329192546583,0.8153620616488562,0.918823326432022,15.788388543823327,0.8816494133885436,0.8266836507834845,0.8655913978494624,0.26781374175379036,1.1533833365578066,118.16129032258064,0.6352757544224766,0.34582032604925417,174.38709677419354,11.269510926118626,13.870967741935484,2.010752688172043,14.881720430107526,1.9785752688172042,0.9678225806451612,0.8249701314217444,13.695937873357227,0.7927927120669056
1152,8,271.3730324568011,55.12798080725931,614.0779924000861,11.13913449046956,0.0020439103813994016,0.0014843145519282932,0.11407101740798739,8.766468667701904,59.551605360338485,56.17208815227901,42.3642050573293,46.42758215819082,53.376109909537384,45.150325579129934,15.527673609390929,0.8458901492756098,0.29091055222472106,1.0,1.0,0.0,0.0,0.0,0.0,1.0,0.0,-3.2034265038149176e-16,0.0,1.0,-3.2034265038149176e-16,0.0,0.0,1.0,1.0,1.0,1.0,0.0,1.0,-3.2034265038149176e-16,0.0,509.44910301384516,0.9735168575306237,12.084042494109603,13.994497322157345,1.0390109427748875,14.033508264932234,1.0256549976751421,0.9866440549002544,0.2124922252587849,510.4067461315451,0.975316077653408,0.9873730043541363,0.013215880153723882,0.9905759954042401,13.985073317561586,0.9772200503044943,435.16481069042317,0.9691866607804525,14.05548583588375,16.14476614699332,1.688195991091314,16.832962138084632,1.672629966473892,0.9844339753825778,339.3162583518931,0.7557154974429691,0.8922559201854462,16.037022067178764,0.876689895568024,0.8372483537397174,0.8471698113207548,0.29484972792793684,1.168752328295894,309.29056603773586,0.5835671057315771,0.35636881452474195,516.1396226415094,11.93307226771093,13.830188679245284,2.120754716981132,14.950943396226416,2.1075676508429764,0.9868129338618441,0.7903694968553459,13.620558176100628,0.7771824307171901
1316,12,197.10445571853074,42.1513424783325,447.31618905019195,10.612145728932136,0.0025137063968738976,0.0022450775485571748,0.1309414408852282,7.637001649283152,55.630630186392196,54.31553185542365,41.75820370486465,40.86269753409246,47.6225490683963,43.10690184740536,20.52249747449863,0.905178380634235,0.43094075970238116,1.0,1.0,0.0,0.0,0.0,0.0,1.0,0.0,-3.2034265038149176e-16,0.0,1.0,-3.2034265038149176e-16,0.0,0.0,1.0,1.0,1.0,1.0,0.0,1.0,-3.2034265038149176e-16,0.0,366.0273050065446,0.9638119277143691,17.388368733245606,19.857853198005127,1.04364819789535,19.90150139590048,1.025232325631673,0.9815841277363231,0.23134804536112163,370.091614004431,0.9743696309765932,0.9864135864135863,0.015638396025812892,0.9901247008187478,19.847977898823878,0.9717088285550712,308.30434782608694,0.9574669187145558,20.437145557655953,23.23913043478261,1.8354037267080745,24.074534161490682,1.8136858258928572,0.9782820991847826,249.3975155279503,0.7745264457389761,0.8999193145166968,23.139049749299307,0.8782014137014794,0.8604623893312257,0.8363636363636363,0.4058196057250877,1.2363858987716059,222.7974025974026,0.5786945522010457,0.43106088716478325,371.25454545454545,17.155041322314048,19.6,2.2623376623376625,20.862337662337662,2.244173599837662,0.9818359375,0.7888528138528138,19.388852813852814,0.7706887513528138
1130,7,143.86516751841123,18.90043570897259,329.1985914952271,17.417513361289704,0.001785294746883046,0.001132457990245876,0.10423351100123793,9.59384357673727,53.96191088754513,47.99918161691919,36.8330191040148,41.1825241324817,45.62658393015716,40.93322650204167,10.685957228783638,0.8971354630603106,0.2342046304658958,1.0,1.0,0.0,0.0,0.0,0.0,1.0,0.0,-3.203426503814917e-16,0.0,1.0,-3.203426503814917e-16,0.0,0.0,1.0,1.0,1.0,1.0,0.0,1.0,-3.203426503814917e-16,0.0,269.49998714112274,0.9715730491530662,6.8793221049580175,8.61453592948598,1.041015327566085,8.655551257052064,1.0266211197598734,0.9856057921937885,0.20309155605384957,270.7193227588056,0.9758516947072254,0.9871338625787025,0.014551247262112562,0.9906853998169414,8.60522132930292,0.9762911920107296,235.13168724279836,0.9676201121102813,7.835932869311929,9.691358024691358,1.6008230452674896,10.292181069958847,1.584393256941041,0.9835702116735513,193.73251028806584,0.7972531287574726,0.9119730224051212,9.603331047096479,0.8955432340786725,0.7529701239138223,0.8647686832740213,0.2636115768260259,1.1701251767272547,174.37366548042704,0.6205468522435126,0.5286660503286432,273.11387900355874,6.791605982700319,8.516014234875446,2.3096085409252667,9.825622775800712,2.295400574507733,0.9857920335824661,0.8159914986160538,8.3320057334915,0.8017835321985199
1296,1,296.96866424650636,50.262799781955174,685.9995543854216,13.64825591414233,0.001578287037402868,0.0008850630814201184,0.09601182874427575,10.415383323897164,68.52093727847134,65.67860253323892,41.79306912129204,56.957529026464975,64.53291124209055,44.14719577463539,14.45062952053528,0.6841035825738649,0.2239265088525882,27.454662004662005,2.2991841491841494,96489.79103233357,2574.35056803787,87.20407960726142,6.853146853146853,0.8986425339366517,0.32634032634032634,0.07251964013055032,6.153987426714701,0.8794045336577804,0.3228789378473388,-0.4215766730388279,0.3635059766299503,0.9844951428661837,0.9970073594527744,0.9851663488027125,0.9949009324009324,3.5238130476225714e-05,0.9303640803640805,0.3073389223073233,23.51430661510207,525.007632293915,0.9209392861434652,19.658188200694145,23.273025524093043,1.0523262983682227,24.694192229418437,1.0084241008492092,0.9589259851399885,0.3819735660589215,550.6174507536617,0.9657969081421073,0.98289124668435,0.01710154592894634,0.9869184254079442,22.917733847761703,0.9465514562126836,426.33188720173536,0.9247980199603804,19.33982994621708,22.81995661605206,2.004338394793926,55.25596529284165,1.9004287381147484,0.9610318108456068,313.7982646420824,0.6806903788331506,0.8517492166787176,20.094308869607133,0.8181062278613569,1.1454949785209678,0.7948275862068965,0.4214359992659548,1.5118841774771419,289.52758620689656,0.4991854934601665,0.4641973840665874,533.9068965517241,19.709973246135554,23.339655172413792,2.5517241379310347,71.52586206896552,2.4140754551265142,0.9587035543000684,0.7227701149425289,17.013359195402302,0.6939717396805186
1376,1,168.96242454571757,26.091041063059507,383.31429289766555,14.691414266346529,0.0019614803054104797,0.001367005147466505,0.11098306555136493,9.010383656569498,58.88060530734399,58.29069967841873,45.375509839754805,45.607021081550585,51.93864115059673,47.91708222151469,15.750749911488812,0.9225709637373555,0.30325687315960614,2.5625,1.78125,4704.793294270833,122.0703125,22.786458333333332,39.0625,0.7936507936507936,1.5625,0.15093984370492738,22.786458333333332,0.9140625,0.2134398437049273,-0.016551958353987324,0.057559681558551186,0.9375998402555911,0.9699750192159877,0.9399038461538461,0.9693627450980392,0.0001,0.9375,0.15093984370492738,15.462239583333334,315.3845229039181,0.9697221208188707,9.461837244102824,11.378372937546665,1.0447990322288983,11.423171969775563,1.0294464095402196,0.9846473773113213,0.21879557024622348,316.05011907416326,0.9715626382083146,0.9855477855477854,0.014919865093466092,0.9890648552104848,11.367437792757148,0.973712232521806,265.1818181818182,0.964297520661157,11.15702479338843,13.272727272727273,1.8618181818181818,14.134545454545455,1.843663259817106,0.9818450779989241,211.72,0.7698909090909091,0.8978711811997525,13.170598453927026,0.8797162591986767,0.8563973158992566,0.8333333333333334,0.4218181818181818,1.2582925992665008,188.13333333333333,0.5701010101010101,0.48910927456382003,320.1515151515151,9.32621671258035,11.227272727272727,2.381818181818182,12.60909090909091,2.3666890801506186,0.9848708983324367,0.7833333333333333,11.01060606060606,0.7682042316657701
1118,5,573.4421618652984,110.25108231100494,1306.8562941478376,11.853455465057063,0.001316637360602536,0.0006159345910953369,0.08508340561055033,11.753173169598657,81.54125482837856,76.5747515654413,50.84895395078452,66.16827132759116,74.95261123859312,54.10517381791077,26.694437233389166,0.7218584239270905,0.356150863755954,4.717948717948717,1.2564102564102566,26599.00284900286,620.3703703703706,17.521367521367527,6.41025641025641,0.9175824175824177,0.25641025641025644,0.04357765435022313,5.555555555555556,0.971965811965812,0.0810155519159735,-0.07841988190210512,0.06374785627235055,0.9897599737855329,0.9950728236662134,0.990138067061144,0.9949723479135244,1.641025641025641e-05,0.9846153846153847,0.07075914165956321,5.982905982905982,1057.7287620653021,0.9576193888502391,13.243940984300282,15.620170946379064,1.0429183996749407,15.804056975709418,1.0210823958642388,0.9783725281858298,0.25479224308801357,1074.982787379271,0.9731926459289464,0.986195054945055,0.014641681903434619,0.9897374765451301,15.574666515510346,0.968162137730093,894.1267305644302,0.9522116406436957,14.933862298845098,17.533546325878593,1.7657082002129925,20.45580404685836,1.7380601294339315,0.9755420912339074,710.6038338658147,0.7567665962362243,0.8921264495325998,16.8865353952195,0.8684660812697493,0.901903595612567,0.8383928571428572,0.34303594901335005,1.2713400069719778,638.5839285714286,0.5701642219387755,0.4247417091836735,1073.0285714285715,13.105867346938776,15.464285714285714,2.2714285714285714,20.351785714285715,2.244682480980558,0.9786031276415892,0.7827227182539683,14.342990575396826,0.7626631504179581
1316,21,61.43515502915244,10.964468640620142,137.56947668111158,12.546843918314199,0.0038338006405257983,0.005222293755612586,0.17349505427757267,5.763853062924272,50.947468636582784,50.34723983162935,38.926692177896264,38.53310322632332,48.759278966597535,44.538613284419725,11.040972249213448,0.9134387182987435,0.2264383822569864,1.0,1.0,0.0,0.0,0.0,0.0,1.0,0.0,-3.2034265038149176e-16,0.0,1.0,-3.2034265038149176e-16,0.0,0.0,1.0,1.0,1.0,1.0,0.0,1.0,-3.2034265038149176e-16,0.0,116.78607109543915,0.9833014800792819,7.514333964323198,9.083356580020434,1.031258717507663,9.114615297528097,1.0228473162797544,0.9915885987720914,0.14829821933607323,116.34685124676692,0.9794931072553493,0.9897435897435898,0.010253446372325357,0.9921853206230841,9.075541900643518,0.9837739193951754,103.01904761904763,0.9811337868480725,8.489795918367347,10.142857142857142,1.5238095238095237,10.666666666666666,1.5142956245973935,0.9904861007878698,84.80952380952381,0.8077097505668934,0.9169973544973545,10.059854497354497,0.9074834552852243,0.6748000944942457,0.875,0.21768707482993196,0.9894730428158413,77.26666666666667,0.6438888888888888,0.29555555555555557,118.01666666666667,7.437499999999999,9.0,1.9,9.9,1.891675338189386,0.9916753381893861,0.8305555555555556,8.830555555555556,0.8222308937449417
1497,10,129.5356679992576,24.40527078246838,290.94294413520805,11.921315961968675,0.002774578076622034,0.002735244458810036,0.13985093758313624,7.15047047436158,54.19954530722879,53.18639293921929,41.97512390627586,37.9051453343735,52.04003363239138,41.81354388263319,12.042148642719837,0.8034880257380754,0.23140163067120734,1.7948717948717947,1.3974358974358976,5262.227920227917,169.7492877492877,16.427350427350422,24.64102564102564,0.9076923076923078,0.7948717948717948,0.07063814108111423,16.427350427350426,0.9615384615384616,0.09627916672213989,-0.005729468150925903,0.02336878554405058,0.9743856282317821,0.9875863850674934,0.9751602564102563,0.9873829873829874,2.6681608367352383e-05,0.9743589743589743,0.07063814108111423,10.267094017094017,242.66619009940393,0.9685777052651645,15.098412620088519,17.333289730506575,1.0295618048520265,17.362851535358605,1.013611326599579,0.9840495217475522,0.1957688478299995,245.6783987773495,0.9805451814255607,0.9902705989662512,0.00972740928721966,0.9926095487869933,17.32589927929357,0.9766590705345453,215.14349775784754,0.9647690482414688,16.92847231997426,19.349775784753362,1.493273542600897,19.84304932735426,1.4753538396860986,0.9820802970852018,182.4080717488789,0.8179734159142552,0.9218360737419034,19.271611858495266,0.9039163708271052,0.6998047948400066,0.8814229249011858,0.20611715497999158,1.0049663721763067,166.5810276679842,0.6584230342608071,0.2838350856910747,245.12648221343875,14.953459669733945,17.17391304347826,1.8537549407114624,18.027667984189723,1.8379601037549407,0.9842051630434783,0.839262187088274,17.013175230566535,0.8234673501317523
1546,13,91.64646089930709,17.151711956017166,205.83437683581974,12.000806529613442,0.0032768433083408847,0.0038151673769584536,0.1562564183230886,6.399737116284836,49.26948399469486,48.08617491210234,36.00828229872395,36.22154109229268,42.03354006047732,39.6828072285811,9.344627552149545,0.9440748309917742,0.22231359858590577,1.0,1.0,0.0,0.0,0.0,0.0,1.0,0.0,-3.203426503814917e-16,0.0,1.0,-3.203426503814917e-16,0.0,0.0,1.0,1.0,1.0,1.0,0.0,1.0,-3.203426503814917e-16,0.0,174.93438208024597,0.9887587507284833,14.619244677607545,16.27891991396439,1.035434699888597,16.314354613852984,1.0297842117547342,0.9943495118661374,0.1381883451682936,172.8439254687572,0.9768035449268958,0.9883970777825526,0.01159822753655207,0.9911413250278507,16.27006123899224,0.9854908368939881,154.01282051282053,0.9872616699539777,16.56619822485207,18.326923076923077,1.5705128205128205,18.897435897435898,1.5641049347595204,0.9935921142467,128.0897435897436,0.8210880999342538,0.9219195156695158,18.24884259259259,0.9155116299162157,0.6403448638284255,0.8715083798882681,0.25390368178829714,1.0415907917991323,115.11173184357541,0.6430823008020973,0.41178490059611117,177.01117318435755,14.449549015324115,16.100558659217878,2.106145251396648,17.206703910614525,2.1005607252652805,0.9944154738686324,0.8293761638733707,15.929934823091248,0.823791637742003
1178,7,134.6581630402255,24.61906212744172,303.63352786552196,12.333269492304332,0.0026252579332773935,0.0024487599025720115,0.13478722591158201,7.4191006843332605,57.06452306910288,54.94473111024506,38.60838362340703,47.206779877618,53.72087258932746,41.42551888291133,9.81773159459816,0.7711252049011056,0.18275450716615152,1.0,1.0,0.0,0.0,0.0,0.0,1.0,0.0,-3.2034265038149176e-16,0.0,1.0,-3.2034265038149176e-16,0.0,0.0,1.0,1.0,1.0,1.0,0.0,1.0,-3.2034265038149176e-16,0.0,248.31533287813025,0.9547730020148288,15.265015984881309,17.72713927824106,1.0339569863292413,17.761096264570305,1.010926780675778,0.9769697943465369,0.2564909099721425,254.33840698767563,0.9777804138597646,0.9888856390757531,0.011109793070117623,0.9915107534176897,17.718650031658754,0.9684805477642264,216.2719298245614,0.9485610957217605,17.359341335795627,20.07894736842105,1.5570175438596492,20.635964912280702,1.5307493294185877,0.9737317855589387,179.37719298245614,0.7867420744844568,0.9074987816764133,19.986446150097468,0.881230567235352,0.8157784581656393,0.8669201520912547,0.2264350569405971,1.145049667625682,163.7832699619772,0.6227500759010539,0.3347453338923506,251.23574144486693,15.097775014818776,17.539923954372625,1.9961977186311788,18.5361216730038,1.9734252741727683,0.9772275555415896,0.8168303760033798,17.356754330376003,0.7940579315449693
2168,22,120.83276162721987,31.57353234609683,279.2179636985722,8.843418615246879,0.0038179760739036005,0.005179271184640343,0.17301730795283057,5.779768578254774,51.85844711554784,50.42556664861334,37.22387664303873,38.433319450986886,46.33613684117778,40.469706086572344,8.714598116032677,0.8733940471836642,0.1880734715952459,1.0,1.0,0.0,0.0,0.0,0.0,1.0,0.0,-3.2034265038149176e-16,0.0,1.0,-3.2034265038149176e-16,0.0,0.0,1.0,1.0,1.0,1.0,0.0,1.0,-3.2034265038149176e-16,0.0,226.0006925148762,0.9744628284722672,10.010571238871263,11.866182851895077,1.0535488404249256,11.919731692320006,1.0406282900659543,0.9870794496410285,0.22444534487435078,224.07897519675464,0.9660907409305857,0.9827249022164277,0.01793616217975595,0.9869843989610299,11.853167250856107,0.9740638486020584,180.09677419354838,0.9682622268470343,12.441207075962536,14.548387096774194,2.010752688172043,15.559139784946236,1.9946428343114317,0.9838901461393886,125.97849462365592,0.6773037345357845,0.8492667264038232,14.397653823178018,0.8331568725432118,1.0390771360895728,0.788135593220339,0.40085559024164646,1.3233521532025094,115.83898305084746,0.49084314852054006,0.4253806377477737,230.07627118644066,9.839413961505315,11.677966101694915,2.5254237288135593,13.203389830508474,2.5127269795844334,0.9873032507708741,0.7175141242937854,11.3954802259887,0.7048173750646595
2098,12,93.17940112256629,17.44980543000476,216.25906184997515,12.39320763302724,0.003095666593024139,0.0034049489670766766,0.15044238243706914,6.6470630403523785,50.53200168968315,48.76616610745497,38.696952719835934,37.63403051596112,48.541752970762666,42.241919692362444,8.839314669796034,0.8702182576266931,0.1820971458348459,1.0,1.0,0.0,0.0,0.0,0.0,1.0,0.0,-3.203426503814917e-16,0.0,1.0,-3.203426503814917e-16,0.0,0.0,1.0,1.0,1.0,1.0,0.0,1.0,-3.203426503814917e-16,0.0,178.53846153846155,1.0,0.0,1.0,1.0601915417133454,1.0601915417133454,1.0601915417133454,1.0,0.13188840830104184,172.0714202484066,0.9636062003417604,0.9809805579036349,0.02074544492284288,0.9859179090767838,0.9859179090767838,0.9859179090767838,140.0,1.0,0.0,1.0,2.1857142857142855,2.1857142857142855,2.1857142857142855,1.0,90.35714285714286,0.6454081632653061,0.8310515873015872,0.8310515873015872,0.8310515873015872,0.9864866349662229,0.7692307692307693,0.4957142857142857,1.3184297334308661,84.81318681318682,0.4660065209515759,0.4697500301895906,182.0,0.0,1.0,2.7032967032967035,2.7032967032967035,2.7032967032967035,1.0,0.690552503052503,0.690552503052503,0.690552503052503
1133,5,299.5253245927472,62.65711384108146,745.1886718038452,11.893121564677918,0.001737785157304306,0.0010729868838668952,0.10237599547280515,9.767914786876354,57.76698045930031,55.622154246487156,45.53752537465501,45.60702061106004,51.46711432416573,48.98051674766994,18.857698026879838,0.9516857004876172,0.36640286276989587,1.0,1.0,0.0,0.0,0.0,0.0,1.0,0.0,-3.2034265038149176e-16,0.0,1.0,-3.2034265038149176e-16,0.0,0.0,1.0,1.0,1.0,1.0,0.0,1.0,-3.2034265038149176e-16,0.0,537.7545992897378,0.9548570382190728,10.924596750984405,13.199909836569411,1.1353974990625175,13.335307335631928,1.1123352876512331,0.9769377885887156,0.3813508597666309,526.2700404331318,0.9332139558937755,0.9626561472715319,0.053219372226665604,0.9732608282505193,13.173170664819933,0.9501986168392349,345.911051212938,0.9323748011130405,16.365298130644213,19.50134770889488,4.811320754716981,23.31266846361186,4.776346562450639,0.9650258077336581,217.64150943396226,0.5866347963179576,0.7932735794625282,19.29462128835741,0.7582993871961861,1.5425898364605921,0.6341880341880342,2.324961312399648,2.081985850723028,189.8,0.3244444444444444,1.5119760391555264,559.5777777777778,10.516543209876545,12.733333333333333,5.396581196581197,17.12991452991453,5.374400982340491,0.9778197857592943,0.5655194391146772,12.298852772448011,0.5433392248739715
1395,11,147.96762075804523,31.786585197445145,337.621570235645,10.62151118588169,0.0028908373694347847,0.0029692691524088174,0.14373080418010906,6.957450810244547,53.76683655220442,51.55494533788601,40.127692474765844,40.07193591349659,46.76590291647966,40.50627922219381,12.702637298608856,0.8661498377254673,0.27162176941809074,7.999999999999999,1.6730769230769231,20327.697115384617,527.6923076923077,27.326923076923077,16.96153846153846,0.8974358974358976,0.8076923076923077,0.07692307692307657,8.48076923076923,0.9305555555555555,0.16538634012679604,-0.08854351075300239,0.10147451360701772,0.9616254785938044,0.9816632016632016,0.9632867132867133,0.981216457960644,8.721437292865864e-05,0.9487179487179488,0.12692480166525766,11.072115384615385,262.7651097891,0.9199983705972155,17.64035928331399,21.162410477369345,1.0356512361109316,21.591918739846143,0.9931796090370985,0.9583421271128733,0.3400915772895828,278.9457279009626,0.9765827740770721,0.9882885280809156,0.011708612961464014,0.9910871909722672,21.055033411750152,0.9496327566318169,225.97975708502025,0.9148978019636447,18.765034667016337,22.510121457489877,1.591093117408907,28.967611336032387,1.534530063238197,0.9555576002944425,188.1417004048583,0.7617072890884952,0.8951023391812866,20.938624606387762,0.853690103092017,0.9520731620188065,0.8546712802768166,0.22209837892769918,1.2537396060044657,172.61937716262975,0.5972988829156739,0.3086648866752074,265.9965397923875,17.551082961171442,21.05536332179931,2.01038062283737,32.09342560553633,1.9482255712202237,0.9585632989219023,0.7994281045751634,18.34787101114956,0.7631709911318278
1497,1,541.182612945515,60.28784548187963,1229.726628719484,20.397587919924852,0.0007887547019488942,0.00022104778556016522,0.06046379324490543,16.53882342362399,83.71373232814165,81.43113489387575,51.5238668052961,70.88018164287439,78.17124112034938,56.319911204679556,30.41475972239802,0.7204684279986245,0.3890786341177908,5.970414201183432,1.165680473372781,42273.50264077158,811.642169391828,17.128812016385982,0.0,1.0,0.0,-3.2034265038149176e-16,0.0,0.9890760127446518,0.030095658740711625,-0.07692307692307626,0.05666953337313811,1.0,1.0,1.0,1.0,0.0,0.9940828402366864,0.030095658740711625,4.282203004096496,1014.2730509013733,0.9718117025704982,11.049812592364722,13.010883534945524,1.0386120817970514,13.235172009315516,1.0241096324183132,0.9857183311118367,0.20533546079858306,1017.7512661595205,0.9751060447065434,0.9874099410523253,0.01288386125545012,0.9905119087562482,12.954976345558533,0.9762854349907281,866.4384787472036,0.9691705578827781,12.085141309951004,14.154362416107382,1.6722595078299776,17.645413870246085,1.6532664586475567,0.9843586653791827,676.6263982102909,0.7568527944186698,0.8924195252299281,13.342083954760128,0.8776161192495116,0.8362311906549309,0.8457899716177862,0.27436326691990853,1.1649177639754664,616.5326395458845,0.5832853732695218,0.35074723718705497,1027.4257332071902,10.967940002631465,12.920529801324504,2.1125827814569536,18.801324503311257,2.0927388555094457,0.9858257671803514,0.7903839482812993,11.518860769473354,0.7776271387436154
1257,6,211.4554580383138,33.45058093261314,481.99657090911813,14.409213755662712,0.0017834576678172173,0.0011301285771439596,0.10416199412471656,9.600430640783118,66.20685851445762,66.20685851445762,48.661977500827085,48.166379032904146,59.63629202274945,52.56412301312086,13.781569809492778,0.8814116577380302,0.23109367370183787,4.034722222222221,1.2638888888888888,11111.474151234564,344.00848765432085,13.370370370370367,5.013888888888888,0.9090909090909091,0.2638888888888889,0.0541685351373625,4.1782407407407405,0.9629629629629629,0.10254216155155414,-0.08553733015870285,0.07478521005961254,0.9861494782074893,0.9973358720037785,0.9868055555555556,0.9954501915708812,3.8473376423514926e-05,0.9791666666666666,0.0886532726626653,4.596064814814816,385.02779991104273,0.943165755852957,12.834149180452417,15.398843703633535,1.0355841455016326,15.664046111172382,1.0058738113295866,0.970863711483047,0.29028299965488596,398.9868996939068,0.9772637483883566,0.9884522257403614,0.011927823817650032,0.9913171059823724,15.332756244106605,0.9623243288791928,334.62359550561797,0.9399539199596011,13.786453730589573,16.47752808988764,1.553370786516854,20.39325842696629,1.5141380827589774,0.9691731951185278,273.938202247191,0.7694893321550309,0.8993055555555556,15.536243757802746,0.8705802253931846,0.8775769234718127,0.8619854721549637,0.20751009973488196,1.2033610105436956,250.4818401937046,0.6064935597910524,0.3214769389513921,389.64406779661016,12.753700848337036,15.307506053268765,2.0121065375302662,22.116222760290558,1.9686274999084648,0.9710124878019272,0.806329028786656,13.66468253968254,0.7809643979445153
2098,4,95.22730004833697,20.137672770079625,214.15422304738112,10.634507050167661,0.0036253035697417276,0.004669721750293986,0.16714638998306675,5.982779526984148,54.074423361564776,49.89482778698314,38.43982524464453,42.21848304940868,48.93480811587299,37.67010281261993,10.56955501436997,0.7698017886045594,0.2159925709597607,1.0,1.0,0.0,0.0,0.0,0.0,1.0,0.0,-3.2034265038149176e-16,0.0,1.0,-3.2034265038149176e-16,0.0,0.0,1.0,1.0,1.0,1.0,0.0,1.0,-3.2034265038149176e-16,0.0,178.4053592395085,0.9679743136643217,10.824681981459209,12.850254393698167,1.027674886302004,12.87792928000017,1.0114193933065332,0.9837445070045295,0.19130635747311003,180.97014743991002,0.9818072535320758,0.9909015715467329,0.00909637323396212,0.993081278424499,12.843335672122665,0.9768257854290283,158.109756097561,0.9640838786436645,12.139649018441402,14.317073170731707,1.4390243902439024,14.75609756097561,1.4207568001605944,0.9817324099166919,129.8170731707317,0.7915675193337299,0.910569105691057,14.227642276422765,0.8923015156077488,0.7186869681913032,0.8817204301075269,0.15273646638905414,0.9574646633400301,120.84946236559139,0.6497282922881258,0.21285697768528153,180.09677419354838,10.727367325702394,12.741935483870968,1.7419354838709677,13.483870967741936,1.7258285764856853,0.9838930926147176,0.8324372759856631,12.574372759856631,0.8163303686003807
1296,6,174.5970939794115,25.600746917804077,390.89997273440474,15.269084686843756,0.0018688706333225315,0.0012409684082578473,0.10746166747974592,9.305643802600377,58.93549537393357,58.33513999853789,43.20866247603615,41.2989110865451,50.13003881362544,46.13495741014815,13.820959034942966,0.920305639133249,0.27570214111197544,9.809090909090909,1.4194805194805193,27138.56097516944,795.46220832229,27.888756957328383,0.0,1.0,0.0,-3.2034265038149176e-16,0.0,0.9613729128014842,0.09642439747014588,-0.18181818181818118,0.14663952319228896,1.0,1.0,1.0,1.0,0.0,0.9779220779220779,0.09642439747014588,6.972189239332096,314.2945248770149,0.9322062942722147,12.236763883865219,15.017633370719949,1.0349059616853187,15.606396758153348,0.9984772346941484,0.9649559165731999,0.3035044288927423,329.7401534461208,0.9778774156830424,0.988720956462892,0.011739523393203567,0.9915317273595468,14.870700741642473,0.9568338048238392,272.6849315068493,0.9338525051604428,11.939622818540062,14.664383561643836,1.5650684931506849,23.42808219178082,1.5104109589041095,0.9658390410958904,221.04794520547946,0.7570135109776693,0.8929794520547946,12.507705479452055,0.8639426369863014,0.8935550923148627,0.8563049853372434,0.2012924563708013,1.1859059136960277,204.42521994134898,0.5994874485083548,0.27177268857336967,317.8445747800587,12.256757337828196,15.041055718475073,1.9442815249266863,30.026392961876834,1.8740762463343106,0.9648973607038123,0.7997719126751385,11.330563701531442,0.7734449332029977
1453,26,30.207922576901968,5.845318351745948,68.14716520565669,11.658418088606192,0.005862212275892216,0.012210271684167476,0.2302723408128571,4.342683956179967,44.491754297094005,43.85426089622896,32.357915424744775,35.200000524520874,48.47385529015022,38.60049185391784,8.994797067404566,0.7963156968404238,0.18555976234125304,1.0,1.0,0.0,0.0,0.0,0.0,1.0,0.0,-3.203426503814917e-16,0.0,1.0,-3.203426503814917e-16,0.0,0.0,1.0,1.0,1.0,1.0,0.0,1.0,-3.203426503814917e-16,0.0,58.22222222222222,1.0,0.0,1.0,1.040845648604269,1.040845648604269,1.040845648604269,1.0,0.08933453825370566,56.717706622879035,0.9736715583974375,0.9868173258003767,0.013164220801281273,0.9897885878489325,0.9897885878489325,0.9897885878489325,53.0,1.0,0.0,1.0,1.4150943396226414,1.4150943396226414,1.4150943396226414,1.0,45.45283018867924,0.8576005695977216,0.9381551362683438,0.9381551362683438,0.9381551362683438,0.4614905986831,0.8983050847457628,0.1758632965468138,0.821108178752143,41.57627118644068,0.7046825624820454,0.31657569663889684,59.0,0.0,1.0,1.847457627118644,1.847457627118644,1.847457627118644,1.0,0.8634651600753296,0.8634651600753296,0.8634651600753296
1282,6,467.46051373337656,74.92339011643483,1062.5434636010232,14.18173232617712,0.0012204568454169573,0.0005292332253459527,0.08088767774245206,12.362822470735523,68.64663203507376,64.52815591242039,53.25897451103243,52.410689567450696,56.577143023028086,49.472148933172605,33.516187762763394,0.8744193554106541,0.5923980245718947,7.6581418581418585,1.523876123876124,40869.70943465048,1033.1283878583888,32.650561905626844,13.925274725274724,0.7947679850513859,0.5802197802197802,0.11014620760095996,12.351899529042388,0.9381253162421993,0.18492901958201102,-0.09645637181182558,0.1049861216569321,0.9758660749995239,0.9953223800049463,0.9767912087912087,0.9920517838326058,4.197191697191697e-05,0.9660839160839161,0.16075319540618693,11.64395915772539,859.0893813196077,0.9526720070975274,15.50034068361349,18.086145857773097,1.0381558000811197,18.446291873759247,1.0134527199667585,0.9758121042310868,0.2652965818703614,880.2371538295052,0.9760566606905189,0.987699047940012,0.012983484076865743,0.9908422044092534,17.996490508206097,0.9667831047267023,743.9731800766283,0.950157318105528,16.5052186550403,19.20689655172414,1.607918263090677,24.596424010217113,1.5747642611661914,0.9744965727881582,605.5542784163474,0.7733771116428447,0.9008932879239393,17.912387540797504,0.8773025043902584,0.8534676759211914,0.8576122672508215,0.24829673995129578,1.2138683250934004,550.973713033954,0.603476136948471,0.4015456428921901,870.0142387732749,15.406638202716271,17.981380065717413,2.1434830230010955,27.326396495071194,2.10630144194209,0.9759408723911587,0.8042360350492881,15.735232749178532,0.7834575208029878
1546,5,136.18971284478036,21.75963457106671,306.90144521837396,14.104163570212426,0.0022833803582427157,0.0018525023517024914,0.12281542704303572,8.142299579755484,61.48006495047091,60.82070686789872,39.402897074444,50.50148587920798,54.68811528420303,44.872961883697236,13.25799152436344,0.8205249285059755,0.24242911746847282,1.8181818181818181,1.4090909090909092,12525.545454545454,397.6363636363636,22.09090909090909,29.454545454545453,0.8961038961038962,0.8181818181818182,0.07375255676901171,22.09090909090909,0.9630681818181818,0.09647982949628445,-0.004323441859892275,0.020406557621545248,0.9772902502277984,0.9889476377281256,0.977886977886978,0.9887920298879203,1.75364758698092e-05,0.9772727272727273,0.07375255676901171,12.886363636363637,258.7996776456955,0.9848924455854882,9.789695260603732,11.412831750956768,1.0370759273623908,11.44990767831916,1.0294697683039853,0.9923938409415947,0.15559535892478002,256.4209516317511,0.9757169997722122,0.9878542510121456,0.012141500113893904,0.9907310181594025,11.40356276911617,0.9831248591009971,226.03478260869565,0.9827599243856333,11.171568998109644,12.895652173913044,1.6,13.495652173913044,1.5913106996538253,0.9913106996538253,182.7391304347826,0.7945179584120983,0.9108623188405797,12.806514492753625,0.9021730184944051,0.7056980121801417,0.8646616541353384,0.2624574669187145,1.0921313865943898,165.4360902255639,0.6219401888179095,0.44914918876137705,262.03007518796994,9.67109503081011,11.285714285714286,2.180451127819549,12.466165413533835,2.172937823008947,0.9924866951893978,0.8165142021720968,11.102228487886382,0.8090008973614948
1239,102,38.91387750249733,10.752518783584092,87.61073444221431,8.147926658446757,0.0073977438903394125,0.019444681331088426,0.2689058663321245,3.7187734638890486,44.836496183176116,40.168644696438285,32.81133579830839,35.145412742089526,43.893788201925084,37.71024977049303,8.528666107094494,0.8591249767965833,0.1943023479281391,1.0,1.0,0.0,0.0,0.0,0.0,1.0,0.0,-3.203426503814917e-16,0.0,1.0,-3.203426503814917e-16,0.0,0.0,1.0,1.0,1.0,1.0,0.0,1.0,-3.203426503814917e-16,0.0,73.35988623446805,0.9737996842328984,17.934116142581164,20.157918168709443,1.0293138343823276,20.18723200309177,1.0160465780328058,0.9867327436504784,0.15950502345413475,74.18919165741083,0.9845670772708571,0.9912280701754387,0.011047292665002999,0.9939399330837687,20.15185810179321,0.9806726767342471,66.02941176470588,0.9710207612456747,19.836288927335637,22.220588235294116,1.411764705882353,22.63235294117647,1.397069007658465,0.9853043017761122,56.8235294117647,0.8356401384083045,0.9297385620915033,22.15032679738562,0.9150428638676154,0.6201837590248078,0.8947368421052632,0.16262975778546712,0.895367939759506,52.526315789473685,0.6911357340720221,0.21883656509695287,74.02631578947368,17.776142659279778,19.986842105263158,1.6842105263157894,20.67105263157895,1.6710617436944162,0.9868512173786267,0.858187134502924,19.84502923976608,0.8450383518815507
1186,1,209.9200093841554,35.88266827074435,478.50957899495444,13.335395667470197,0.001934077353299856,0.001329076335932532,0.10994698094889921,9.09529294364869,60.47809610929377,58.88021826828664,41.761226657932966,48.424787762934535,57.243320209450175,49.30134641305198,19.640609895980734,0.8612593789574233,0.34310745470592585,1.0,1.0,0.0,0.0,0.0,0.0,1.0,0.0,-3.2034265038149176e-16,0.0,1.0,-3.2034265038149176e-16,0.0,0.0,1.0,1.0,1.0,1.0,0.0,1.0,-3.2034265038149176e-16,0.0,391.6736593113943,0.9659919418697543,15.172390595766522,17.402368041177052,1.0353619099060707,17.43772995108312,1.0181190998365512,0.9827571899304804,0.21940239961882732,396.9828251524124,0.9789512242264001,0.9889305816135086,0.012604353796694175,0.9919154190798302,17.394283460256887,0.9746726090103108,339.24362606232296,0.9610301021595551,17.384378335433237,19.838526912181305,1.5864022662889519,20.424929178470254,1.566598470841806,0.9801962045528541,274.07082152974505,0.7764045935686829,0.902497639282342,19.741024551463646,0.882693843835196,0.813261804211967,0.8609756097560975,0.2373825325618535,1.1016518195387779,251.05365853658537,0.612325996430696,0.29277810826888756,396.20975609756096,15.005948839976206,17.21951219512195,1.951219512195122,18.170731707317074,1.9341689273345304,0.9829494151394085,0.8097052845528456,17.0292174796748,0.792654699692254
1201,2,283.649069351228,41.728157314308355,642.0677170286457,15.38691757204635,0.0014470482729439893,0.0007439920324893202,0.09061277446136402,11.035971538719252,82.3223921105386,82.3223921105386,54.17619619241248,69.8569978272423,66.76383913094985,57.91346794562588,21.912010838989264,0.8674376533685406,0.32820177994874283,35.77362637362638,2.4983516483516484,103425.88071014323,1975.5628607311062,99.64271585557302,17.357142857142858,0.8332436793975256,0.6428571428571429,0.09551501540235977,14.65502354788069,0.899650270364556,0.24401477121980827,-0.15752476880606223,0.1577734469590686,0.9762230919765165,0.9885279954678501,0.9770408163265306,0.9883116883116883,3.2660526487686986e-05,0.9326007326007327,0.22020524741028455,29.249964678178966,521.1547330743641,0.9510100854097977,17.856823868128757,20.674825866436795,1.0332052501630484,21.696021378103328,1.0068496173467982,0.9749045588438305,0.2531684122394258,536.3076678476712,0.978614994198662,0.9891696750902527,0.011109738525005288,0.991855226077315,20.41968352713824,0.9670748328361658,461.5010351966874,0.9554886857074273,16.22437405964276,18.832298136645964,1.515527950310559,33.93788819875776,1.474172898973254,0.9772547217644821,380.27950310559004,0.7873281637796896,0.9080797101449276,15.092862318840579,0.8899868751848565,0.7786335937899252,0.871841155234657,0.19992369978867416,1.1334923835710922,348.40794223826714,0.6288952025961501,0.32865018441527977,526.7075812274368,17.956835094944545,20.787003610108304,1.9711191335740073,47.1985559566787,1.9134310764016798,0.9747614749871067,0.8207200160449258,14.247615322904132,0.8035938740718911
1133,1,975.3773390584331,138.15712265402274,2266.6955114968996,16.406649675045905,0.0007222849512559858,0.00018536143335521818,0.057017275296760775,17.53854414815945,92.88335987267403,87.47543723492754,64.89954686819067,76.2731981115271,84.30528595183596,61.00543285134105,41.81681364882091,0.7236252408442546,0.496016509246064,8.208861314124473,1.3537865643128801,77364.98950568099,1381.1709664183056,29.944993916357735,6.311162521688837,0.8064207813883448,0.26296510507036824,0.06757262875106519,6.067039586628031,0.9658786698192929,0.11739960963470655,-0.19058173461920175,0.12976265101074877,0.9890621100144042,0.9978800260256335,0.9894813957971854,0.9963977382867074,1.902236003113196e-05,0.9818047449626396,0.10644273025677463,9.064039109511643,1762.9811771321545,0.9440122612771227,20.618034283259643,23.69564238681658,1.0613728654957428,24.06645832495718,1.0321697244577175,0.9712919678782062,0.3408630816771082,1796.1130299768906,0.9616874512756328,0.9803351504138905,0.02073297713080259,0.9852560496092676,23.603537668264625,0.9566717947165319,1377.0868385345998,0.9342515865227949,24.59831102290447,28.19131614654003,2.4294436906377204,34.70081411126187,2.3874445606958203,0.9661289568966344,1021.6865671641791,0.6931387836934729,0.8578667528554548,26.779169330874456,0.8260277314617231,1.1670540002729757,0.773753280839895,0.7591417220054899,1.5786320931022266,908.4887139107611,0.47689696268281423,0.6435734115912677,1799.8041994750656,20.310486700973403,23.3496062992126,2.92755905511811,33.13858267716535,2.8866765787221205,0.9716957913205456,0.7107834645669291,21.09503543307087,0.6856238228166085
1252,3,845.8271887513151,76.2882876052633,1913.8775463493835,25.08743617699633,0.0005140575113028664,9.389136758360098e-05,0.04545083730401777,22.001794891281396,117.7849682392059,115.44978475416141,63.40743506939362,109.0643862793892,118.65931230914885,61.544878454098004,37.27404518376949,0.5186687606426721,0.31412659030635215,18.119177746961416,1.6018797980621946,243699.69151082143,3890.585059993937,68.53087408775485,9.096989966555183,0.8933159863392421,0.26755852842809363,0.04467504827401607,8.621201105133052,0.9589661478094393,0.13251983232407033,-0.2620206353200842,0.18713856278739763,0.9921374330453283,0.9961793406272343,0.9923554706163402,0.9961223401677088,6.8074121826809905e-06,0.9783629687565812,0.12465046384089117,19.40696601357751,1576.1626065460378,0.9654679018148843,19.959552750996792,22.511792526725813,1.0364836137324862,23.2426286319351,1.0183561484115047,0.9824393530394077,0.21939997112641302,1595.172097402613,0.9770763534320216,0.9882194077109332,0.012440336854696539,0.9912470296465924,22.329451433503195,0.9738280872760968,1369.8809020436927,0.965384708980756,20.00763820912304,22.56448202959831,1.72938689217759,33.64482029598309,1.703333477154075,0.9823963412003279,1105.6427061310783,0.7791703355398719,0.9041091024147503,19.88085328846126,0.8886178826710388,0.7724362390612451,0.8589588377723971,0.3740249240027991,1.1481290140999525,1004.4467312348668,0.6080186024424133,0.3541250168553489,1595.0181598062954,19.93674553992812,22.486682808716708,2.0605326876513317,41.32929782082324,2.0284765528487423,0.9824598507683946,0.8075302663438256,17.848692493946732,0.7936191135049661
1523,10,108.02938085166747,17.23691542814878,245.6378784779338,14.250686528100868,0.0025260480520718173,0.0022671771800496644,0.131369683581145,7.612106330318711,57.84873407415664,53.813912051263905,40.92431045688275,41.669173878856405,48.41604538506768,41.3588584469065,10.567198275372762,0.8542386747609557,0.21825818675045816,1.0,1.0,0.0,0.0,0.0,0.0,1.0,0.0,-3.2034265038149176e-16,0.0,1.0,-3.2034265038149176e-16,0.0,0.0,1.0,1.0,1.0,1.0,0.0,1.0,-3.2034265038149176e-16,0.0,204.96137216404355,0.981035712919962,12.288858027864508,14.096972410579298,1.0308505864531246,14.127822997032423,1.0212837694987202,0.9904331830455959,0.15097835518325237,205.00039866797619,0.9810430377853714,0.990156762668611,0.01057728060663152,0.9926982672591713,14.089670677838466,0.9831314503047671,180.04347826086956,0.9784971644612477,13.93383742911153,15.869565217391305,1.516304347826087,16.38586956521739,1.5054427223933686,0.9891383745672817,145.8804347826087,0.7928284499054821,0.9103638285024155,15.77992904589372,0.8995022030696972,0.7068357746632431,0.8720379146919431,0.20129371455576558,0.9741465734055554,134.76303317535545,0.6386873610206419,0.256777700411042,207.03791469194312,12.167920756496937,13.966824644549764,1.8341232227488151,14.800947867298579,1.8246514735563024,0.9905282508074873,0.8258622959452344,13.792686940494997,0.8163905467527217
1156,4,151.04797412836623,36.69527055095953,339.61783076850145,9.255084529132077,0.003307877607691363,0.0038877748903850535,0.1572414488507214,6.359646310238206,60.78595359553079,57.80136046494502,46.298645501766295,45.4383098489196,54.67625284628624,49.083241159475264,25.494911012726185,0.8977067484391286,0.4662885564671221,1.0,1.0,0.0,0.0,0.0,0.0,1.0,0.0,-3.203426503814917e-16,0.0,1.0,-3.203426503814917e-16,0.0,0.0,1.0,1.0,1.0,1.0,0.0,1.0,-3.203426503814917e-16,0.0,279.02715203120283,0.9533092594188075,23.905659177570644,27.022188622709844,1.0249160684174359,27.047104691127284,1.001020578405765,0.976104509988329,0.22378793442127984,288.44187408385295,0.9853662877995925,0.9921773142112124,0.008885895234400068,0.994363583704536,27.016552206414385,0.9704680936928651,251.3698113207547,0.948565325738697,26.33455322178711,29.739622641509435,1.3849056603773584,30.12452830188679,1.3585148223227126,0.9736091619453541,220.5320754716981,0.8321965112139551,0.9289308176100629,29.668553459119497,0.9025399795554169,0.6842438178761887,0.8983050847457628,0.1456746173015308,0.9337074022971266,204.81694915254238,0.6942947428899742,0.20270037345590347,281.3322033898305,23.721735133582307,26.816949152542374,1.6508474576271186,27.46779661016949,1.6271404336119282,0.9762929759848096,0.8598870056497174,26.676836158192092,0.8361799816345271
1164,4,312.2989316552557,45.77824503634583,715.6712408057307,15.633435494032602,0.0013490059180158711,0.0006465914476242963,0.08647222860798486,11.564406470121437,66.87786699187727,64.12237229102197,50.1103685370901,48.59629687930105,55.07420511720601,51.517088091288414,20.739436769609604,0.935412285690778,0.3765726028269138,1.0,1.0,0.0,0.0,0.0,0.0,1.0,0.0,-3.2034265038149176e-16,0.0,1.0,-3.2034265038149176e-16,0.0,0.0,1.0,1.0,1.0,1.0,0.0,1.0,-3.2034265038149176e-16,0.0,572.353796859391,0.951238460207037,12.56404275344789,14.936147401995246,1.0415205421170308,14.97766794411228,1.0166461394867257,0.9751255973696945,0.2854097459495372,585.3465589224644,0.9727697195467061,0.9863808322824715,0.013615140226646838,0.9896198644707422,14.925767266465993,0.9647454618404369,479.7819253438114,0.9425971028365646,14.788772623233662,17.473477406679763,1.7053045186640472,18.178781925343813,1.6759012770137525,0.9705967583497054,369.96267190569745,0.7268421844905647,0.87738103034272,17.350858437022485,0.8479777886924253,0.9692919186171685,0.8344262295081967,0.2690741505552317,1.2691997228218033,339.81311475409836,0.5570706799247515,0.3565815640956732,580.6524590163934,12.396466003762429,14.745901639344263,2.1901639344262294,15.936065573770492,2.1656290983606556,0.9754651639344263,0.7700819672131147,14.515983606557377,0.7455471311475411
1281,17,123.90935061701202,15.659342863788092,285.67772498613454,18.243276711614662,0.0018297174451834123,0.0011895160431302442,0.10595548276406376,9.437925946944612,60.049271112050576,56.14405521536533,42.10633497870095,42.520584020237294,51.07533468339708,45.670705556400875,13.13048639621423,0.8941831872370859,0.2570807705442706,22.583333333333332,1.5833333333333333,166469.33333333334,2744.0000000000005,65.33333333333333,0.0,1.0,0.0,-3.203426503814917e-16,0.0,0.9733333333333333,0.0601606745739465,-0.08333333333333323,0.07283848763221103,1.0,1.0,1.0,1.0,0.0,0.9833333333333334,0.0601606745739465,16.333333333333332,225.4018924333986,0.9437129676870739,34.47580729166728,38.53532272812287,1.0398009074066794,39.83607787116734,1.0098655085148889,0.9710375596233619,0.2856846237087243,232.65198229238015,0.9739447344971857,0.986967577876669,0.01302763275140713,0.9900497731483301,38.210133942361765,0.9613305724004803,191.35467980295567,0.9426338906549541,35.13674197384067,39.275862068965516,1.6650246305418719,59.07881773399015,1.620723864258347,0.9704661558109834,148.7536945812808,0.7327768205974423,0.8804392446633825,34.37181855500821,0.8545971309979931,0.944942038804673,0.8388429752066116,0.24387876434759398,1.2561265882090245,137.0495867768595,0.5663206065159484,0.3314664298886688,228.40495867768595,34.408937231063454,38.45867768595041,2.12396694214876,71.6900826446281,2.0702893837363536,0.9710966993163963,0.7765438475665749,30.20836202938476,0.753834111315172
2115,6,163.31658071780146,24.787600155962746,365.83698585306337,14.758870707580781,0.001998610341828704,0.0014192487057034292,0.11237926024318916,8.89843906994935,71.14033422948974,70.33480948018493,39.71630415810283,63.92496161103566,76.78271873533785,40.905638395824525,15.616234403102208,0.5327453764280223,0.20338214978984745,1.0,1.0,0.0,0.0,0.0,0.0,1.0,0.0,-3.2034265038149176e-16,0.0,1.0,-3.2034265038149176e-16,0.0,0.0,1.0,1.0,1.0,1.0,0.0,1.0,-3.2034265038149176e-16,0.0,306.61954129558313,0.968898749336283,14.944150943916092,17.163689922770942,1.0241742436152086,17.187864166386152,1.0083893901750025,0.9842151465597939,0.18077203861508118,311.4487481165267,0.9840879229155919,0.9920424403183025,0.007956038542204006,0.9939564390961978,17.15764636186714,0.9781715856559917,278.1736111111111,0.9658805941358025,16.39437451774692,18.760416666666668,1.3645833333333333,19.125,1.3472391764322917,0.9826558430989584,241.54861111111111,0.8387104552469136,0.9320023148148149,18.69241898148148,0.9146581579137733,0.6187907301458131,0.9028213166144201,0.137719425154321,0.9010821958929791,223.77742946708463,0.701496644097444,0.22678629337368933,309.15673981191225,14.826603512151017,17.03448275862069,1.683385579937304,17.717868338557995,1.6677269053683386,0.9843413254310345,0.8639846743295019,16.89846743295019,0.8483259997605364
2098,7,178.16720654204983,33.363686665681065,403.8488164233996,12.104442188003498,0.0023193744884485944,0.0019113666231891453,0.12410272928103284,8.057840514816416,53.05283441220854,51.55388652472476,38.804305818416246,40.80784603087885,46.576570306802886,39.47379327016844,15.118659649380865,0.8475032191110682,0.32459795879759445,1.6346153846153846,1.3173076923076923,7483.275540865385,259.1610576923077,15.70673076923077,20.942307692307693,0.9120879120879122,0.6346153846153846,0.06240600957377909,15.70673076923077,0.96875,0.08163677880454835,-0.0036582969583703866,0.017267087218230594,0.980786873676782,0.9906715778653419,0.9813348416289593,0.9905281285878301,1.7659108568199476e-05,0.9807692307692307,0.06240600957377909,9.162259615384615,337.1293917500789,0.9826633913476498,9.439783411204715,11.100219582500785,1.0436315740999733,11.143851156600757,1.03489435992826,0.9912627858282863,0.17794234914286913,333.551545150826,0.9721493886065086,0.9858532272325374,0.014590256263522911,0.98934129039766,11.089560872898442,0.9806040762259465,284.06206896551726,0.9795243757431629,11.148977407847802,12.948275862068966,1.717241379310345,13.66551724137931,1.7069055005369287,0.989664121226584,210.3793103448276,0.7254458977407848,0.8766226053639846,12.82489846743295,0.8662867265905686,0.8530397675360454,0.8333333333333334,0.2772413793103448,1.2018006983154503,192.51724137931035,0.5532104637336505,0.40494120755714097,342.05172413793105,9.30700059453032,10.956896551724139,2.2758620689655173,12.232758620689655,2.267248836654337,0.99138676768882,0.7676556513409963,10.724552203065134,0.7590424190298163
1265,64,62.46383990478034,6.954648841857335,145.44522979209722,20.913382271254125,0.002236923060432278,0.0017778877579485925,0.1211438708943788,8.254647904324155,44.82134871591515,42.4074743636203,35.34506436749842,33.63807416785218,41.62515093013059,37.16011299037326,8.778472969601964,0.8927322102146353,0.21089348082693965,1.0,1.0,0.0,0.0,0.0,0.0,1.0,0.0,-3.2034265038149176e-16,0.0,1.0,-3.2034265038149176e-16,0.0,0.0,1.0,1.0,1.0,1.0,0.0,1.0,-3.2034265038149176e-16,0.0,108.60009682871932,0.904986288508077,15.392221261691507,19.00290486157887,1.0504922126564191,19.053397074235285,1.0006226701035694,0.95013045744715,0.4001272350217993,116.1066999627221,0.9672410727580687,0.9836065573770492,0.016379463620965616,0.9873769468358954,18.990281808414764,0.937507404283045,87.72727272727273,0.8861340679522498,18.446280991735538,22.818181818181817,1.8383838383838385,23.656565656565657,1.7779456616021712,0.9395618232183329,68.5959595959596,0.6928884807672686,0.8584455667789002,22.67662738496072,0.798007389997233,1.141735047093287,0.8114754098360656,0.3197632894602591,1.4520504449711384,63.459016393442624,0.5201558720773986,0.49045955388336465,110.59016393442623,15.15076592313894,18.704918032786885,2.5245901639344264,20.229508196721312,2.475546069660778,0.9509559057263521,0.7383879781420765,18.443306010928964,0.6893438838684286
1201,6,206.84877981569693,35.7548014615385,466.67993478918515,13.052231188899023,0.0020009246834987813,0.0014225375190447542,0.11246599845658971,8.891576242805384,56.98007834624758,56.34757604554327,37.837681384574836,47.26097826501762,55.6405303698292,41.42360659286084,14.049451524289482,0.7444861923049279,0.25250391092439567,1.0,1.0,0.0,0.0,0.0,0.0,1.0,0.0,-3.2034265038149176e-16,0.0,1.0,-3.2034265038149176e-16,0.0,0.0,1.0,1.0,1.0,1.0,0.0,1.0,-3.2034265038149176e-16,0.0,392.95817278418195,0.9850469000886206,14.66964120303402,16.394548788968816,1.0382988328008804,16.4328476217697,1.0307837993447593,0.9924849665438786,0.16683955503811781,388.93053691642166,0.9748740154611863,0.9874333587204874,0.012562992269406817,0.9904252917997798,16.384974080768593,0.9829102583436586,333.0412979351033,0.9824227077731659,17.241618155080445,19.115044247787612,1.640117994100295,19.755162241887906,1.6312749181876844,0.9911569240873894,243.4188790560472,0.718049790725803,0.8729514913143231,18.987995739101933,0.8641084154017126,0.8330775469691661,0.8391089108910891,0.21987278217210082,1.0785021732534925,228.490099009901,0.5655695520047054,0.27443387903146754,398.03465346534654,14.485951132241938,16.20049504950495,2.0346534653465347,17.235148514851485,2.0272331615485766,0.9925796962020421,0.7715896589658966,15.972084708470849,0.7641693551679387
1281,11,157.7028098761971,56.66378017196572,360.2993913657149,6.35854844615489,0.004674501622457931,0.007763773840600148,0.19801174844923172,5.050205393526891,60.7436049771933,60.7436049771933,46.44328985196885,40.55613474107163,62.116053742115405,44.01317684638545,15.42633033792921,0.708563635241754,0.2483469153074993,15.807692307692308,1.4230769230769231,118254.23076923075,2047.6923076923076,46.53846153846153,0.0,1.0,0.0,-3.2034265038149176e-16,0.0,0.9786324786324786,0.05000172474218074,-0.07692307692307679,0.06560958707889336,1.0,1.0,1.0,1.0,0.0,0.9871794871794872,0.05000172474218074,11.634615384615383,290.9247041228879,0.9616109546117039,20.9028352139272,23.613316912010436,1.0568936448538593,24.552788244077746,1.0365684765154304,0.9804383071695413,0.26386206465041345,292.5690511498488,0.9669484951057978,0.9822677322677323,0.02028240331127272,0.987198282267204,23.37987077247428,0.9678274583137375,235.20408163265307,0.9600166597251145,21.770928779675128,24.571428571428573,2.5387755102040814,40.2530612244898,2.5061506955723463,0.9796094908551657,184.3469387755102,0.7524364847980008,0.8890160958169617,20.924730381531248,0.8716841630438524,0.9189000299338674,0.7954545454545454,0.9583673469387757,1.4367100767473968,160.58441558441558,0.521377972676674,0.6705599595209984,296.23376623376623,20.80102040816326,23.5,2.8051948051948052,47.8051948051948,2.7662674695546667,0.9805363321799307,0.7483270202020201,17.62332702020202,0.7337292693369682
1239,32,57.85879154976577,12.885955050171217,127.22359551876406,9.873043559706785,0.005066291543127042,0.00911974304663049,0.2089268231766135,4.786364837197871,50.83083639989403,49.219097224106775,39.27528736738475,40.39009839822524,46.553290308850485,39.76612012113841,11.440446937808957,0.8542064343318451,0.24574948111957523,1.0,1.0,0.0,0.0,0.0,0.0,1.0,0.0,-3.2034265038149176e-16,0.0,1.0,-3.2034265038149176e-16,0.0,0.0,1.0,1.0,1.0,1.0,0.0,1.0,-3.2034265038149176e-16,0.0,92.48770254135299,0.8233278006991572,19.875622421344797,25.97109763840959,1.0178973616473617,25.988995000056946,0.9203540114973242,0.9024566498499625,0.509135080720713,111.01493457743459,0.9882022531183968,0.9941002949852508,0.00589887344080153,0.9955256595881595,25.966623297997746,0.8979823094381222,86.28301886792453,0.8139907440370239,20.92604129583482,27.462264150943398,1.2547169811320755,27.71698113207547,1.151348761792453,0.8966317806603774,96.39622641509433,0.9093983624065504,0.9628537735849056,27.4251179245283,0.8594855542452831,0.7815003934813017,0.9380530973451328,0.11828052687789248,1.0427466483650816,91.03539823008849,0.8056229931866239,0.21003994048085206,93.14159292035399,19.77053802177148,25.82300884955752,1.5132743362831858,26.336283185840706,1.4163094579646018,0.903035121681416,0.9162364798426745,25.739245329400195,0.8192716015240905
1239,137,23.041111679110262,3.7548478291875216,51.84236329939315,13.806781435031112,0.0056753182244554425,0.011444127362854651,0.22535172880962098,4.4375075588828,47.90092687124824,41.39264887795741,29.773889559293643,34.40930158090905,43.49320618103097,35.46450139601463,7.038577207095143,0.815403243633072,0.16183164740255299,1.0,1.0,0.0,0.0,0.0,0.0,1.0,0.0,-3.203426503814917e-16,0.0,1.0,-3.203426503814917e-16,0.0,0.0,1.0,1.0,1.0,1.0,0.0,1.0,-3.203426503814917e-16,0.0,44.333333333333336,1.0,0.0,1.0,1.0454545454545456,1.0454545454545456,1.0454545454545456,1.0,0.10432737527046713,43.03030303030304,0.9703856749311294,0.9851851851851853,0.01480716253443526,0.9886363636363636,0.9886363636363636,0.9886363636363636,41.0,1.0,0.0,1.0,1.3414634146341464,1.3414634146341464,1.3414634146341464,1.0,35.34146341463415,0.8619869125520524,0.9417344173441735,0.9417344173441735,0.9417344173441735,0.44483869947524735,0.9111111111111111,0.13682331945270673,0.7156081959922695,32.91111111111111,0.731358024691358,0.19061728395061728,45.0,0.0,1.0,1.5777777777777777,1.5777777777777777,1.5777777777777777,1.0,0.880246913580247,0.880246913580247,0.880246913580247
1164,6,127.99136543248186,23.806393970443093,286.16691835720695,12.020590716615814,0.002774530734139756,0.002735151116936805,0.13984934673240026,7.15055181425685,65.36391253424873,60.57200425763396,40.005407151474294,54.757648683624865,66.7883729011822,43.166642521512614,14.307558118862083,0.6463197207301413,0.2142222889608504,1.0,1.0,0.0,0.0,0.0,0.0,1.0,0.0,-3.203426503814917e-16,0.0,1.0,-3.203426503814917e-16,0.0,0.0,1.0,1.0,1.0,1.0,0.0,1.0,-3.203426503814917e-16,0.0,239.97527070882526,0.9682417765457298,17.292352670850104,19.641247048190653,1.027429844808533,19.668676892999187,1.011304198573074,0.9838743537645409,0.18622815835264353,243.88801143992066,0.9839723810989596,0.9913846153846155,0.009866927635785474,0.9938388587680966,19.635085906958754,0.9777132125326374,216.14285714285714,0.9649234693877551,19.09917091836735,21.625,1.4107142857142858,22.035714285714285,1.3928725902125554,0.9821583044982699,186.86607142857142,0.8342235331632653,0.9297185019841271,21.554718501984127,0.9118768064823969,0.6494326145170992,0.896,0.1650988520408163,0.951700234729221,172.2,0.6888,0.26182399999999995,242.128,17.145216000000005,19.48,1.76,20.24,1.7440138408304497,0.9840138408304498,0.8568055555555556,19.336805555555554,0.8408193963860053
2060,14,141.31200631713799,17.664000789640856,319.06309156522593,18.06290066247858,0.0017486354784837762,0.0010864276685378328,0.10280169431194094,9.727466134610632,52.110650265761016,48.08658753420085,36.56446425079997,42.52058098789961,47.79244708541964,39.16681500265916,12.972628811057861,0.8195189280150512,0.27143679811732235,1.0,1.0,0.0,0.0,0.0,0.0,1.0,0.0,-3.2034265038149176e-16,0.0,1.0,-3.2034265038149176e-16,0.0,0.0,1.0,1.0,1.0,1.0,0.0,1.0,-3.2034265038149176e-16,0.0,264.5020986457885,0.9710605156326402,7.6544936151666185,9.44410939681871,1.0398793828547357,9.483988779673446,1.0252194707074809,0.9853400878527453,0.2109278843997397,265.2608833683483,0.9738077726092634,0.9869007803790412,0.013096113695368254,0.990030154286316,9.434139551105027,0.9753702421390614,221.13973799126637,0.9656757117522549,9.078774241528574,11.043668122270743,1.6943231441048034,11.737991266375547,1.6768862202814168,0.9825630761766133,162.27510917030568,0.7086249308746972,0.8678129548762736,10.911481077147016,0.850376031052887,0.9143421554750176,0.8297101449275363,0.2417192654602315,1.1355356454109606,153.07246376811594,0.5546103759714346,0.2825561856752783,268.1159420289855,7.555555555555557,9.333333333333334,2.079710144927536,10.41304347826087,2.0652425523349436,0.9855324074074074,0.7622785829307568,9.09561191626409,0.7478109903381643
2168,1,487.93907555398533,93.99525913302891,1122.1416443946327,11.938279172213319,0.0014107806461925983,0.000707165772886194,0.08909234924127898,11.224308355499868,76.31109143589879,73.238432846157,52.000278074136126,63.29613036671377,71.08882721248585,53.334654592508656,29.31267373493152,0.7502536851971175,0.4123386878688458,4.907692307692307,1.2497041420118342,25063.809941720414,610.7942147683905,17.39674101046882,5.1692307692307695,0.8415055835836971,0.21538461538461537,0.04805070389401238,4.812307692307692,0.972056781975421,0.08712072160908327,-0.0779842483309187,0.06442034529677977,0.991041194507399,0.9956958944469352,0.9913846153846154,0.9956043956043956,1.558048433048433e-05,0.9851084812623274,0.07814636263472435,5.641492944924897,903.6076380496894,0.9625435232723768,10.787465297555427,12.913953144969954,1.046079245765973,13.11322388009763,1.0267718143510423,0.9809376749680481,0.2476982670684393,911.2349593564941,0.9706066714359499,0.985067398498668,0.015423934137271897,0.9887561143663475,12.86441138699588,0.9697550659301405,749.7381864623244,0.957520033796072,12.234230266731258,14.547892720306514,1.883780332056194,17.822477650063856,1.858278416347382,0.9783233716475096,567.5134099616859,0.7247936270264187,0.876007942661952,13.826199513543179,0.8552876361485421,0.9454616735424292,0.8216159496327388,0.4024146575782635,1.3022017311583973,517.4155299055614,0.5429333996910403,0.4578681779193996,917.6799580272823,10.673842694798227,12.785939139559286,2.385099685204617,18.099685204617,2.359956348373557,0.9811424973767052,0.7597022471108066,11.56347979170682,0.742416203039453
1497,2,236.54339373777475,34.34657863616372,541.6299985437545,15.76954736252737,0.0015372853228420808,0.000839674970616653,0.09434170828105945,10.599765662720838,64.52774618006035,64.52774618006035,47.5847583033526,47.69234810519577,57.57760202467212,47.15847534823719,21.385960228084425,0.8190420179018516,0.3714284630839697,1.2417582417582418,1.120879120879121,1395.9445103001947,71.63938102713608,4.558869701726843,5.318681318681318,0.9171597633136095,0.24175824175824176,0.04551329066017868,4.558869701726845,0.9803767660910517,0.056502301649189644,-0.0016441563518745901,0.009651994062434811,0.9890336467656056,0.9947495742165041,0.9894887720974678,0.9946275946275946,2.2704568159113613e-05,0.989010989010989,0.04551329066017868,2.4693877551020402,446.41727458202877,0.9783237263775828,5.2456582166249826,6.785944084962774,1.0383105376720312,6.824254622634807,1.0273730252240865,0.9890624875520552,0.1805693805091929,445.40433687583834,0.9759934615138964,0.9876789876789877,0.013005625088658086,0.990805639507867,6.776749724470642,0.9798681270599222,384.1269035532995,0.9749413795769023,6.064186142389652,7.700507614213198,1.6649746192893402,8.365482233502538,1.652308253288937,0.987333633999597,307.1522842639594,0.7795743255430442,0.9033157078398195,7.6038233220530165,0.8906493418394166,0.7770351763931335,0.8528138528138528,0.2900100492153882,1.1306974251193684,277.16883116883116,0.59993253499747,0.3735687112310489,452.1082251082251,5.18140589569161,6.714285714285714,2.116883116883117,7.8311688311688314,2.106081064493163,0.9891979476100459,0.8028499278499279,6.517135642135642,0.7920478754599738
1395,9,79.87179528807978,21.67461111450056,178.3588720349242,8.228930664209246,0.005133745108272144,0.009364203654299142,0.21077719309534534,4.744346318093574,52.70893727449091,50.96187500550519,40.286867633645194,37.73592509053551,50.322232296515025,43.14070092896867,14.738266738576831,0.8572890939092204,0.29287784078683454,1.0,1.0,0.0,0.0,0.0,0.0,1.0,0.0,-3.203426503814917e-16,0.0,1.0,-3.203426503814917e-16,0.0,0.0,1.0,1.0,1.0,1.0,0.0,1.0,-3.203426503814917e-16,0.0,150.66712977936692,0.974462138477689,10.738670770131801,12.629725605029247,1.0270920929664564,12.656817697995704,1.0141701756275352,0.9870780826610788,0.16689628104461726,151.89450074543453,0.9822551465823266,0.9911242603550298,0.008872426708836713,0.9932269767583859,12.622952581787635,0.9803050594194647,136.05714285714285,0.9718367346938775,11.842653061224489,13.842857142857143,1.3857142857142857,14.228571428571428,1.3714444444444442,0.9857301587301588,115.98571428571428,0.828469387755102,0.9273809523809524,13.770238095238094,0.913111111111111,0.6243029881321224,0.8974358974358975,0.14408163265306123,0.9361585288161915,106.8076923076923,0.6846646942800789,0.267258382642998,152.05128205128204,10.643819855358316,12.525641025641026,1.7820512820512822,13.307692307692308,1.769245014245014,0.9871937321937322,0.8543447293447293,12.379985754985755,0.8415384615384616
1201,9,53.24820074463485,13.141382876079748,119.20083610706207,9.070646311054084,0.005697012598345207,0.011531786835118591,0.22592564731855685,4.426234966541858,56.602575421649654,50.50156523965889,40.12794498775422,41.08138325685716,47.31601353872399,35.09601808373153,13.031589478503308,0.7417365804709758,0.2754160484766558,1.0,1.0,0.0,0.0,0.0,0.0,1.0,0.0,-3.203426503814917e-16,0.0,1.0,-3.203426503814917e-16,0.0,0.0,1.0,1.0,1.0,1.0,0.0,1.0,-3.203426503814917e-16,0.0,103.0,1.0,0.0,1.0,1.0294145919446314,1.0294145919446314,1.0294145919446314,1.0,0.07157801931710657,101.03941170816113,0.9807786204426479,0.9903846153846153,0.009610689778676058,0.9926463520138421,0.9926463520138421,0.9926463520138421,92.0,1.0,0.0,1.0,1.4130434782608696,1.4130434782608696,1.4130434782608696,1.0,72.41304347826087,0.7870982986767486,0.908816425120773,0.908816425120773,0.908816425120773,0.5806583562469224,0.8846153846153846,0.13516068052930055,0.8193306234903687,67.75,0.6514423076923077,0.19674556213017752,104.0,0.0,1.0,1.7115384615384615,1.7115384615384615,1.7115384615384615,1.0,0.8327991452991453,0.8327991452991453,0.8327991452991453
1262,7,95.23204682922128,18.645342501958854,219.84910665776405,11.791100465688254,0.0032270698904403833,0.0037001470899089717,0.1546700869092824,6.465374268435778,52.78183100596144,52.05537009208698,37.659546536208985,40.87052787674136,51.9335408143865,38.132896970424696,10.27089075273397,0.7342633753148836,0.1977698918978533,1.0,1.0,0.0,0.0,0.0,0.0,1.0,0.0,-3.203426503814917e-16,0.0,1.0,-3.203426503814917e-16,0.0,0.0,1.0,1.0,1.0,1.0,0.0,1.0,-3.203426503814917e-16,0.0,181.08784880167144,0.9891339685425228,4.259484331331105,5.588804394307421,1.0482772047899298,5.6370815990973515,1.042820838090397,0.9945436333004669,0.16231727904671456,177.3709887785667,0.9685946814864766,0.9842845326716294,0.015702659256761675,0.9879306988025175,5.5767350931099395,0.9824743321029844,151.01307189542484,0.9870135418001623,5.090691614336366,6.490196078431373,1.7647058823529411,7.254901960784314,1.7581777062787065,0.9934718239257654,109.44444444444444,0.7153231663035584,0.8707788671023965,6.360974945533769,0.8642506910281619,0.8643722855007965,0.8225806451612904,0.28681276432141484,1.2422631798746617,98.50537634408602,0.5295987975488495,0.445947508382472,184.01075268817203,4.192392184067522,5.516129032258065,2.4301075268817205,6.946236559139785,2.42473757559485,0.9946300487131295,0.7531735364396654,5.26930256869773,0.747803585152795
1353,5,141.8240169067379,18.389335525512397,320.7237004280147,17.440744391392474,0.0018063192882547274,0.0011592878521335856,0.10505025114363717,9.51925377724877,52.27619025263243,49.83171721339538,37.81217073457992,38.80618311488741,44.14211727425882,41.40028156305658,12.838246030642102,0.9378861758223563,0.2908389271605837,1.0,1.0,0.0,0.0,0.0,0.0,1.0,0.0,-3.2034265038149176e-16,0.0,1.0,-3.2034265038149176e-16,0.0,0.0,1.0,1.0,1.0,1.0,0.0,1.0,-3.2034265038149176e-16,0.0,269.4138816352763,0.9854739516208386,6.1082033434374035,7.577589836054448,1.042332505266918,7.619922341321366,1.0350240721157464,0.9926915668488283,0.1554585848263454,266.7426030838411,0.9755063028692145,0.986948069980561,0.015344080473410267,0.9905444333441119,7.568134269398561,0.9832360001929403,231.03404255319148,0.9831235853327297,7.096532367587142,8.651063829787233,1.7574468085106383,9.408510638297873,1.7489456264775416,0.9914988179669031,185.73191489361702,0.7903485740153916,0.90803073286052,8.559094562647754,0.8995295508274231,0.7440500046280989,0.8483754512635379,0.36805794477138976,1.1435151250024256,165.75812274368232,0.5984047752479505,0.44079813369130316,273.028880866426,6.028359551147545,7.490974729241877,2.234657039711191,8.725631768953068,2.2274448455675895,0.9927878058563978,0.8022713598074609,7.2932460890493385,0.7950591656638588
1082,1,291.32981459064064,55.27501095520932,667.700763476706,12.079613408267981,0.0018075115942205531,0.0011608187907859735,0.10509647341331664,9.515067133292517,56.98579346402432,56.07439367751066,42.36249755593794,46.551480675369724,52.24113156051124,45.080248164473105,19.161592860694583,0.8629263344392983,0.36679130578363495,4.542986425339366,1.1221719457013575,30197.641621222858,591.7011382673911,12.418418951290924,0.0,1.0,0.0,-3.2034265038149176e-16,0.0,0.9914825658770295,0.024827458376722598,-0.07692307692307584,0.053049436697744944,1.0,1.0,1.0,1.0,0.0,0.995475113122172,0.024827458376722598,3.104604737822731,542.5921700903144,0.9686513838375261,11.426570591221703,13.471773510616574,1.0477523029171125,13.846866950657432,1.031426901580709,0.9840921256242137,0.23306372345759538,542.9263113021624,0.9691806109977096,0.9844531566851425,0.015815895443060387,0.988214549423347,13.378152775758984,0.9724110567877146,448.2758620689655,0.9661117717003567,12.352259215219977,14.5,1.8254310344827587,20.387931034482758,1.8017543763194932,0.982780612244898,324.625,0.6996228448275862,0.86243594348659,13.09681094348659,0.8468308733335289,0.9573977415443151,0.8154657293497364,0.32163625891795483,1.2933677506997536,301.03514938488576,0.5290600164936481,0.4446922266733795,551.2847100175746,11.348371175033437,13.38488576449912,2.4165202108963095,23.057996485061512,2.3901917972813025,0.984202951830996,0.745286076938098,11.066024214020699,0.7321218701305947
1130,14,86.01191509997538,12.628733566265618,198.15938620216366,15.691152652986123,0.002554247000025459,0.0023180779190864463,0.13234555007468357,7.555977510658217,47.52963061509138,45.310185078945956,36.219840276976534,35.209092880693944,42.61750991705323,34.041893358742094,9.700539324817585,0.7987771557981233,0.22761863242826283,1.0,1.0,0.0,0.0,0.0,0.0,1.0,0.0,-3.2034265038149176e-16,0.0,1.0,-3.2034265038149176e-16,0.0,0.0,1.0,1.0,1.0,1.0,0.0,1.0,-3.2034265038149176e-16,0.0,161.2791921429707,0.9760816762394298,21.095961556822928,23.37138543707999,1.053446356861468,23.424831793941458,1.0413471759868977,0.9879008191254298,0.20587438069102357,160.26782152104565,0.9697384516696624,0.9835164835164835,0.01927546075685664,0.9881955708783784,23.359581007958372,0.9760963900038082,134.05797101449275,0.9714345725687881,25.19470699432892,27.782608695652176,1.8985507246376812,28.681159420289855,1.8840658091722122,0.985515084534531,102.44927536231884,0.7423860533501365,0.8843095813204508,27.666918276972623,0.8698246658549819,0.885127613708567,0.8214285714285714,0.4165091367359798,1.3118067356668635,90.51190476190476,0.5387613378684807,0.5901360544217686,164.04761904761904,20.75,23.0,2.630952380952381,24.63095238095238,2.619054057534317,0.9881016765819362,0.7611193783068783,22.76111937830688,0.7492210548888144
1252,6,352.257328002969,56.533546463647404,787.1110976150534,13.922903246856928,0.0014443659467682007,0.0007412363819171505,0.0905007633775499,11.049630552045324,71.0561331277489,66.72700004684773,50.59661295446437,57.49434840499158,61.57771090250798,52.76939659299113,28.809740296548494,0.8569561261628824,0.46785987777559807,7.809523809523809,1.8406593406593406,19938.63121966036,683.4134708828583,35.82748997034711,23.36996336996337,0.6598615060153522,1.1684981684981683,0.21345395535209005,18.73347287633002,0.8791695011337868,0.32188058851917944,-0.086894603112424,0.11752497193077024,0.9417207896010888,0.9892005714556547,0.9443572300715158,0.9811532553468036,0.00014606227106227107,0.9287545787545788,0.2634556800942711,14.79936333507762,621.3478098585315,0.9104506121375823,23.285232914609118,27.39745532568157,1.024591449007114,27.570930149378512,0.9775758355206131,0.9533219905377395,0.3600390142736636,671.6339662670265,0.9841218292167712,0.9919499105545616,0.008274975969676916,0.9939774604541896,27.354211942463305,0.9473838519979887,558.8381877022654,0.9042689121395879,25.061753123658107,29.493527508090615,1.3754045307443366,32.00485436893204,1.3205048470305056,0.9499436775789065,508.1391585760518,0.8222316481813136,0.9250831535418914,28.884630079108238,0.8762376714439823,0.8333242664633096,0.8982558139534884,0.1360375362637593,1.0791290343453699,472.40697674418607,0.6866380475932937,0.20619253650621958,626.7238372093024,23.14632698418064,27.234011627906977,1.6686046511627908,31.739825581395348,1.6134899211622633,0.9535864248800295,0.8554586563307494,26.13016795865633,0.8112203699309182
1152,12,118.277680184002,19.030247244611306,264.45951434708394,13.896798656778856,0.0024964949984769905,0.0022144386190667063,0.13034305092621912,7.672062245696947,54.606737494080875,49.60734675765749,39.494648781231035,39.27340416801576,46.429863843230216,42.0340216491803,12.218157492078072,0.9053229574634893,0.26315298992330693,1.0,1.0,0.0,0.0,0.0,0.0,1.0,0.0,-3.2034265038149176e-16,0.0,1.0,-3.2034265038149176e-16,0.0,0.0,1.0,1.0,1.0,1.0,0.0,1.0,-3.2034265038149176e-16,0.0,223.2323987336454,0.9741586246599022,8.075429793780586,9.83716522742022,1.0242743222726973,9.86143954969292,1.0112015926463362,0.9869272703736386,0.16458256569081847,225.50747639922622,0.9840188406794608,0.992007992007992,0.007990579660269653,0.9939314194318255,9.831096646852048,0.9808586898054644,202.08653846153845,0.9715698964497042,8.884407359467456,10.735576923076923,1.3605769230769231,11.096153846153847,1.3461751820664543,0.9855982589895311,171.35576923076923,0.8238258136094675,0.9258814102564104,10.661458333333334,0.9114796692459415,0.6220636916934926,0.9004329004329005,0.12719582100591717,0.8859856488490682,159.36363636363637,0.6898858717040536,0.207904649463091,225.07792207792207,8.01146905043009,9.766233766233766,1.6666666666666667,10.432900432900434,1.6536988652373268,0.98703219857066,0.8573833573833574,9.623617123617125,0.8444155559540174
1281,49,66.05085218840723,12.715215731359864,149.98379875182752,11.79561573477032,0.00390555063704381,0.005419594484455129,0.17565301043933504,5.693042194374279,48.0212644466709,40.871553588302085,37.610129090431386,34.85283404365392,41.54651642691094,39.198747222028345,8.670304889063539,0.9434905882178397,0.2086890944109942,14.076923076923077,1.9807692307692308,6826.235576923077,0.0,27.78846153846154,11.115384615384615,0.8974358974358976,0.6538461538461539,0.07692307692307657,5.5576923076923075,0.9134615384615384,0.19230769230769196,-0.08854351075300253,0.10739365691521617,0.9616710875331566,0.9818672355377086,0.9636752136752137,0.9813186813186813,0.00013308490817141337,0.9230769230769231,0.15384615384615347,9.725961538461538,114.21559639780607,0.8971621942297462,14.86006293380166,18.56488439245575,1.039948056372761,19.191749468816397,0.9839239779392931,0.9457873938504453,0.4028533493633581,123.97399438651898,0.973769204368512,0.986881335718545,0.013115397815743965,0.9900129859068095,18.408168123365588,0.9362532478282333,96.66666666666667,0.8950617283950617,15.16358024691358,18.944444444444443,1.8055555555555556,28.72222222222222,1.7224794238683128,0.9446159122085048,84.25925925925925,0.7801783264746228,0.9021836419753086,16.603572530864195,0.8537225651577502,1.0115283253053715,0.8372093023255814,0.378858024691358,1.3839532698928734,75.31007751937985,0.5837990505378282,0.3952887446667869,115.75968992248062,14.831200048074033,18.527131782945737,2.193798449612403,34.74418604651163,2.0933342903627143,0.9459039142501675,0.7922588285960379,14.563576658053403,0.7497547612211695
1252,4,384.513449607892,75.39228422738005,862.290227498997,11.437380314653485,0.0016798548945413687,0.0010026417492351096,0.10008798087878572,9.991209645952168,74.08978105016678,71.50060274704774,50.10086499791052,59.23242443595275,66.01975327519872,53.63693014393217,26.509721295939777,0.8124376036419035,0.40154226547069716,14.392307692307693,1.9500000000000002,24354.083607692315,703.3349230769231,39.940769230769234,11.215384615384616,0.8735042735042735,0.6230769230769231,0.11793893994973002,8.660769230769231,0.8943245489078822,0.28032169409632945,-0.1692848130246311,0.17509397693088946,0.965491124260355,0.9933754373210959,0.9672064777327936,0.9886713286713286,0.00010683760683760682,0.9299145299145299,0.2457063094809449,12.78903846153846,661.549466936338,0.888627011084169,24.186910515122918,28.935859262182028,1.0274366410442575,29.298439422640993,0.9678636658089761,0.9413554001647592,0.4218355940037191,732.120805893622,0.983395028779883,0.9912936597357368,0.009744180933909259,0.9936638225896327,28.845737204917988,0.9352513166044021,592.4805970149254,0.8842993985297394,25.553343729115618,30.55223880597015,1.4104477611940298,35.798507462686565,1.3360123970754654,0.938960261630805,546.0089552238805,0.8149387391401203,0.9215899668325043,29.264873548922054,0.8638991349006516,0.9105282512126374,0.8921438082556591,0.15404098908442862,1.1865821586558583,505.202396804261,0.6727062540669254,0.23371235157384473,667.6364846870839,24.07476582488329,28.802929427430094,1.7376830892143809,38.169107856191744,1.6553416072407345,0.9415601671663739,0.8474349016126645,26.493240494155938,0.7949704810640436
1164,1,255.47076540323377,37.88544416801013,586.2662210534997,15.474708926562716,0.0015057578596062078,0.0008055871379444139,0.09304738549256661,10.747212237144355,63.56174473744195,60.131461494110056,44.287214418177044,50.100699344482344,61.147315776032855,50.089793908629254,23.726098491751618,0.8191658664477685,0.38801537223079935,3.6538461538461537,1.1153846153846154,12717.0,324.0,9.0,0.0,1.0,0.0,-3.2034265038149176e-16,0.0,0.9897959183673469,0.02855633281852854,-0.0769230769230762,0.05568617459474553,1.0,1.0,1.0,1.0,0.0,0.9945054945054945,0.02855633281852854,2.25,464.8127412674794,0.9448899072039519,14.935474759359325,17.62217814018374,1.043350336107579,17.895346081366657,1.0146279112918641,0.9717524049468373,0.3015546335004618,478.03659642717264,0.9716477434605232,0.9858177894250039,0.014176128269738344,0.9891624159731053,17.553886154888012,0.9610335283605804,389.7566265060241,0.9391725939904195,16.701930614022356,19.628915662650602,1.7662650602409637,23.886746987951806,1.72778676690232,0.9687356865478444,308.421686746988,0.7431847873421397,0.8849899598393574,18.6410140562249,0.8555291413588236,0.9751857161075468,0.8316633266533067,0.32047612135288145,1.3296789943354548,278.2184368737475,0.5575519777029008,0.4131308709603576,471.73346693386776,14.79336227565351,17.460921843687373,2.2865731462925853,24.55511022044088,2.2465726908362176,0.9719987495652462,0.7733383433533734,15.782356379425517,0.7483368941740229
1296,5,197.1257512670775,43.7346093179144,451.2124087188722,10.31705589134069,0.002574416220305471,0.0023548311511600857,0.13304133396271453,7.516461014140574,57.71732331997308,54.35377698597742,40.95769825233374,45.25483473772358,50.99007113272651,43.430779681949666,14.365003317118747,0.8517497370988146,0.28172157829956396,19.675213675213676,1.747008547008547,57317.98817594876,1437.7421783264742,54.17603038936371,0.0,1.0,0.0,-3.2034265038149176e-16,0.0,0.9487939221272554,0.11431789241507523,-0.15384615384615372,0.1353078673106287,1.0,1.0,1.0,1.0,0.0,0.9675213675213676,0.11431789241507523,13.54400759734093,360.27410886762596,0.9498240264680242,13.271544999207643,15.808218453159734,1.045977892208889,17.144466825168777,1.0180291267002781,0.9742912874077088,0.2801200891346518,368.4199230482903,0.9712131941553479,0.985214785214785,0.015598046513230341,0.9889601550619804,15.605316571104915,0.963584536284128,300.312101910828,0.956407967868879,11.530092498681487,13.818471337579618,1.8121019108280254,34.77388535031847,1.7548765923566878,0.9777457094833687,223.2420382165605,0.7109619051482818,0.8679670912951168,10.685288393489031,0.8509231307010301,0.978277261220983,0.8155844155844156,0.3087447766643677,1.307609176641303,204.86493506493505,0.5321167144543768,0.36651037274413895,365.5194805194805,13.383369876876369,15.935064935064934,2.2831168831168833,47.08831168831169,2.2053300865800867,0.9740710678210678,0.7513708513708514,9.878354978354977,0.7355253928170595
1376,5,139.26599841343992,24.661687219047167,311.71329523037997,12.639577027383261,0.0025282199828335346,0.0022710775561982704,0.13144497509812214,7.607746125354063,55.547085357526775,54.944687457610584,40.99614100768355,42.218483140894236,49.26629141259434,41.931443373583946,15.911573476733746,0.8511183239350684,0.3229707985015114,25.972222222222225,1.8055555555555554,69854.91358024695,1204.3950617283956,62.296296296296305,0.0,1.0,0.0,-3.203426503814917e-16,0.0,0.9629629629629629,0.07652465283787377,-0.0833333333333333,0.07640536757052917,1.0,1.0,1.0,1.0,0.0,0.9722222222222222,0.07652465283787377,15.574074074074076,256.27892324833954,0.9499936505506914,21.027669943434265,24.07076973935567,1.0254445301383548,24.867446754481154,0.9989534165557521,0.9743658114007162,0.23669772126537408,265.506802012224,0.9841587529702556,0.9917986425339366,0.00877212341972962,0.9939566001251513,23.871918218234036,0.9685366427716973,231.2962962962963,0.9518366102728243,20.25270538027739,23.19753086419753,1.4074074074074074,34.7037037037037,1.3704115226337448,0.9753360768175583,199.0576131687243,0.8191671323815815,0.9234396433470508,20.34627914951989,0.9018587105624143,0.7077380763552693,0.8933823529411765,0.15448187098850108,0.969900098539523,184.88970588235293,0.6797415657439446,0.20453070934256057,258.3602941176471,21.08638354238754,24.136029411764707,1.6764705882352942,44.643382352941174,1.6287295751633988,0.9742933006535948,0.8513071895424836,19.029616013071895,0.8311090686274509
1126,31,79.8720095214846,3.4560004119870418,181.7195266894384,52.58087529710623,0.0007959695495517897,0.00022511018957107576,0.06083194715356544,16.43873074579676,51.362246121753806,51.362246121753806,40.071938888378845,34.43718971320352,45.62175990605417,40.23588841605109,6.371666962615626,0.8819451178320642,0.13966289278923855,5.9692307692307685,1.2615384615384615,8552.550400000006,290.24492307692316,14.227692307692312,0.0,1.0,0.0,-3.2034265038149176e-16,0.0,0.9753846153846154,0.05553293037595059,-0.07692307692307683,0.06723552704511787,1.0,1.0,1.0,1.0,0.0,0.9846153846153847,0.05553293037595059,3.556923076923077,140.5468173303226,0.9135651484745139,18.309337019237017,21.851591785209543,1.044261180230116,22.389485161058605,0.9978673297899197,0.9551297057191215,0.3901286107366379,149.91282948717887,0.9743043853234142,0.9861932938856016,0.01582417567865229,0.9900593600081726,21.718243096312975,0.9455699547671232,119.47328244274809,0.9120097896392985,19.542567449449336,23.213740458015266,1.8625954198473282,31.47328244274809,1.7940875035340684,0.9543221656771275,102.00763358778626,0.7786842258609639,0.9024034550206851,21.266907271814578,0.8624331411954094,0.9634317844642711,0.8397435897435898,0.4444962414777694,1.3994102383212768,90.6025641025641,0.5807856673241288,0.448060486522025,142.55128205128204,18.196704470742933,21.724358974358974,2.2948717948717947,35.44230769230769,2.211780824628047,0.9552518597657487,0.7906873219373219,18.409277065527064,0.7555248892054447
2168,3,420.86665278633365,74.32580182013173,954.1107171343871,12.836870827755519,0.0014228742026656787,0.0007193417334650868,0.08960077216966339,11.160618103898162,70.39108168374389,68.11772435440976,49.06185069771301,56.93505156410424,61.376790779706766,51.065000078096475,24.960032721254983,0.8319920189600444,0.4066689118830176,72.35127308588847,4.067304490381414,429557.5363346157,8154.855167594461,241.80141701817914,41.544072594072595,0.7462344086816964,1.5134532134532135,0.2940395287810973,36.61866778964182,0.7607697990049493,0.6816195933539327,-0.5642776123583395,0.5816181808402332,0.9381915593757724,0.9828895800726654,0.9407228028381874,0.9767694948729433,0.0001347880020062554,0.8562632037328394,0.6115795456823063,70.83637240306292,728.7450940094194,0.8984897256889759,27.075793957083416,31.79879614969136,1.0412185800864426,33.40558982776782,0.9850059025050708,0.946911155557003,0.43342954322773747,790.1413947011908,0.9741547663408281,0.9867115852517312,0.01404665449469268,0.9901183486372575,31.397520723831118,0.9378104624788537,617.0730994152046,0.9021536541157963,26.67515432098765,31.25,1.7309941520467835,57.31432748538012,1.6288865747949757,0.9489421707210169,499.08479532163744,0.7296561335111659,0.878632228719948,27.084072043534764,0.8346149035638007,1.0975417924271103,0.8321167883211679,0.28678054786088025,1.4028269637433128,459.6350364963504,0.5591667110661197,0.3283191551080091,738.0802919708029,27.15658355089065,31.90389294403893,2.1386861313868613,81.02798053527981,1.985755531640568,0.9465901487048315,0.7708333333333334,23.740242295214923,0.7321490031939307
2098,3,197.1102716054287,32.425066324700076,448.42450235399156,13.82956314918623,0.0019265129579690802,0.0013187003307390205,0.1096601170319531,9.119085653616592,53.02837186864084,50.60126670150152,40.0060996674052,38.61606213880295,46.38287928658076,38.805902002527134,16.541429847621004,0.8366428000892615,0.35662792181180264,18.477564102564102,1.8862179487179487,167721.6962132468,3030.1807002314818,77.7338408119658,30.625,0.8324786324786325,0.875,0.09734557985284263,25.38341346153846,0.9350507478632478,0.17234730459502365,-0.08092964202538429,0.08769930782169129,0.9750203915171288,0.9878520428401428,0.9756944444444445,0.9876760563380281,2.0408163265306123e-05,0.9621794871794873,0.1473473045950237,27.08971020299145,373.4300510745546,0.9847039635327322,9.368822336201541,10.98176136283897,1.0465066123342626,11.816780254450684,1.0381962160054692,0.9922980236397849,0.17629616900670853,368.1731359734088,0.9708114460806143,0.985014985014985,0.015795841436940124,0.9888261693556993,10.773459462375307,0.981276297987629,313.02523659305996,0.9874613141736907,7.679945068614474,9.170347003154575,1.8075709779179812,22.233438485804417,1.7918102776804143,0.9936957199049734,229.53627760252365,0.72408920379345,0.8754381352961793,5.981905012267789,0.8714979602367877,0.8507942072873126,0.8233766233766234,0.3325339091840898,1.2356750422963882,208.2831168831169,0.5409951087873166,0.43521673132062744,379.04675324675327,9.47107438016529,11.090909090909092,2.366233766233766,32.63896103896104,2.3428751803751804,0.9922138047138048,0.759992784992785,5.80544733044733,0.7560996873496874
1523,6,179.7076430281293,46.3775422534654,409.8169290592566,8.836538314589848,0.0031539002348371795,0.003534257181115123,0.1523231982185255,6.564988207281354,65.750166883158,62.81320807051028,49.58592935099695,43.7958908707568,66.73913856912712,45.40802553330328,16.746900322618483,0.6803807556831216,0.2509307234355799,1.0,1.0,0.0,0.0,0.0,0.0,1.0,0.0,-3.2034265038149176e-16,0.0,1.0,-3.2034265038149176e-16,0.0,0.0,1.0,1.0,1.0,1.0,0.0,1.0,-3.2034265038149176e-16,0.0,332.7097700848738,0.9603067226937907,12.49393426112874,14.698921911038362,1.0393941787449203,14.73831608978328,1.0192266222333655,0.9798324434884454,0.25303783169331956,337.5259301340036,0.9741466979023439,0.9870699101468332,0.012926651048827974,0.99015145531377,14.689073366352126,0.9699838988022154,281.2915254237288,0.9535305946567079,14.624831944843432,17.08813559322034,1.664406779661017,17.752542372881354,1.6407218221257542,0.9763150424647373,216.62033898305086,0.7343062338408504,0.8813323917137476,16.969467984934088,0.857647434178485,0.9152371920952926,0.8404558404558404,0.2487101407641482,1.2056383260414132,199.2905982905983,0.5677794823093968,0.32572787558542543,337.24501424501426,12.335013514500696,14.521367521367521,2.111111111111111,15.632478632478632,2.091204950219651,0.9800938391085399,0.7777184235517569,14.299085944919279,0.7578122626602969
1274,2,488.47098532172964,57.94405992899087,1099.6928290923604,18.978525675280764,0.0008964517004617087,0.00028553282152238876,0.0658494288295047,15.186160575350911,77.67116080330297,75.2265690585085,49.743563533276955,67.09038779246868,76.21118483050411,51.1158384525924,29.003498617660625,0.6707130792714417,0.38056748077287145,12.177777777777777,1.6055555555555556,72719.60290640144,1600.334488340192,44.67987654320988,11.555555555555554,0.9134615384615384,0.4444444444444444,0.05878496203912428,8.987654320987653,0.9451103988603988,0.14487311591937344,-0.15691690291541638,0.13264959426241812,0.9829312325619564,0.991775405298537,0.9835390946502057,0.9916142557651992,2.5287007535528242e-05,0.9681623931623933,0.12777909882535637,14.058858024691359,907.6759794615141,0.9628543521445464,12.555228975143393,14.782039500071923,1.036205687728366,15.174748777827913,1.0168112527625233,0.9810945960218492,0.22754325491539826,920.5335471448126,0.9764570656043534,0.9881470730527335,0.012013590261563236,0.9910392144257772,14.68395281699079,0.9722560681945492,786.6259168704156,0.9616453751472074,12.963863200243901,15.23960880195599,1.5892420537897312,21.16870415647922,1.5623840810837095,0.9804669289410755,629.7872860635697,0.7699111076571756,0.8991272751969573,13.803772751969573,0.881425429549807,0.816862115023352,0.8574423480083857,0.22908160520322093,1.1539733747932794,573.6624737945492,0.6013233477930285,0.33270044697598994,918.6792452830189,12.514061943752223,14.735849056603774,2.0440251572327046,24.937106918238992,2.012621752896619,0.9811579573983488,0.8031970649895178,12.249737945492662,0.787495362821475
1186,5,191.4880085601808,16.341334063844688,431.5508764792928,26.408546254133686,0.001028405918769011,0.0003757780263378131,0.07216231553840328,13.857648449041532,56.89007027992338,53.120241754862164,42.30933766142578,42.430178572022506,49.311725766357355,45.53233607341777,15.715859253356465,0.9233571805852705,0.3187043042829079,17.725274725274723,1.978021978021978,34317.99468170313,822.8535546086567,53.11773940345368,17.406593406593405,0.8292476754015217,0.7252747252747253,0.10791930023395814,13.733124018838303,0.9149387319030176,0.20877722153485284,-0.08222553023332188,0.09744711288423079,0.9698325937494049,0.9855065833417207,0.970989010989011,0.9851984749943933,5.246489621489621e-05,0.9441391941391941,0.17855744131507267,17.63108320251177,350.45609673539406,0.9477664837740012,15.043252673087666,17.74666019281244,1.034441852054604,18.16924220659211,1.0070261714873439,0.9732053436915001,0.2651624614929351,361.4336556251018,0.9773814117079082,0.9886877828054299,0.011309294146045864,0.9913895369863491,17.64101468936752,0.9647501367425393,304.5031055900621,0.9456618186026774,15.649396242428919,18.440993788819874,1.6832298136645962,24.937888198757765,1.6460223602484472,0.9720944099378883,258.0,0.8012422360248447,0.9137918127913691,16.901369452542923,0.8882116885677666,0.814345787371918,0.8609625668449198,0.3341692064349369,1.171692562426105,233.0374331550802,0.6230947410563642,0.346649889902485,354.5347593582888,14.989276216077098,17.684491978609625,2.021390374331551,28.71657754010695,1.9786780748663102,0.9733048128342247,0.8177176173499704,14.999535799168152,0.7950267082590613
2086,14,148.47778305047092,23.80764452361097,338.4062222249673,14.214183259051797,0.0021576648339637137,0.001654132188957369,0.11826513657564945,8.45557726439812,54.35836795090528,53.766477121725195,40.35782482329893,39.7834142221194,45.767592841097745,39.91403208685751,14.065066951569852,0.8721024989327397,0.3073149815941357,57.261904761904766,4.253663003663004,15289.769455257248,-266.7416253436662,49.56554160125589,11.115384615384615,0.8237762237762237,0.6538461538461539,0.12063986582329532,8.027777777777779,0.8672379208093494,0.3055263250608906,-0.16161008060511367,0.1765762833964991,0.9616710875331566,0.9818672355377086,0.9636752136752137,0.9813186813186813,0.00013308490817141337,0.9029304029304028,0.26706478659935223,15.170231554160125,248.47018712244542,0.8673892511269438,19.16225321215664,24.06918924063644,1.0371745413762385,25.937261281327576,0.9603224218084876,0.928798798640011,0.4585655592268069,279.49477030709846,0.9756036094118394,0.9877984084880637,0.01219819529408027,0.9907063646559404,23.602171230463657,0.920917892847892,219.59349593495935,0.8926564875404852,15.51113755039989,19.382113821138212,1.5853658536585367,47.540650406504064,1.443528555655927,0.9432650807989562,180.1788617886179,0.7324343975147068,0.8807588075880758,12.369579945799458,0.8452994830874234,0.9962928037763678,0.8482758620689655,0.19565073699517485,1.3392262556823564,167.40689655172415,0.5772651605231867,0.28556480380499405,251.04137931034484,19.41214030915577,24.389655172413793,2.0206896551724136,72.1896551724138,1.8041187739463602,0.9278097062579822,0.7831417624521073,12.477969348659004,0.7470466155810983
1239,22,87.556224380619,19.286263849920303,192.92285462622556,10.00312222872668,0.004060669546325417,0.005858649855648998,0.18027375890335756,5.547119037641452,49.485357083100716,49.485357083100716,41.083336560747,40.031987806752866,50.941001685422435,42.943337474329866,14.311956531968121,0.8430014340809238,0.2809516118341998,1.0,1.0,0.0,0.0,0.0,0.0,1.0,0.0,-3.2034265038149176e-16,0.0,1.0,-3.2034265038149176e-16,0.0,0.0,1.0,1.0,1.0,1.0,0.0,1.0,-3.2034265038149176e-16,0.0,152.8764670652776,0.8996786848877565,31.350410972576075,36.752130332524935,1.0190687836354386,36.771199116160375,0.9661810168713486,0.9471122332359099,0.3509130452024306,167.7892259498246,0.987405603258125,0.99370220422852,0.006297198370937466,0.9952328040911402,36.74736313661608,0.9423450373270501,141.0253164556962,0.8925652940233937,33.573345617689476,39.449367088607595,1.2974683544303798,39.74683544303797,1.2405905924649838,0.943122238034604,139.0506329113924,0.8800672969075468,0.9504658931082982,39.399832981715896,0.8935881311429023,0.7084507853824915,0.9239766081871345,0.12614164396731292,0.9644744775809844,130.26315789473685,0.7617728531855956,0.20710646010738343,153.94736842105263,31.16343490304709,36.526315789473685,1.5614035087719298,37.08771929824562,1.508849787189868,0.9474462784179383,0.8955896686159844,36.42190545808967,0.8430359470339227
1130,4,156.66455964638374,19.327082113237136,359.11497342912037,18.580920354405812,0.0016022898630042104,0.0009121881294769816,0.09698281941357,10.311104647676167,56.6351496057993,55.222168286962855,40.95470584696822,47.38270121038835,57.14685801934272,42.234276911075156,13.300157972659937,0.7390481012408407,0.2327364693988632,1.0,1.0,0.0,0.0,0.0,0.0,1.0,0.0,-3.203426503814917e-16,0.0,1.0,-3.203426503814917e-16,0.0,0.0,1.0,1.0,1.0,1.0,0.0,1.0,-3.203426503814917e-16,0.0,291.39677798929137,0.9673495037550253,17.77819520538876,20.174011609311037,1.0494854864935517,20.223497095804586,1.0328989712605832,0.9834134847670318,0.23199290111254645,292.34731272827514,0.9702680641340785,0.9844142785319256,0.017138362453750906,0.9884978950579716,20.162509504369005,0.9719113798250034,241.199203187251,0.9609530007460199,21.261091093792164,24.00796812749004,2.0318725099601593,25.0398406374502,2.0119694233446834,0.9800969133845242,193.11155378486055,0.7693687401787274,0.8972017146832173,23.905169842173255,0.8772986280677415,0.886320162818089,0.8202614379084967,0.5456103871367122,1.3147351766292938,169.24183006535947,0.5530778760305866,0.5286001110683924,296.16339869281046,17.503364090734333,19.872549019607842,2.503267973856209,21.375816993464053,2.4869422394101814,0.9836742655539724,0.7720361292665214,19.644585148874366,0.7557103948204938
1316,6,308.1996943962481,38.695615007945996,711.7040201525218,18.392368747889808,0.0011498407309511337,0.00046976171936530644,0.07773665955241715,12.86394354681151,64.74370741325413,62.72549271237707,42.877114845729494,52.24557475373795,60.741493990945436,46.37272258337778,17.44313101990616,0.7634438920829052,0.2871699372838337,7.805325443786983,1.4017751479289942,28197.249836087405,769.760357410455,25.563859808830223,4.8710059171597635,0.891438895936647,0.2319526627218935,0.0572771460500517,4.519508420573509,0.9552450311030193,0.13378254005579673,-0.10462436822417186,0.10690072254672502,0.9889796246218105,0.9947340476571246,0.989456697149005,0.9946057520297233,2.504617889233274e-05,0.9753451676528601,0.12273717516427804,7.608716431497497,559.3436810718572,0.9447142194836664,12.190514603851533,14.742710788391557,1.0508696516329796,15.17077792760338,1.0216962874264293,0.971605969445472,0.3071260321162753,572.8830488718838,0.9675394763355338,0.9835164835164835,0.016999271621639365,0.9875723161950435,14.63598373269189,0.9593731190535212,448.94142259414224,0.939207997058875,13.404636648518059,16.156903765690377,1.9163179916317992,23.135983263598327,1.8724757080120333,0.968684083128739,315.18410041841,0.6593809632184311,0.8397332635983263,14.480946652719664,0.8115489384141914,1.1162804629128678,0.7940199335548173,0.3301937991281665,1.3778927315042455,300.2857142857143,0.49881347887992405,0.3711438063597532,568.9601328903655,12.101811790156843,14.63953488372093,2.4119601328903655,25.67940199335548,2.3638869059059333,0.9718191428022295,0.7154162052417866,11.94797434477667,0.6922084404906814
1164,22,91.641817649657,17.833463583592295,211.93525426195373,11.884133066385662,0.003261038717455155,0.0037784541478917827,0.15575358516556406,6.420397957048712,49.11848035058976,46.39835831795923,37.902627682895876,37.352376652365784,43.45728556202702,38.52773002530252,11.284146494074216,0.8865654982134469,0.25966063798366423,14.606060606060606,1.6515151515151514,23022.22895622897,535.4006734006738,37.35353535353536,6.818181818181818,0.9719352223354053,0.45454545454545453,0.0834814394594987,4.545454545454545,0.9545454545454546,0.113784469762529,-0.09090909090909072,0.08711074107641653,0.9698310539018503,0.993939393939394,0.9715909090909091,0.98989898989899,0.00013468013468013467,0.9696969696969696,0.0834814394594987,11.042929292929294,157.72244045986162,0.8926297519197749,13.974738251977984,17.499104491316935,1.040341844597175,17.53944633591411,0.983973834856114,0.9436319902589388,0.4332232261853953,172.31338997751462,0.9750511024457077,0.9871078642028362,0.013770219989683172,0.9904057462384652,17.4895102375554,0.934037736497404,132.20529801324503,0.8755317749221525,16.19797377308013,20.304635761589402,1.6490066225165563,20.95364238410596,1.5830537159676232,0.9340470934510668,112.23178807947019,0.7432568746984781,0.8858075791022811,20.190443340691683,0.8198546725533481,1.1026464138424157,0.8435754189944135,0.24376123854216922,1.3658881594374714,102.46368715083798,0.572422833244905,0.33457133048281884,160.0167597765363,13.803252083268314,17.28491620111732,2.11731843575419,18.40223463687151,2.0616821849782743,0.9443637492240843,0.7827436374922409,17.06765983860956,0.7271073867163251
1234,2,1098.1925904379623,121.78674240117446,2512.041649232395,20.62656082020443,0.000545738790596442,0.00010582100807337776,0.04729958149495214,21.14183610919942,116.19700052938428,110.7168970399969,70.55204763757098,97.75725371586515,99.87359009757644,70.63686171861782,42.27373146214134,0.7072626672337066,0.42327237281487456,18.326590816831548,1.515600931996508,257268.0848152991,3974.412396877677,64.87747921136982,2.4700854700854697,0.9219934994582881,0.07264957264957264,0.014086312946259092,2.401471984805318,0.9687930325903694,0.10203119137517797,-0.38482098676386983,0.22951992546634895,0.997865094667169,0.9989625848508671,0.9979242979242979,0.9989471076427598,1.848401502380741e-06,0.9837668906376091,0.09989443923842585,16.836891170363824,2020.9912933117937,0.9559679481640173,25.450525961198004,28.56862853760801,1.045180983857884,29.28203187255534,1.0221304933364987,0.9774949971121566,0.26405480412618,2055.552263161876,0.9722846680455043,0.9855836471221088,0.01565508493906281,0.9893759962739599,28.3909489461096,0.9670073652945023,1700.0728699551569,0.9529556445936979,27.191637424842654,30.50224215246637,1.9007847533632287,43.06670403587444,1.8671799212958724,0.9759165370183949,1355.7757847533633,0.7599640049065938,0.8934428287742879,28.242097537294466,0.8711173963591695,0.9074399969153284,0.8317016317016317,0.4551289866074122,1.3111615047662946,1216.9916083916085,0.567362055194223,0.5149839437951326,2051.148251748252,25.289655239865034,28.39020979020979,2.405128205128205,48.055477855477854,2.367862613576899,0.9776406450692164,0.7801017183874327,24.239309177594887,0.7609513449513451
1497,12,91.64776510619411,19.242617347714468,218.35230776052998,11.347328890602538,0.0033647478776776436,0.0040226041923359,0.15903855969635994,6.287783301793119,50.98071807427383,48.76713040536825,38.69873840595044,34.54851712551571,50.405942989129215,41.15432907119447,9.377085913948878,0.8164578744230616,0.1860313557861855,1.0,1.0,0.0,0.0,0.0,0.0,1.0,0.0,-3.203426503814917e-16,0.0,1.0,-3.203426503814917e-16,0.0,0.0,1.0,1.0,1.0,1.0,0.0,1.0,-3.203426503814917e-16,0.0,171.04572942382654,0.9773967733525785,12.307456909521077,14.204371129899478,1.073192697041218,14.27756382694069,1.0617702306658725,0.9885775336246545,0.23314012832393208,167.85690613320438,0.9586231701705386,0.9776536312849161,0.025911521756984676,0.9837046716774527,14.18807580157693,0.9722822053021072,129.06015037593986,0.9703770704957884,16.129685115043248,18.36842105263158,2.8496240601503757,20.218045112781954,2.8345994744647083,0.9849754143143327,93.84210526315789,0.7055797388207361,0.8609428664253225,18.229363919056905,0.845918280739655,1.0601114256806965,0.7430167597765364,1.0382723726609755,1.5453817067113564,80.48603351955308,0.4496426453606317,0.7462313910302426,175.04469273743015,12.031646952342312,13.905027932960893,3.2458100558659218,16.150837988826815,3.2346465368927726,0.9888364810268505,0.6916899441340782,13.596717877094973,0.6805264251609286
1265,1,1408.5083899840224,44.97055140677585,3196.76921134654,71.08583531543874,0.00014037389502329255,7.001239711613039e-06,0.019130441038684907,52.27271017839239,113.98521293630499,109.64663662899196,68.64156356674518,104.13837104161091,116.58078056436167,62.20052815700157,44.536741313949975,0.5335401586427193,0.38202473082055083,10.902918292141917,1.5121345517034965,63921.90378875036,1504.5106917023509,39.054141376850424,5.800891000891001,0.8762918457272774,0.2522126522126522,0.06097392159997455,5.430256372032433,0.9473388042326972,0.17356160859143285,-0.3857596229648864,0.26089549249838556,0.9890549226398283,0.9978813400288931,0.9894911394911395,0.9963969621112477,2.0729239106817805e-05,0.9722503966169642,0.1625958411039263,11.213758094435358,2570.123655893313,0.9466650465375052,15.244167579955526,17.957183529505883,1.0401768996488965,18.38849657172201,1.012145870539677,0.972648026693849,0.2872470968097687,2644.508812789412,0.9740473146499611,0.9868858876492462,0.013395865508646734,0.9901137960927774,17.849513289956853,0.9629315867373935,2182.880777537797,0.9429290615714025,16.426048542466493,19.300647948164148,1.7343412526997841,26.244492440604752,1.6942371021590343,0.9706762370282447,1738.9991360691145,0.7511875317793151,0.8896944144468442,18.189922396208303,0.8621074916945379,0.9277037117448869,0.84151217739004,0.3221965862601402,1.271460111815159,1583.9560159941839,0.5757746332221679,0.3846503191529705,2604.9832788077065,15.161356083330329,17.863322428207926,2.182842602689931,30.75099963649582,2.135305293973241,0.9727835846958067,0.7848359182519488,15.650904822488792,0.7610869569824275
2115,26,59.8998117366231,18.51603867072349,133.8643465931367,7.229642850378975,0.0067449037870969935,0.01616418321049575,0.2528431863756277,3.955020557739629,49.920312423435135,44.756395514814514,32.207199273750355,38.53310607746361,45.96083838106325,40.49487458412626,9.953278883957573,0.8810734531946861,0.2165599939982495,1.0,1.0,0.0,0.0,0.0,0.0,1.0,0.0,-3.2034265038149176e-16,0.0,1.0,-3.2034265038149176e-16,0.0,0.0,1.0,1.0,1.0,1.0,0.0,1.0,-3.2034265038149176e-16,0.0,114.10056395011782,0.9829178444257153,3.4164311148569166,4.790735692587864,1.0239732456780462,4.81470893826591,1.0153774731324954,0.9914042274544492,0.13010022538494956,114.28657982955424,0.9843390151497977,0.9921652421652422,0.00783049242510108,0.9940066885804885,4.7847423811683525,0.9854109160349379,104.01886792452831,0.981310074759701,3.7379850480598074,5.150943396226415,1.330188679245283,5.481132075471698,1.3207761091858128,0.9905874299405296,87.71698113207547,0.8275186899252402,0.9279350104821803,5.078878406708595,0.91852244042271,0.5706977394271521,0.905982905982906,0.11187255250978996,0.7970754487356486,82.19658119658119,0.7025348820220615,0.16977134925852877,115.01709401709402,3.3895828767623644,4.760683760683761,1.5811965811965811,5.3418803418803416,1.5726689536213345,0.9914723724247534,0.8641975308641976,4.624881291547958,0.855669903288951
1274,8,166.91985452293906,26.411909496342457,375.6953317061248,14.2244668738605,0.002046308772620909,0.0014878000821301133,0.11416023640414351,8.75961745961928,61.68977899497944,61.105991118103816,46.51239086685631,44.354932742953146,52.94141670507011,48.41616810580608,13.518267971022368,0.9145234698860891,0.2553439029848959,25.846153846153847,2.3076923076923075,0.0,0.0,0.0,0.0,1.0,0.0,-3.2034265038149176e-16,0.0,1.0,-3.2034265038149176e-16,0.0,0.0,1.0,1.0,1.0,1.0,0.0,1.0,-3.2034265038149176e-16,0.0,297.03843847221594,0.9229105299057191,11.139428428623587,13.971169977890813,1.0389550009593007,14.239474091276152,0.9982126580879525,0.9599655247595963,0.3369191382602716,313.69698943925727,0.9745280583688207,0.9872581406323739,0.012735970815589593,0.9902612497601748,13.90409394954448,0.950403741427507,253.04347826086956,0.9168241965973535,12.018903591682417,15.043478260869565,1.673913043478261,19.22826086956522,1.6197329575952764,0.9566559312936124,212.68115942028984,0.7705839109430792,0.8983242753623188,14.064085144927537,0.8576892109500805,0.9566832696499736,0.8466257668711656,0.2787754673387944,1.298022316832589,191.69325153374234,0.5880161089992096,0.36877564078437275,301.0368098159509,11.064972336181262,13.88036809815951,2.1411042944785277,20.966257668711656,2.083001969249413,0.9602457774748163,0.7949258691206543,12.18909764826176,0.7597586722714536
1257,4,332.79914703366575,51.37053500364869,760.5962940666379,14.806080840166745,0.0013816811889189892,0.0006782939382533608,0.08786299006070411,11.38135635162319,72.66795356697743,67.00920138993374,44.62813379662164,60.884153196654,69.06647474127809,49.541857901022134,19.50366420304782,0.7173068856721752,0.28238974518546417,1.0805860805860805,1.0402930402930404,706.0332648670835,33.60859850655767,1.6884702598988306,1.7728937728937728,0.9212007504690433,0.08058608058608058,0.02124580212676419,1.6884702598988315,0.9929356357927787,0.024908805789767827,-0.00039705670819175216,0.00314761753497914,0.9963445489218685,0.998249858072168,0.9964962573658226,0.9982091982091982,7.568189386371204e-06,0.9963369963369964,0.02124580212676419,0.865341008198151,622.0039985247523,0.9693166961921276,7.425359521505114,9.228637976534687,1.039471713046345,9.268109689581031,1.0239166318052584,0.9844449187589135,0.21320264943080192,625.6396444710415,0.9748960560017063,0.9872189349112424,0.013262653277010204,0.9904021254675869,9.219040102002275,0.9748470442265005,531.3629764065336,0.9643611187051426,8.624609273355489,10.582577132486389,1.6261343012704175,11.208711433756806,1.608019788732636,0.9818854874622185,414.2522686025408,0.7518189992786585,0.88997277676951,10.472549909255898,0.8718582642317285,0.8430122408371834,0.8476923076923077,0.23450515643887865,1.1671049793550223,376.75384615384615,0.5796213017751479,0.34803313609467457,630.3076923076923,7.331597633136097,9.123076923076923,2.123076923076923,10.246153846153845,2.10772139014105,0.9846444670641268,0.7885149572649572,8.91159188034188,0.7731594243290841
1234,13,60.41339192152892,14.292716309118246,133.2508196864344,9.322987793539644,0.005242458526612422,0.009765000120898882,0.21374243418355066,4.678528172563306,47.09031158056956,45.85086865038398,33.63661885242369,34.73326997015942,46.8525048373381,39.370771976570595,9.102136350382558,0.8403130657209793,0.19427213938685314,1.0,1.0,0.0,0.0,0.0,0.0,1.0,0.0,-3.203426503814917e-16,0.0,1.0,-3.203426503814917e-16,0.0,0.0,1.0,1.0,1.0,1.0,0.0,1.0,-3.203426503814917e-16,0.0,108.97421970891999,0.9337950680358699,11.949990219525478,14.676707982384295,1.033555529927344,14.710263512311638,0.9993637599713832,0.9658082300440393,0.3000064100637851,114.13970168761773,0.9779723202655498,0.9889830508474576,0.011013839867225077,0.9916111175181641,14.668319099902462,0.9574193475622034,98.30188679245283,0.927376290494838,13.108579565681737,16.056603773584907,1.4528301886792452,16.50943396226415,1.415188679245283,0.9623584905660378,89.37735849056604,0.8431826272694909,0.9343396226415095,15.990943396226415,0.8966981132075473,0.6888471580250194,0.8983050847457628,0.21359914560341756,1.0319352083748383,82.27118644067797,0.6972134444125251,0.27348463085320307,110.27118644067797,11.822464808962941,14.525423728813559,1.7627118644067796,15.288135593220339,1.7288983050847457,0.9661864406779661,0.8614053672316384,14.386829096045197,0.8275918079096045
1156,1,914.9923042962388,85.89253444087494,2074.7473303973206,24.15515322609901,0.000512781867512906,9.342595922305627e-05,0.0453756147424236,22.038268917711374,109.01826945304956,105.6796587324949,53.69741151310795,100.76824988951051,109.81704861552517,52.08403306715832,34.123964815783275,0.47428002959273713,0.31073467413291117,5.726007688275491,1.4602889120110483,52916.6178760199,1195.957571980218,32.32313132567649,19.085897168134007,0.5267799009312364,0.6581343851080692,0.12782525543496462,17.996807130840185,0.9480364787422764,0.17534700295334493,-0.07947638819633097,0.07259417130233017,0.9773326636958029,0.9890373939298482,0.9780621871630644,0.9888451799134226,2.698488601861779e-05,0.9727808239805144,0.15265271381168755,12.852257123452627,1700.9971713441917,0.9634009067594845,15.389918707636811,17.763925074889833,1.0375384947510509,17.918673478376217,1.0187816781025785,0.9813734165834558,0.22616063335749367,1725.2028837961827,0.9770749776786688,0.9880332314579656,0.01310341222208278,0.9912253460203401,17.72584794372634,0.9726313209117777,1466.3394375408764,0.9590185987840918,17.23267921128939,19.81491170699804,1.618705035971223,22.197514715500326,1.5958396918828572,0.9790945425477798,1179.018312622629,0.7711041939977954,0.8996281156892667,19.27356532955454,0.8792126298960831,0.8282187074021236,0.855623950755456,0.25275713788918924,1.1583804996791986,1072.5702294348068,0.6002071793143855,0.3430377134618643,1722.2188024622271,15.243700931524044,17.601566871852267,2.0621152770005597,21.682148852825964,2.040315239694087,0.9815538145868308,0.8024418640800846,16.649392059939064,0.7848341416402412
1177,3,111.6096598513573,27.091794344655884,253.8844450110801,9.371267247241644,0.0037784066230956807,0.005072471712870532,0.17181980083044554,5.820050978797348,56.27755855492239,55.61974440799577,41.87366182661109,39.40355369618447,48.92021439110094,45.843249869840044,13.902846179285774,0.9371023909122395,0.28419430193288026,1.0,1.0,0.0,0.0,0.0,0.0,1.0,0.0,-3.203426503814917e-16,0.0,1.0,-3.203426503814917e-16,0.0,0.0,1.0,1.0,1.0,1.0,0.0,1.0,-3.203426503814917e-16,0.0,209.3912964698905,0.9725202734872808,14.962711086175657,17.093801223158568,1.0376178932022235,17.131419116360792,1.0236959198257887,0.9860780266235654,0.20010786192768837,210.00559535051798,0.9753062853397527,0.987649964714185,0.012346857330123593,0.9905955266994442,17.084396749858012,0.9766735533230096,179.0972972972973,0.9680934989043097,17.37308984660336,19.72972972972973,1.6108108108108108,20.34054054054054,1.5946086224632938,0.9837978116524829,137.64864864864865,0.7440467494521549,0.8865240240240241,19.616253753753753,0.870321835676507,0.8359129960314953,0.8486238532110092,0.22223520818115416,1.135854679087858,126.74311926605505,0.5813904553488763,0.3189125494486997,212.08256880733944,14.780005891759956,16.894495412844037,2.0642201834862384,17.958715596330276,2.050470619980318,0.9862504364940795,0.7876210499490316,16.68211646279307,0.7738714864431111
2207,2,131.07249414063963,33.621460085552336,292.83090821426697,8.709642813522574,0.003785439082613657,0.005091371292655173,0.1720329314610059,5.812840550395821,52.30075427998807,52.09231529176159,40.76875640015904,38.80618565228891,44.207825070330635,39.532904612058445,14.496585779913104,0.894251290335256,0.32791899978907246,1.0,1.0,0.0,0.0,0.0,0.0,1.0,0.0,-3.2034265038149176e-16,0.0,1.0,-3.2034265038149176e-16,0.0,0.0,1.0,1.0,1.0,1.0,0.0,1.0,-3.2034265038149176e-16,0.0,249.26236189526077,0.9843284334939628,9.058165440489411,10.667355334411907,1.0328957911880499,10.700251125599959,1.0250040725477136,0.9921082813596634,0.1516994627034459,247.76806118327335,0.9783702974265763,0.9891826923076923,0.010814851286711835,0.9917760522029874,10.659131386614897,0.9838843335626515,216.03636363636363,0.9819834710743801,10.413553719008263,12.127272727272727,1.6090909090909091,12.736363636363636,1.6000074211502784,0.9909165120593691,171.5909090909091,0.7799586776859504,0.9039141414141414,12.03118686868687,0.8948306534735107,0.7113760691389828,0.859375,0.2550413223140496,1.013350952013139,157.2109375,0.614105224609375,0.2724609375,252.03125,8.960693359375,10.5625,1.9140625,11.4765625,1.9062563775510204,0.9921938775510204,0.810546875,10.373046875,0.8027407525510204
1497,3,293.37524807737,47.61587796020584,669.0584163888511,14.051162029355108,0.001552318390657589,0.0008561775808036153,0.09495575338606939,10.531220745879589,74.60609182456338,69.69181383922907,48.13303273739452,62.302488840179535,72.42199202577996,54.922395402597,19.591901054744238,0.7583662623232782,0.27052419447079196,6.769230769230768,1.2136752136752138,33414.230945095136,738.6303682599978,18.99335232668566,0.0,1.0,0.0,-3.2034265038149176e-16,0.0,0.9848053181386514,0.03871217959812624,-0.07692307692307662,0.06127395622112328,1.0,1.0,1.0,1.0,0.0,0.9914529914529915,0.03871217959812624,4.748338081671415,547.6385614070011,0.9688755758252239,12.81774865397911,14.883240975201963,1.0413401881701236,15.200767742750156,1.0251662133250214,0.9842345851835634,0.2274868996312753,549.9457980348333,0.9728904536605479,0.9864411330379916,0.013554773169726031,0.989664952957469,14.803859283314917,0.974001678148199,463.23799582463465,0.9670939370034126,13.927449758325666,16.08141962421712,1.7014613778705636,21.010438413361168,1.6785285864288273,0.9833209917110352,350.1524008350731,0.7310070998644532,0.8795198329853863,14.904050104384133,0.8644042704846142,0.8945047290221304,0.8359511343804538,0.27046604573724836,1.2223960322432244,320.3961605584642,0.559155603068873,0.3573976103237911,555.2547993019198,12.727392341218717,14.785340314136125,2.18673647469459,23.040139616055846,2.1605953055133886,0.984314545060256,0.7723361450455691,12.790660752375413,0.7592646186661893
2003,8,110.08111213695578,21.333548863749048,244.7589497358145,11.472959857687822,0.003143259950952356,0.003510450426131536,0.1519804110566666,6.579795337092129,48.708333433073605,48.166593289749734,37.837905381585465,37.608513036533,44.02250363701874,40.663988384049176,12.03132030486224,0.9237091265716799,0.2732993199129421,1.0,1.0,0.0,0.0,0.0,0.0,1.0,0.0,-3.2034265038149176e-16,0.0,1.0,-3.2034265038149176e-16,0.0,0.0,1.0,1.0,1.0,1.0,0.0,1.0,-3.2034265038149176e-16,0.0,209.26828882093847,0.9814161771991643,14.132997240035461,15.998456170148451,1.0250169573939183,16.023473127542367,1.0156429222875756,0.9906259648936574,0.14215955386744858,209.73961004697452,0.9835457896201365,0.9917710196779965,0.008227105189931692,0.9937457606515204,15.99220193079997,0.9843717255451776,188.04166666666666,0.9793836805555556,15.6787109375,17.65625,1.4114583333333333,18.067708333333332,1.4010481770833334,0.98958984375,158.69791666666666,0.8265516493055556,0.9260706018518517,17.58232060185185,0.9156604456018518,0.6108328412470305,0.8930232558139535,0.1575249565972222,0.8782185317516874,146.96279069767442,0.6835478637101136,0.2146890210924824,211.03720930232558,14.017220118983234,15.874418604651163,1.6883720930232557,16.56279069767442,1.679075581395349,0.990703488372093,0.8537467700258398,15.728165374677003,0.8444502583979328
1126,3,419.32804998779415,63.14667419433101,935.4527923686875,14.813967707782584,0.0012452103797036228,0.000550918949259633,0.08197773286226548,12.198434441705597,76.74581752452275,68.97188129709349,53.09614292834753,60.12254242567468,63.03530303495771,52.36813014239779,36.429508741302094,0.8307746234416581,0.5779223226879588,1.3406593406593408,1.1703296703296704,5503.312914490756,200.43283247364874,9.051805337519621,10.56043956043956,0.9171597633136095,0.3406593406593406,0.04551329066017869,9.051805337519625,0.9803767660910517,0.05650230164918965,-0.0016441563518745901,0.009651994062434811,0.9890224120993352,0.9946798793146401,0.9893543956043955,0.9945927088784232,1.1434975014579592e-05,0.989010989010989,0.04551329066017869,4.903061224489795,797.0036263136382,0.9805096739890283,9.365101648271873,11.068395889766926,1.023112155492198,11.091508045259124,1.0132797376310974,0.9901675821388995,0.14260236781826652,800.9439793959044,0.9853440006054617,0.9924861463323003,0.007892195957491934,0.994432478898131,11.062828368665054,0.9846000610370305,727.1722745625841,0.9786975431528723,10.23583051504486,12.014804845222073,1.360699865410498,12.37550471063257,1.3499432200538357,0.9892433546433378,626.4535666218035,0.8431407356955632,0.9346541797517571,11.949459024973828,0.923897534395095,0.5638378718365487,0.9072039072039072,0.14566098299245175,0.835265448521929,583.7789987789988,0.7127948703040278,0.2280126602470925,803.1562881562882,9.295364518807743,10.992673992673993,1.656898656898657,11.649572649572649,1.6471401862026862,0.9902415293040293,0.8699528557861891,10.862626848460183,0.8601943850902184
1257,10,108.54372180174946,29.183925201413984,244.23807285959828,8.368924713655884,0.004313687901669278,0.006611495199591888,0.18768658356663365,5.328031343513554,53.33659526405742,47.85306153967933,38.40823288755435,40.80784299162615,46.372302426900866,40.908961630689106,12.343595455806058,0.8821852590816702,0.2661846578626094,32.13636363636363,2.3636363636363638,38465.90909090909,136.36363636363637,65.9090909090909,11.363636363636363,0.898989898989899,0.45454545454545453,0.06562982680794166,9.090909090909092,0.9236363636363637,0.1747207358988507,-0.09402272595671705,0.10069830135532479,0.9818472262561719,0.99126546013556,0.9825174825174824,0.9910873440285205,2.9090909090909093e-05,0.9363636363636364,0.15653891771703254,19.318181818181817,198.33506408911032,0.9451423609444779,17.14301220485065,20.053398968500417,1.0309171583256815,20.826074368584333,1.0016343813874289,0.971814498567307,0.26254604233446344,205.6003942741322,0.9796853734771118,0.9898403483309145,0.010157313261444046,0.9922707104185798,19.860230118479436,0.9643595278622764,174.27173913043478,0.9471290170132325,16.522182183364837,19.342391304347824,1.5326086956521738,30.880434782608695,1.4891947517365576,0.97286628505274,143.07608695652175,0.7775874291115312,0.9034571256038647,16.494489734299517,0.8803934678986937,0.8063549977341111,0.8679245283018868,0.2051039697542533,1.0907502221553516,132.3679245283019,0.62437700249199,0.24154503381986475,200.33962264150944,17.18805624777501,20.10377358490566,1.8396226415094339,40.04716981132076,1.783102601317405,0.9717399799039856,0.8162997903563941,15.14412997903564,0.7951047752843833
1082,20,81.40850706487146,12.373410402941952,183.49503476398576,14.829786517091298,0.0028085231366619524,0.002802581546346075,0.140989277831718,7.092737939927462,52.24570905364007,51.62958554132391,36.87840273080916,40.35839785619888,48.72878522125324,39.41740843445071,11.836528597830485,0.808914243510808,0.24290629335590208,1.0,1.0,0.0,0.0,0.0,0.0,1.0,0.0,-3.203426503814917e-16,0.0,1.0,-3.203426503814917e-16,0.0,0.0,1.0,1.0,1.0,1.0,0.0,1.0,-3.203426503814917e-16,0.0,157.53846153846155,1.0,0.0,1.0,1.0280509388856767,1.0280509388856767,1.0280509388856767,1.0,0.06953566570911991,154.6657072141894,0.9816221355410312,0.9908079342041607,0.009188932229484439,0.9929872652785808,0.9929872652785808,0.9929872652785808,141.0,1.0,0.0,1.0,1.4539007092198581,1.4539007092198581,1.4539007092198581,1.0,115.28368794326241,0.817614808108244,0.92223207249803,0.92223207249803,0.92223207249803,0.5607094869727262,0.8867924528301887,0.18228459333031538,0.8729778120234817,106.13207547169812,0.66749733001068,0.2699260314069855,159.0,0.0,1.0,1.8050314465408805,1.8050314465408805,1.8050314465408805,1.0,0.8443832983927324,0.8443832983927324,0.8443832983927324
1497,13,121.85568768309608,15.871959320065022,272.61772233629273,17.17605979443601,0.001989410829882501,0.001406213301898303,0.11203414408332019,8.925850312707317,48.806488419404964,46.6063889956175,37.01665811406333,36.07991184572755,42.181611730406985,40.205662157648,9.37870190922425,0.9531561386182261,0.22234100415996028,1.0,1.0,0.0,0.0,0.0,0.0,1.0,0.0,-3.2034265038149176e-16,0.0,1.0,-3.2034265038149176e-16,0.0,0.0,1.0,1.0,1.0,1.0,0.0,1.0,-3.2034265038149176e-16,0.0,233.70079367012372,0.9915500295287596,3.5532125831565713,4.81444702829875,1.029494080317361,4.843941108616112,1.0252558058414736,0.9957617255241125,0.1152718289935369,231.1412658718931,0.9806118767809269,0.9903038138332256,0.009694061609536552,0.99262647992066,4.80707350821941,0.9883882054447721,208.0095238095238,0.9905215419501133,3.985691609977324,5.280952380952381,1.5047619047619047,5.785714285714286,1.5000052910052908,0.9952433862433862,171.5047619047619,0.8166893424036281,0.9217843915343915,5.202736772486772,0.9170277777777779,0.610676125205875,0.8823529411764706,0.2203174603174603,0.9392206569673358,157.3109243697479,0.6609702704611257,0.3145964268060165,236.00840336134453,3.518766330061436,4.777310924369748,1.8823529411764706,5.659663865546219,1.8781559290382819,0.9958029878618113,0.8404166666666666,4.617727591036415,0.836219654528478
1101,3,556.0179394679643,78.63267821050532,1279.0016241761386,16.2655228498279,0.0009698877801143411,0.00033422984018905533,0.06939823210462819,14.409588971839382,80.71175505402134,78.07177019592167,63.29472776422545,59.877208575965454,72.00354395540825,58.50790947547163,28.714109927412395,0.8125698578351301,0.39878745336750404,19.87033353775435,1.7935679202647528,106039.98348164238,2493.2688975744572,65.31055032663556,1.9377289377289377,0.9723865877712031,0.08424908424908424,0.021245802126764197,1.845456131170417,0.9329497244549098,0.19290935576035803,-0.41484550462960257,0.31842542571720966,0.9963439076646624,0.9982463991513766,0.9964896214896215,0.9982074662925727,6.924392557662879e-06,0.963665545113509,0.18924635209735438,16.812069816091125,1012.6919297779083,0.9465792168904402,14.129797132478561,16.79244269400783,1.045687796432353,17.833850712820507,1.016541680258068,0.9725825647673474,0.29246121122304103,1038.3898535206001,0.9705335225949155,0.9851253718657035,0.015158443921303135,0.9887385671519942,16.53225120556474,0.9617533021547496,853.1781737193764,0.9500870531396174,13.20197444457121,15.7271714922049,1.7795100222717148,31.233853006681514,1.7283740101460034,0.9744319939371443,656.7616926503341,0.7313604595215302,0.8790967582281614,12.635932937391734,0.8586855843060023,0.9611908119614341,0.8268876611418048,0.3169726340643152,1.3518560009400797,592.1731123388582,0.5452791089676411,0.4360672751137023,1027.657458563536,14.209578462195905,16.883977900552487,2.3591160220994474,46.83425414364641,2.281902240638429,0.9724236494782075,0.7644835788827501,11.265557857581339,0.7462525471488984
2086,16,66.04701383969224,9.557190633134669,146.7644786307571,15.356445661126228,0.003032661083671987,0.003267758873720047,0.1483941114064048,6.738811874153918,49.95315536265955,48.24561646801527,37.63346514112279,37.05995198231781,43.34808374063932,36.17741645535636,13.694672954030503,0.8345793708393994,0.31592337589750463,1.0,1.0,0.0,0.0,0.0,0.0,1.0,0.0,-3.203426503814917e-16,0.0,1.0,-3.203426503814917e-16,0.0,0.0,1.0,1.0,1.0,1.0,0.0,1.0,-3.203426503814917e-16,0.0,125.9387122743937,0.9844868883059974,10.618724954544813,12.280905975052537,1.026661481016796,12.307567456069334,1.0188492192612195,0.9921877382444235,0.1280237391861162,125.94978602434311,0.9844714612544021,0.9916517590936196,0.009566699746657917,0.9940129637574683,12.274918938810007,0.9862007020018919,114.01724137931035,0.9829072532699168,11.699985136741972,13.439655172413794,1.5948275862068966,14.03448275862069,1.5862128665584105,0.9913852803515141,100.98275862068965,0.8705410225921522,0.9462966220971146,13.385951794510907,0.9376819024486287,0.4701495123747609,0.8992248062015504,0.3581302021403092,0.8751809999698625,92.36434108527132,0.7160026440718706,0.29397271798569796,127.01550387596899,10.530136410071512,12.186046511627907,1.7751937984496124,12.96124031007752,1.767447228843222,0.9922534303936096,0.8710701981050818,12.05711670973299,0.8633236284986914
1497,11,141.31163781737192,23.38127340698183,329.5124956499331,14.093008961245802,0.0022053899511101298,0.0017281165479723706,0.12000269780907886,8.333145989692445,56.005643280721,56.005643280721,39.232537920455094,39.71901367123993,50.86139407673773,38.43050834054984,10.198992784636488,0.7555929018101109,0.20052523077225598,1.0,1.0,0.0,0.0,0.0,0.0,1.0,0.0,-3.2034265038149176e-16,0.0,1.0,-3.2034265038149176e-16,0.0,0.0,1.0,1.0,1.0,1.0,0.0,1.0,-3.2034265038149176e-16,0.0,270.61538461538464,1.0,0.0,1.0,1.0611395198487734,1.0611395198487734,1.0611395198487734,1.0,0.13571501332585095,260.41805172609736,0.9621109405024681,0.9804905239687849,0.020622704306829734,0.9853424255293655,0.9853424255293655,0.9853424255293655,215.0,1.0,0.0,1.0,2.2325581395348837,2.2325581395348837,2.2325581395348837,1.0,149.09302325581396,0.6934559221200649,0.8579056847545218,0.8579056847545218,0.8579056847545218,0.9284613261343451,0.7789855072463768,0.5846187128177394,1.3751280730160522,131.8768115942029,0.4778145347616047,0.6122663306028147,276.0,0.0,1.0,2.8840579710144927,2.8840579710144927,2.8840579710144927,1.0,0.7130575684380032,0.7130575684380032,0.7130575684380032
1133,3,310.78952483384194,49.70755030635448,706.1335215658029,14.205759833542485,0.001494573168100901,0.0007936638665505673,0.09258604573032216,10.800763680012068,69.9720103201407,69.02349035014507,48.33300181058336,52.642192456943796,56.41106270329402,48.69249853020768,20.280864268019993,0.863172863562529,0.3595192732796315,1.136094674556213,1.0680473372781065,1202.8943071913563,56.23206470361685,2.8893946290396,3.1301775147928996,0.92,0.13609467455621302,0.03009565874071162,2.8893946290395993,0.9888484296768321,0.036012818504025206,-0.0007261203423908502,0.005120097801842836,0.9940940046890699,0.9971672601676083,0.9943293885601577,0.9971043686264636,1.1185557208532343e-05,0.9940828402366864,0.03009565874071162,1.504893035958125,574.1022395554063,0.9575728503797782,11.221981074548637,13.468167682432409,1.0379128957763084,13.506080578208717,1.016266771327641,0.9783538755513325,0.24570812035734396,585.1157546252665,0.9759088013795162,0.9877075148903813,0.012806953625723745,0.9908090704608643,13.458976752893276,0.9691629460121972,492.65250965250965,0.9510666209507909,12.942878758515825,15.430501930501931,1.666023166023166,16.096525096525095,1.6409702112827114,0.9749470452595452,399.4826254826255,0.7712019796961882,0.8996038449163449,15.330105775418277,0.8745508901758903,0.8403493735984644,0.8533772652388797,0.29287354094303897,1.1860987799016907,361.91268533772654,0.5962317715613287,0.35913789968218124,581.5568369028007,11.086847840542383,13.314662273476111,2.100494233937397,14.415156507413508,2.079114611934834,0.9786203779974373,0.8001555921654768,13.114817865641589,0.7787759701629142
1257,1,522.7506601867273,82.26112249754975,1179.326368065587,14.336375826876356,0.0011459579498021262,0.000466594494045906,0.07756156019242696,12.89298458565096,87.64651078566735,85.24031435288818,48.35192696396409,77.0703586148464,90.42623785151878,51.602335036590986,20.56756498786473,0.5706566618565154,0.22745129595723065,5.3589743589743595,1.2564102564102566,15195.868945868946,443.019943019943,15.811965811965813,2.564102564102564,0.919732441471572,0.1282051282051282,0.03183206540797148,2.35042735042735,0.9711538461538461,0.08005497129511988,-0.07772788724451053,0.06818089737220509,0.9936057292665771,0.9969511265587365,0.9938949938949939,0.9968730456535334,1.6025641025641026e-05,0.9839743589743589,0.07364471488486347,4.594017094017094,975.4051301435411,0.9651580974859961,6.968380502800828,8.803659053097064,1.0317000000714598,8.93559445448981,1.0137773369095138,0.9823046279975125,0.20850725923380337,990.8479479864905,0.9803853108899022,0.989828976116929,0.010940648555135275,0.992504010656982,8.771104213423726,0.9748654614443593,854.6509009009009,0.9624447082217352,7.51105835565295,9.423423423423424,1.510135135135135,11.420045045045045,1.4876636840922555,0.9808992666135523,691.222972972973,0.7784042488434381,0.9039039039039038,8.955705705705705,0.8856458499315643,0.774157651852683,0.8697355533790402,0.18815310242675104,1.0407455795986484,639.5680705190989,0.626413389342898,0.2493627936736947,985.6346718903036,6.927586309441016,8.757100881488736,1.8481880509304602,12.190989226248776,1.8247349870408496,0.982410202082792,0.8179140820546306,7.928589890085972,0.8017901006305233
2087,9,131.0716640624899,37.37590420531901,299.9243019566323,8.024536351255676,0.004059749963012543,0.0058559966446203515,0.18024654122473424,5.547956666492613,53.24051459233557,48.7014831370743,39.22438470432502,38.01473455211719,45.024378744956856,38.535380848345255,11.261449375962231,0.8558781247517284,0.2501189286753594,1.0,1.0,0.0,0.0,0.0,0.0,1.0,0.0,-3.2034265038149176e-16,0.0,1.0,-3.2034265038149176e-16,0.0,0.0,1.0,1.0,1.0,1.0,0.0,1.0,-3.2034265038149176e-16,0.0,227.0556194931339,0.9010086210292163,14.383000766848697,17.715298139398787,1.0484190339644506,17.763717173363236,0.9970634297582865,0.948644395793836,0.4520790214265275,244.30310487352264,0.9693422239419296,0.984375,0.016233503413650617,0.9882371218507677,17.70353526124955,0.9368815176446039,183.27884615384616,0.8811482988165681,17.25,21.25,1.8846153846153846,22.134615384615383,1.8223998634501593,0.9377844788347746,147.3846153846154,0.7085798816568047,0.8671541132478632,21.11715411324786,0.8049385920826378,1.2105323271745974,0.8125,0.3698224852071006,1.5044922871949216,134.328125,0.52471923828125,0.4287109375,231.0390625,14.16796875,17.453125,2.40625,18.859375,2.3556998890532546,0.9494498890532543,0.7465006510416666,17.199625651041668,0.695950540094921
1152,3,285.19769637441175,50.39175335400241,650.3132643994475,12.905152552065262,0.001714354432897989,0.0010442475756203102,0.10145368479498017,9.856714440888194,64.21588553684278,57.28899189126703,41.79384965170036,48.32556686601745,53.54809903099352,45.27585461424915,20.989251196373964,0.8455174961121139,0.3919700526479088,1.0,1.0,0.0,0.0,0.0,0.0,1.0,0.0,-3.2034265038149176e-16,0.0,1.0,-3.2034265038149176e-16,0.0,0.0,1.0,1.0,1.0,1.0,0.0,1.0,-3.2034265038149176e-16,0.0,533.9766011219557,0.971272623289292,13.15936078205021,15.186678779847947,1.0398935429422576,15.226572322790208,1.0253593769680365,0.9854658340257789,0.2160543264345232,535.7028159419613,0.9743153461643601,0.9870183676287805,0.013257291036231238,0.9901825815736877,15.176861361421638,0.9756484155994667,457.24101479915436,0.9666829065521233,15.26051607078206,17.488372093023255,1.6511627906976745,18.13953488372093,1.634270553947722,0.9831077632500477,359.1733615221987,0.7593517156917521,0.8939029833215879,17.382275076344843,0.8770107465716357,0.8377166610763145,0.8491921005385996,0.2644449311443755,1.1920520713745364,326.0556552962298,0.5853781962230338,0.41031558522348177,541.2046678635547,12.990185302772936,15.001795332136446,2.1992818671454217,16.201077199281865,2.1849371131369346,0.9856552459915128,0.7923434071414323,14.794138739277878,0.7779986531329449
2060,18,101.37600453185986,18.09066747538368,232.15748760065273,12.832997340565456,0.002885397238336169,0.0029581042113160636,0.14355042740932816,6.966193121449516,48.76720111073434,48.113198902963745,37.60851023701647,36.035535877277155,42.26202840768934,40.934025293615434,11.50132134816653,0.9685769196579245,0.2721431455493965,1.8269230769230769,1.4134615384615385,21572.963040865383,573.3677884615385,26.66826923076923,35.55769230769231,0.9120879120879122,0.8269230769230769,0.06240600957377909,26.66826923076923,0.96875,0.08163677880454835,-0.0036582969583703866,0.017267087218230594,0.9807796257796257,0.9906056295091962,0.9812062937062938,0.9904951370468612,1.0400632358447395e-05,0.9807692307692307,0.06240600957377909,15.556490384615385,183.6763523780118,0.9404443536589511,55.05919504229981,60.44643633901854,1.0422427104666407,60.488679049485164,1.0115369065725195,0.9692941961058789,0.2999784895788371,190.15355870626775,0.9735603051374654,0.9864024864024863,0.014390761673673333,0.9898821725671227,60.43631851158564,0.9591763686730015,152.4390243902439,0.929506246281975,65.1714753123141,71.79268292682927,1.829268292682927,72.6219512195122,1.792701824228986,0.9634335315460593,124.32926829268293,0.7581052944675788,0.8915887533875337,71.6842716802168,0.855022284933593,0.9775682802423722,0.8282828282828283,0.3716537775133849,1.2917859454165384,112.14141414141415,0.5663707784919906,0.39016426895214773,186.36363636363637,54.33241505968778,59.63636363636363,2.2222222222222223,60.85858585858586,2.1919348443108775,0.9697126220886552,0.7789702581369248,59.41533389450056,0.7486828802255799
1118,11,82.94431269837352,16.554729077658216,184.75066280950787,11.159993132043581,0.0037193592945397387,0.0049151696646736725,0.17002502128448696,5.881487280197387,50.145498913546376,47.63874183482564,37.63416766134502,37.11172376818602,45.9719169304394,39.617399826973845,10.988592418525428,0.8617739366169864,0.23902837106297714,1.0,1.0,0.0,0.0,0.0,0.0,1.0,0.0,-3.2034265038149176e-16,0.0,1.0,-3.2034265038149176e-16,0.0,0.0,1.0,1.0,1.0,1.0,0.0,1.0,-3.2034265038149176e-16,0.0,156.58829640684036,0.9753930211689013,8.969243783935482,10.755175485151812,1.0274682540126305,10.78264373916444,1.0150254281387123,0.9875571741260816,0.16659378323777857,157.65887912567177,0.9819610978181179,0.9909781576448243,0.009019451090941011,0.9931329364968424,10.748308421648652,0.980690110622924,139.05594405594405,0.972419189202406,10.053205535723018,11.951048951048952,1.3986013986013985,12.34965034965035,1.3846332239189383,0.9860318253175396,110.04895104895105,0.769573084258399,0.9003496503496503,11.851398601398602,0.8863814756671899,0.6685386239245406,0.8827160493827161,0.11521345787080052,0.8770648134183991,103.82716049382717,0.6409083981100442,0.1795458009449779,158.0493827160494,8.88888888888889,10.666666666666666,1.7037037037037037,11.37037037037037,1.6913737717309147,0.9876700680272109,0.8240740740740741,10.49074074074074,0.811744142101285
1265,38,65.53583203124495,5.674652122498188,147.95993004486203,26.07383269509122,0.001778886054451391,0.0011243421890146255,0.10398391605974261,9.61687189608692,45.27598683865099,44.69267258342996,35.20899849266526,35.64267158702993,43.786880381714234,37.18440734920761,11.774972459108044,0.8492134407624099,0.26891553717595673,1.0,1.0,0.0,0.0,0.0,0.0,1.0,0.0,-3.2034265038149176e-16,0.0,1.0,-3.2034265038149176e-16,0.0,0.0,1.0,1.0,1.0,1.0,0.0,1.0,-3.2034265038149176e-16,0.0,126.6923076923077,1.0,0.0,1.0,1.0311224943035966,1.0311224943035966,1.0311224943035966,1.0,0.0789452495817468,124.11732464211204,0.9795731944848551,0.9897836538461539,0.010213402757572342,0.9922193764241006,0.9922193764241006,0.9922193764241006,112.0,1.0,0.0,1.0,1.5535714285714286,1.5535714285714286,1.5535714285714286,1.0,90.19642857142857,0.8053252551020408,0.9165277777777778,0.9165277777777778,0.9165277777777778,0.5787397441437984,0.875,0.24744897959183676,0.9341598127595006,82.390625,0.6436767578125,0.304443359375,128.0,0.0,1.0,1.90625,1.90625,1.90625,1.0,0.8301323784722222,0.8301323784722222,0.8301323784722222
1183,6,38.91199884033197,6.869333128610623,86.84456742702295,12.642357824417806,0.004788788507459886,0.008148047660050286,0.20122619733702932,4.969531866296325,59.78093246830289,56.028563017704585,37.497731132789475,41.607692216629616,56.159839783193334,45.60929397635284,11.23914575015872,0.8121336199039887,0.20012781007830086,1.0,1.0,0.0,0.0,0.0,0.0,1.0,0.0,-3.2034265038149176e-16,0.0,1.0,-3.2034265038149176e-16,0.0,0.0,1.0,1.0,1.0,1.0,0.0,1.0,-3.2034265038149176e-16,0.0,75.0,1.0,0.0,1.0,1.0404368752313957,1.0404368752313957,1.0404368752313957,1.0,0.09373406888336247,73.04880167839072,0.9737037274365651,0.9868421052631577,0.013148136281717451,0.9898907811921511,0.9898907811921511,0.9898907811921511,67.0,1.0,0.0,1.0,1.5223880597014925,1.5223880597014925,1.5223880597014925,1.0,55.80597014925373,0.832924927600802,0.9279643449419569,0.9279643449419569,0.9279643449419569,0.5470596741691732,0.881578947368421,0.23568723546446868,0.9244589226737183,50.68421052631579,0.6668975069252078,0.35180055401662047,76.0,0.0,1.0,1.9473684210526316,1.9473684210526316,1.9473684210526316,1.0,0.8440241228070174,0.8440241228070174,0.8440241228070174
1133,10,137.73044840247692,28.800511980069402,324.04800403067543,11.251466788330843,0.0027855518429246834,0.002756923640888435,0.1402194456570448,7.131678458106632,56.75545513680319,56.61432406814576,44.82935689189223,40.28697411516191,53.26255667712687,47.008459258960706,10.899030313983502,0.8825798495540127,0.2046283729872846,1.0,1.0,0.0,0.0,0.0,0.0,1.0,0.0,-3.2034265038149176e-16,0.0,1.0,-3.2034265038149176e-16,0.0,0.0,1.0,1.0,1.0,1.0,0.0,1.0,-3.2034265038149176e-16,0.0,255.58301563123644,0.9700919210011807,10.901494795069611,12.889577984185543,1.0635023733198383,12.953080357505382,1.0483370952787854,0.9848347219589471,0.25603611083573863,252.69578458971662,0.9588617967689831,0.9794109236488419,0.020569101615508487,0.9841244066700405,12.873702390855584,0.9689591286289876,203.15165876777252,0.9628040699894432,13.55791648884796,15.843601895734597,2.308056872037915,17.151658767772513,2.2891237063545797,0.9810668343166651,147.33175355450237,0.6982547561824757,0.8610050611432919,15.704606956877889,0.8420718954599569,1.015140494568862,0.7843866171003717,0.6827339907010175,1.5247465249934418,129.66171003717471,0.48201379195975735,0.813808543276074,261.1189591078067,10.678956896670858,12.643122676579926,3.171003717472119,14.814126394052044,3.156152795690767,0.985149078218648,0.7168659644774886,12.359988641057413,0.7020150426961367
1252,8,203.7767682342757,39.552149110795504,458.5985849962802,11.594782971505046,0.002272197535404208,0.0018344015767954962,0.12241410781529685,8.168993082960982,63.32655851390815,61.35545257816873,43.65699773440411,52.775752794326046,59.508047107395086,46.085570756715754,17.73775510443363,0.7744426677881804,0.2980732181048058,1.0,1.0,0.0,0.0,0.0,0.0,1.0,0.0,-3.2034265038149176e-16,0.0,1.0,-3.2034265038149176e-16,0.0,0.0,1.0,1.0,1.0,1.0,0.0,1.0,-3.2034265038149176e-16,0.0,376.93470054147843,0.9551927118142575,20.345495445693096,23.05560718091027,1.0270911435901626,23.08269832450044,1.0043182065646534,0.9772270629744908,0.24320231404889667,388.23727903982495,0.9837428211300728,0.991495941244685,0.00969407720921282,0.9937862480917258,23.049393429001995,0.9710133110662168,337.3549295774648,0.9502955762745487,22.562904185677446,25.515492957746478,1.3859154929577464,25.901408450704224,1.3606026655802583,0.9746871726225119,283.58028169014085,0.7988176949018052,0.9145735524256651,25.430066510172143,0.8892607250481769,0.7352059527545831,0.8919597989949749,0.12899027970640745,0.9760810127141647,264.65829145728645,0.6649705815509709,0.19734350142673163,380.31658291457285,20.174926138228834,22.866834170854272,1.6884422110552764,23.555276381909547,1.6658641866356576,0.9774219755803812,0.8418481295365717,22.70868230039084,0.8192701051169529
1546,1,226.30019953907114,33.492770859382084,514.606999450046,15.364718601832042,0.001618685992112654,0.000930952372321159,0.09764330877709688,10.2413571654237,60.646639743835976,59.004512657895766,45.14789553218477,42.52058388454466,50.59022292097397,43.9090305413929,17.301056687000397,0.8679351069470945,0.34198419552382775,1.323076923076923,1.1615384615384614,1244.678399999999,68.38892307692305,5.427692307692306,6.7846153846153845,0.9145299145299146,0.3230769230769231,0.05553293037595059,5.427692307692308,0.9738461538461538,0.07091754576056596,-0.002634614271068281,0.013677524605875319,0.9846501914375216,0.9971457234393709,0.9853146853146852,0.9950295857988165,3.488574917146346e-05,0.9846153846153847,0.05553293037595059,3.053076923076923,413.2602327233399,0.9463401175677301,18.107993519496343,20.92317649185838,1.0365668997935877,20.959743391651973,1.009136336548706,0.9725694367551181,0.291705151124026,426.23658493404906,0.9759894759943143,0.9879916463626871,0.012005262002842883,0.990858275051603,20.914034766909985,0.9634277118067213,353.657824933687,0.9380844162697268,20.890177233358425,24.076923076923077,1.6074270557029178,24.684350132625994,1.5756543613126683,0.9682273056097508,283.9018567639257,0.7530553229812353,0.8911685823754789,23.968091659298555,0.8593958879852297,0.9164902012178203,0.8529411764705882,0.23287295344370254,1.206549902262873,261.4343891402715,0.5914805184169039,0.32785978993059106,418.56108597285066,17.895415736778528,20.683257918552037,2.0497737556561084,21.733031674208146,2.022673516323249,0.9728997606671403,0.7943652589240825,20.477623177476122,0.767265019591223
1101,9,94.71760478966243,15.61560511397,211.63501164046906,13.552789667506167,0.002861558357071279,0.0029094269699204587,0.14275866788114716,7.004828602299257,51.62869578225699,51.62869578225699,36.07900191454114,38.44164465837382,45.18055285728142,37.84266822723861,10.964399592512896,0.8375875422945336,0.24267962428763956,110.375,4.645833333333333,7815.755208333333,0.0,25.520833333333332,51.041666666666664,0.8888888888888888,1.4583333333333333,0.08333333333333297,25.520833333333332,0.9479166666666666,0.12499999999999967,-0.012588803315752739,0.03885367040546805,0.9583673191952148,0.9797534047335713,0.9594907407407408,0.9794600938967136,3.401360544217687e-05,0.9583333333333334,0.08333333333333297,19.140625,175.16916806585385,0.9580064013440938,25.721079176742567,28.790121629988445,1.0355188846272854,30.44980439421439,1.012822676672357,0.9785570049151323,0.23519332228532092,178.61143166813446,0.9767232049175625,0.9883575883575884,0.011638397541218747,0.9911202788431784,28.37520093893196,0.9699905869758261,155.11180124223603,0.9634273369082983,22.4007561436673,25.130434782608695,1.546583850931677,49.807453416149066,1.5093455256498733,0.9813808373590982,126.86335403726709,0.7879711430886154,0.9084610075914423,19.006287094547965,0.8944966356107661,0.7426996029194406,0.8702702702702703,0.2262258400524671,1.1323098579380921,116.09189189189189,0.6275237399561724,0.43810080350620895,177.17297297297299,25.91380569758948,29.0,2.135135135135135,72.13513513513513,2.0811227894561224,0.9783950617283951,0.8191261261261262,18.319126126126125,0.8056230397063731
1101,5,447.9886713024575,79.35799320216134,1006.649810848611,12.684920198072682,0.0014018389289517515,0.000698229957792596,0.08871549759748056,11.271987725720642,71.01496633958892,68.48235147742639,50.62712243945,60.313846738652785,66.70736223859264,50.0781212382498,32.95485830413715,0.7507135578099323,0.49402130736735334,1.0,1.0,0.0,0.0,0.0,0.0,1.0,0.0,-3.2034265038149176e-16,0.0,1.0,-3.2034265038149176e-16,0.0,0.0,1.0,1.0,1.0,1.0,0.0,1.0,-3.2034265038149176e-16,0.0,849.8401705017712,0.9816879616544806,6.189468960785584,7.727757830595666,1.0323427722035752,7.760100602799241,1.0231140234647609,0.9907712512611854,0.15944789927061725,847.3281555802906,0.9787297471814037,0.9893626373626372,0.010635126409298135,0.9919143069491062,7.719672137544771,0.9826855582102917,745.1681997371879,0.9791960574733087,7.031732574021663,8.653088042049934,1.5177398160315374,9.170827858081472,1.5072417528737188,0.9895019368421811,594.3482260183969,0.781009495424963,0.9051047598189516,8.558192801868886,0.8946066966611328,0.7176414564927779,0.8697142857142857,0.19569312803369243,1.024551105187328,546.2228571428572,0.6242546938775511,0.2892225306122449,859.1462857142857,6.124063346938776,7.656,1.9188571428571428,8.574857142857143,1.9097268273564572,0.9908696844993141,0.8174285714285714,7.473428571428571,0.8082982559278855
1327,5,112.64198562657306,18.30432266431729,259.3276876590358,14.167565356819946,0.0024728933978345733,0.0021727663982988392,0.1295202514166249,7.720800330932978,54.35343669240595,54.35343669240595,40.50945377862564,41.135876100817406,52.54779793463536,49.098588532988934,15.321674286919869,0.9343605338907459,0.2915759534962554,1.0,1.0,0.0,0.0,0.0,0.0,1.0,0.0,-3.2034265038149176e-16,0.0,1.0,-3.2034265038149176e-16,0.0,0.0,1.0,1.0,1.0,1.0,0.0,1.0,-3.2034265038149176e-16,0.0,215.2399770037725,0.9908346230653815,7.332301547694791,8.734529322777055,1.04074215930579,8.775271482082845,1.0361410115825438,0.9953988522767537,0.13267448907328802,212.09380407118687,0.9761779600176378,0.9874125874125874,0.014757297067611292,0.990834960899242,8.725364283676297,0.9862338131759957,185.01069518716577,0.98936200634848,8.510394921215935,9.983957219251337,1.679144385026738,10.663101604278076,1.6737999726416986,0.9946555876149605,145.48128342245988,0.7779747776602133,0.9022578728461081,9.886215092097444,0.8969134604610687,0.7162551152837772,0.85,0.295061340044039,1.1034222496933264,131.15454545454546,0.5961570247933884,0.3928925619834711,218.0090909090909,7.239669421487604,8.636363636363637,2.1545454545454548,9.790909090909091,2.150002704018171,0.9954572494727164,0.8002209595959596,8.436584595959596,0.795678209068676
1252,5,388.0974631195502,32.7681235351655,887.1452186523229,27.073421451804297,0.0006996559979491617,0.00017392874740777096,0.055820080238490374,17.914700153197852,76.18516721950618,70.18160238238706,52.22126221837122,56.93505156410424,63.71315589497895,52.315034729125486,23.105091819302956,0.8211025492970171,0.362642400847135,37.4848399463784,3.047717240024933,76200.44040412355,2067.787355417027,108.01143917194533,17.129878668340208,0.78447918897694,0.8564939334170103,0.15835229336581372,13.179750870265481,0.8106239755239795,0.47786624785768483,-0.38702094688457106,0.3830424242574069,0.9572820980839396,0.9796315354716525,0.95921457459919,0.9791099040629997,0.00010706174167712629,0.8762017896633283,0.4350415511868343,31.285329460071384,673.3826367915678,0.8985858851513135,20.282822969737296,24.575019076614538,1.0350001994038323,26.106548898865352,0.9781486150513117,0.9465419068557493,0.3881991373886541,732.6954895238091,0.9776676995434296,0.9886340572356402,0.011775707159203183,0.9914790941163265,24.19236576501912,0.9388693737741433,592.1362940275651,0.9067937121402222,18.641257571955563,22.562021439509955,1.555895865237366,45.35375191424196,1.4565809989130925,0.95110652734805,502.8346094946401,0.7700376868218072,0.8994703930576824,19.148577080142932,0.8580891987559018,0.9449434159337551,0.8614775725593667,0.20844775790379663,1.2841605854323435,461.042216358839,0.6082351139298668,0.31108805981579074,680.4353562005277,20.46560522413517,24.799472295514512,1.9894459102902375,72.2269129287599,1.830177277595295,0.9460329426405566,0.8070580474934037,17.51183670477866,0.7691787308102171
1164,10,131.57512366459133,17.40682569881867,299.2792026296703,17.193209595358972,0.0018968362339993323,0.0012783857481105823,0.10853104219451284,9.21395372033531,55.57351316684464,55.48130645001323,41.78907065861364,40.00000059604645,47.49038377203392,40.21553389871969,10.999299209527711,0.8468142538448333,0.2316110828315724,1.0,1.0,0.0,0.0,0.0,0.0,1.0,0.0,-3.2034265038149176e-16,0.0,1.0,-3.2034265038149176e-16,0.0,0.0,1.0,1.0,1.0,1.0,0.0,1.0,-3.2034265038149176e-16,0.0,241.82245273958475,0.9537883278614826,11.183224657521196,13.495612849420878,1.0410724453609521,13.536685294781828,1.0174512490482472,0.9763788036872953,0.2632348466402735,246.7293866641508,0.9730701302260846,0.9865309787488776,0.013464934886957693,0.9897318886597621,13.48534473808064,0.9661106923470572,203.33488372093024,0.945743645213629,13.130037858301783,15.734883720930233,1.6790697674418604,16.413953488372094,1.6512155449070207,0.9721457774651603,156.11627906976744,0.7261222282314764,0.8770671834625323,15.611950904392764,0.8492129609276926,0.9385293268331918,0.8365758754863813,0.2502109248242293,1.238854491745888,143.48249027237355,0.5582976275189632,0.34428984541779584,245.28015564202335,11.035806749534439,13.326848249027238,2.167315175097276,14.494163424124514,2.1440130044942003,0.976697829396924,0.7709954604409858,13.097843709468224,0.7476932898379097
2098,10,101.88297155709171,16.361859125689126,231.95556164314897,14.176601806757061,0.0026130668928990063,0.0024260698531834044,0.13436962353934434,7.442158232341799,51.659078437056216,50.96057666993898,38.13895861389198,37.73592788186313,46.047287306590775,41.80422949716491,8.502353874149165,0.9078543371909217,0.18464396865637334,1.0,1.0,0.0,0.0,0.0,0.0,1.0,0.0,-3.2034265038149176e-16,0.0,1.0,-3.2034265038149176e-16,0.0,0.0,1.0,1.0,1.0,1.0,0.0,1.0,-3.2034265038149176e-16,0.0,192.11772428564504,0.9798074925484794,7.360168966079252,8.98683660732537,1.0455751302332712,9.032411737558643,1.035387838642295,0.9898127084090239,0.19109463131046445,190.47591861199393,0.9713919270714169,0.9853111712408196,0.01546941627398621,0.9890422893063255,8.975878896631697,0.9788549977153493,162.04819277108433,0.9761939323559298,8.67731165626361,10.433734939759036,1.8855421686746987,11.319277108433734,1.873509343496435,0.9879671748217359,129.65060240963857,0.7810277253592685,0.9031024096385541,10.336837349397591,0.8910695844602903,0.798098653536685,0.8341708542713567,0.4484322833502685,1.2168159262072027,114.93969849246231,0.5775864245852378,0.5476124340294437,195.04020100502512,7.252998661649959,8.869346733668342,2.457286432160804,10.326633165829145,2.4472490001025538,0.9899625679417495,0.7878280290340591,8.6571747627024,0.7777905969758088
1133,6,192.00341320047897,34.98728862764582,438.3048568236012,12.527545689186871,0.002151151148787249,0.0016441600813260054,0.1180269995032514,8.47263765247588,61.558968058906956,59.42170832202927,42.589010429567296,49.67736297808161,53.35825064853147,45.44859326000052,15.768669848612411,0.8517631801568698,0.29552449071990705,61.52747252747253,3.2252747252747254,3166.8864255278245,132.42655303879792,6.866562009419152,8.010989010989011,0.9171597633136095,0.29670329670329665,0.04551329066017869,6.866562009419151,0.9803767660910517,0.05650230164918965,-0.0016441563518745901,0.009651994062434811,0.9890260424506999,0.9978660125170514,0.9894034536891679,0.9963816671133744,1.5074089148163222e-05,0.989010989010989,0.04551329066017869,3.7193877551020407,346.7387256937228,0.9373194149622786,34.29049475704181,38.35661933305491,1.0417366852362209,38.88149053083741,1.0089214306183192,0.9678009883827952,0.3268585893747927,360.0866475998877,0.9733228410003711,0.9864615384615385,0.013955234378056756,0.9897999933086711,38.22563569822701,0.9577550424416401,288.6645161290323,0.9311758584807492,38.6954110301769,43.24193548387097,1.6935483870967742,51.512903225806454,1.6484386041273347,0.9645552927382631,215.70967741935485,0.695837669094693,0.8607750896057348,41.208355734767025,0.8277466512709234,1.044456434794892,0.8266666666666667,0.2302289281997919,1.268929429639217,204.632,0.5456853333333334,0.28676266666666667,351.66133333333335,33.975936000000004,38.008,2.1146666666666665,51.650666666666666,2.066722851520774,0.9680357766908417,0.7539259259259259,34.629925925925924,0.7259566005759513
1126,15,94.72001129150418,18.261335510255034,215.1223296137725,11.780207942237634,0.003265347161364486,0.0037884448368398793,0.15589074144513004,6.414749142443312,52.03076244870441,48.113202234952745,37.90514811323977,41.430424221278386,45.967496863544255,40.425033773667586,13.114384972894644,0.8794264759221148,0.2852969134217825,1.0,1.0,0.0,0.0,0.0,0.0,1.0,0.0,-3.2034265038149176e-16,0.0,1.0,-3.2034265038149176e-16,0.0,0.0,1.0,1.0,1.0,1.0,0.0,1.0,-3.2034265038149176e-16,0.0,171.56915769704833,0.9363524362627176,6.007992029984228,8.040663250000277,1.0291225610466315,8.069785811046911,0.9965742752696198,0.9674517142229881,0.3030994901756807,179.74562868293074,0.9808783058425505,0.9904365904365905,0.009560847078724769,0.992719359738342,8.033382609738622,0.9601710739613303,150.3827160493827,0.928288370675202,6.7681755829903985,8.962962962962964,1.4753086419753085,9.438271604938272,1.4384966563786008,0.9631880144032923,127.71604938271605,0.7883706752019509,0.90860768175583,8.871570644718792,0.871795696159122,0.8543969487231617,0.8756756756756757,0.1712010364273739,1.0910502099709851,118.42702702702702,0.6401460920379839,0.2300657414170928,173.33513513513515,5.951964937910884,7.972972972972973,1.7891891891891891,8.762162162162163,1.7569538288288291,0.9677646396396397,0.8267267267267268,7.7996996996996995,0.7944913663663663
2086,2,1394.1551836083875,164.98953651036985,3300.909365012184,20.00678003483401,0.0004908299627973245,8.559815009940714e-05,0.044071191585857525,22.690559615386046,116.20090961371419,112.12809243212824,64.20894688935998,105.1779460233238,120.79353711127915,66.02545938729479,40.989086837922024,0.5465976157852706,0.339331787264094,1.9307440925087984,1.1118652589240825,8777.277924935024,227.3572987751821,6.817923643583646,4.179235796882855,0.740194676108371,0.16716943187531422,0.045726941107960266,4.073047412548245,0.9846853965875495,0.06089557797914105,-0.035832415667619195,0.03258138965689274,0.9933239044778228,0.9967876742529724,0.993570406466334,0.9967221680024447,1.0698843640020108e-05,0.9921820010055306,0.05420880070412859,2.7492898601166256,2562.9479373245276,0.9624800619622295,11.72498063680332,13.90992773707429,1.0708896391720086,14.03946542999977,1.0517053554577662,0.9809024737617246,0.2885249906517508,2552.0774984916734,0.9581921608162951,0.9779089804796745,0.02481365101417164,0.9837552407890222,13.879020964424942,0.9646794039197386,1988.3969319271332,0.9532104179899967,14.62174437812601,17.179290508149567,2.540268456375839,19.69031639501438,2.514898562975486,0.976066138301554,1465.1188878235857,0.702358047854068,0.8621114016637209,16.79871255219104,0.8385365478907514,1.1077356939532903,0.7660668380462725,0.8362798973019233,1.6141456398759253,1268.0062431142123,0.46566516456636514,0.8900810805088087,2622.9103929489534,11.486596475744426,13.642306279838413,3.3687109805361732,17.49834741094381,3.347809151497109,0.9812983634913633,0.7055007341717443,12.975974476367853,0.6873491457957146
1183,12,119.80799642944316,24.789332594553148,272.9478245673026,11.010696779600924,0.0031014904063552434,0.0034177723376001812,0.15063100608074156,6.638739433659348,53.264621620026745,50.72908368619158,37.608507434964146,41.91419869634537,49.2016866858504,42.71323550555588,12.606193723786312,0.8681254319242577,0.2562146660596424,1.0,1.0,0.0,0.0,0.0,0.0,1.0,0.0,-3.203426503814917e-16,0.0,1.0,-3.203426503814917e-16,0.0,0.0,1.0,1.0,1.0,1.0,0.0,1.0,-3.203426503814917e-16,0.0,215.80056270822035,0.9329561830629279,22.662444673247066,26.123420153232455,1.0350440453569407,26.158464198589392,1.000515901811839,0.9654718564548987,0.32361246413276346,226.00533261414427,0.9769948636569133,0.9884944115713347,0.011502568171543336,0.991238988660765,26.114659141893217,0.9567108451156634,185.56716417910448,0.9232197222841019,25.950149748768595,29.91044776119403,1.5522388059701493,30.46268656716418,1.512505995542138,0.9602671895719889,153.0,0.7611940298507462,0.8951077943615257,29.805555555555557,0.8553749839335145,0.9263926317725905,0.8589743589743589,0.19692581866785475,1.2066035208842465,140.4957264957265,0.6004090875885748,0.2951274746146541,218.48717948717947,22.409251954123754,25.833333333333332,1.982905982905983,26.816239316239315,1.9487765175383323,0.9658705346323494,0.8017568850902185,25.635090218423553,0.7676274197225679
2086,31,63.99904441830643,14.847778305047443,144.54746211074993,9.735292320576447,0.004820264077004216,0.008255510029834896,0.20210697557171095,4.947874743913444,50.405981441672076,49.29551551429052,35.426020476191724,36.83476673518907,51.32906220976968,40.10135227318509,9.559365344702542,0.7812601778949398,0.18623689841898314,1.0,1.0,0.0,0.0,0.0,0.0,1.0,0.0,-3.2034265038149176e-16,0.0,1.0,-3.2034265038149176e-16,0.0,0.0,1.0,1.0,1.0,1.0,0.0,1.0,-3.2034265038149176e-16,0.0,123.92307692307692,1.0,0.0,1.0,1.0263284264457988,1.0263284264457988,1.0263284264457988,1.0,0.06369215860942826,121.80942015253451,0.982775808599559,0.9913846153846152,0.008612095700220486,0.9934178933885504,0.9934178933885504,0.9934178933885504,111.0,1.0,0.0,1.0,1.4144144144144144,1.4144144144144144,1.4144144144144144,1.0,89.23423423423424,0.8039120201282364,0.9164164164164165,0.9164164164164165,0.9164164164164165,0.5644556290820422,0.888,0.14625436247057869,0.8190210414205733,83.048,0.664384,0.205824,125.0,0.0,1.0,1.704,1.704,1.704,1.0,0.8417777777777778,0.8417777777777778,0.8417777777777778
2115,27,95.73730593802154,22.142451774435543,218.41155312836958,9.863928139183555,0.0038702352165934845,0.005322025694516779,0.17459252892533364,5.727621944394086,54.49785486326775,52.63414994040485,38.43063242105762,37.6765212429659,46.79756524880529,42.30967078983652,8.257853270363249,0.904099830084999,0.1764590364148072,2.5194805194805197,1.7597402597402598,5814.717239029192,139.7508613835144,22.8886827458256,39.506493506493506,0.7808857808857809,1.5194805194805197,0.14469752532566574,22.8886827458256,0.9199907235621521,0.20313908376722412,-0.015676333851218412,0.05379272433429719,0.9416447658692859,0.9718814992836345,0.9437229437229437,0.9713305562362166,8.645200952893261e-05,0.9415584415584416,0.14469752532566574,15.598794063079778,171.52976338591364,0.9271834678011336,24.611987883216845,28.547696067509317,1.0326250969138,28.58032116442312,0.994836762116119,0.9622116652023193,0.31349397275233415,181.06726208192038,0.9786175635455366,0.9893048128342247,0.010691218227231623,0.9918437257715501,28.539539793280866,0.9540553909738692,148.60493827160494,0.9173144337753392,27.947721383935377,32.45679012345679,1.5740740740740742,33.03086419753087,1.5309234703381938,0.9568493962641197,127.67901234567901,0.7881420515165372,0.9081687242798354,32.364958847736624,0.8650181205439551,0.8774754516454835,0.8663101604278075,0.241617131534827,1.1736004470691994,116.8716577540107,0.6249821270267951,0.29700591952872546,173.524064171123,24.35757385112528,28.25133689839572,1.9304812834224598,29.181818181818183,1.8930994769774725,0.9626181935550128,0.8180704099821746,28.069407308377897,0.7806886035371874
1126,26,98.30401171875027,25.13066966247578,220.7506363016098,8.784112770032023,0.004322909851700698,0.006639793978999667,0.1879539835598678,5.320451213961507,48.484227041940265,45.9913062183412,37.600003361701965,37.352376652365784,41.26756597444254,38.50291731279893,12.162011947355118,0.9330067427927349,0.2947111529399913,1.0,1.0,0.0,0.0,0.0,0.0,1.0,0.0,-3.2034265038149176e-16,0.0,1.0,-3.2034265038149176e-16,0.0,0.0,1.0,1.0,1.0,1.0,0.0,1.0,-3.2034265038149176e-16,0.0,180.37473395298892,0.9485694413602356,13.309291374593359,15.767927142688329,1.0301281048429507,15.798055247531282,1.003894053992228,0.9737659491492773,0.26477634179453313,186.67340146848068,0.9815722874809261,0.9903846153846154,0.01042203865885503,0.9929178163443679,15.7608449590327,0.9666837654936453,161.24561403508773,0.9429568072227352,14.759002770083104,17.42105263157895,1.4385964912280702,17.859649122807017,1.4094257941087711,0.970829302880701,140.02923976608187,0.8188844430765022,0.9232456140350878,17.344298245614034,0.8940749169157888,0.7262766758040842,0.890625,0.17790089258233302,1.0745922784658488,128.65625,0.6700846354166666,0.3229166666666667,182.21875,13.18359375,15.625,1.8854166666666667,16.510416666666668,1.859436514544791,0.9740198478781243,0.8457392939814815,15.470739293981481,0.8197591418596059
1130,1,745.43659753312,59.730496597202155,1697.7824120793143,28.424046488822267,0.0004817238445636415,8.24514948093392e-05,0.04352440517327241,22.975615543026027,82.54160341675411,80.35718022850084,62.83689843761646,62.97682501286402,69.47810849686317,64.45631037564843,33.957499244699065,0.9277211451224027,0.4887510610084066,21.34448343079922,1.8959664117558854,162474.42376424003,3298.4909397084116,78.84372811878416,13.069017843754686,0.7091992973394591,0.46675063727695315,0.09871059100190081,12.489245783391016,0.9254520168818104,0.2324259442802081,-0.21434408756689358,0.2060090214647767,0.9833515696257902,0.9919575274807664,0.9839051504387256,0.9918113923284745,2.126232859315566e-05,0.9596663667716301,0.21575627866317418,22.978186490634712,1356.5133960796516,0.9452045845455069,21.479802858161232,24.682078984129483,1.044249592899506,25.763298879013252,1.0148571442834373,0.97184057195704,0.29332586467417626,1394.9746225172032,0.9719862952900312,0.9856825866441252,0.014958678645534275,0.9892957587169389,24.462268251005987,0.9613849709734322,1139.9170812603647,0.9452048766669692,21.47968834654808,24.681592039800996,1.8109452736318408,42.90547263681592,1.762081388538875,0.9718411509633758,876.5207296849088,0.7267999416956126,0.8772007444412465,21.75337542658608,0.8523777067692551,0.9634586348116454,0.8282967032967034,0.353379591814284,1.327968633519911,800.2307692307693,0.5496090448013525,0.4067575624924526,1376.309065934066,21.455251479289938,24.653846153846153,2.2898351648351647,52.482142857142854,2.230153467222433,0.9718741425043446,0.7652804487179488,19.0665625,0.7435191145309308
1274,3,635.9339242867801,60.33350569920427,1435.9615976915816,23.800400474831356,0.0006255605979819255,0.00013904040316622883,0.05180603319240182,19.302771093978798,85.03083521582764,78.99077303836495,55.48534955343476,75.21702047149715,79.20291186017337,53.07831699894094,36.14281686469341,0.6701561312877815,0.45633192032763586,21.894305694305697,1.78001998001998,224533.9920301253,3919.5966813230616,80.02975102819258,11.252747252747252,0.9171597633136095,0.3516483516483516,0.04551329066017868,9.645211930926218,0.9460093153599647,0.14917585357085025,-0.23241338712110288,0.17913314513950682,0.9890217099973199,0.994674516207881,0.9893439893439893,0.9945900253592561,1.0731456043956043e-05,0.9701298701298702,0.13818684258183928,22.820624570234962,1170.7341242935427,0.9542022829202469,23.44843114483371,26.51233963180399,1.0374199822266688,27.163152778243496,1.0134294103295,0.976572690879886,0.25416682170826044,1197.7733039811721,0.9762089030186664,0.9878607704694662,0.012639519614339652,0.990924322908122,26.349915663658898,0.967637829482272,1015.2682926829268,0.9524092801903629,24.366448542534204,27.536585365853657,1.6829268292682926,37.405253283302066,1.6501239583279494,0.975632153015745,841.1482176360225,0.7890696225478635,0.9082550291849073,25.148405122993534,0.8859959381896744,0.8166052201636197,0.8582930756843801,0.3254613871005213,1.202195920296273,758.9726247987118,0.6110890698862413,0.40279949486698763,1185.354267310789,23.351541978161038,26.404186795491142,2.13365539452496,43.30595813204509,2.0958479539946384,0.9766720047791633,0.8100903560565396,22.272248166040438,0.7903822221630741
1395,4,889.8537192992478,98.94374640654615,2033.3837522316924,20.550907218297557,0.0006088136634309078,0.00013169552786896336,0.050877255489862716,19.655148265598754,91.81887921009306,86.58121606594618,59.54482709530474,75.49728584438297,80.66757459127354,56.44156851725793,38.023542335768035,0.699680990822348,0.47136092201142427,29.564306546915244,1.9351363612233177,403145.83655133774,5961.334057478962,102.76306696105942,3.0696710696710694,0.8789999435634065,0.1534835534835535,0.04825549199551071,2.9623396531140638,0.9297807539417502,0.2238710898184141,-0.4928763278610772,0.36851924286450033,0.9923449599260071,0.9985249057810326,0.992691259357926,0.9974838761724008,1.9185444185444187e-05,0.962738272194794,0.2161969121442365,26.458184507682624,1581.0228959792062,0.9221676812414835,19.4412094994628,22.96009505960603,1.0415176419246202,24.035748014862854,0.9999678344395604,0.959660106929827,0.36379855509156683,1668.531854525645,0.9731747092079714,0.9864565813932903,0.01381119416031043,0.9897712725128053,22.69133250378579,0.9497338580463539,1334.968363136176,0.9181350502999835,19.533459847993207,23.17331499312242,1.7097661623108666,38.573590096286104,1.6493669011065186,0.9574510995944752,1076.3713892709766,0.7402829362248807,0.8839935809261807,20.66849610270518,0.8451435498614265,1.0236397315728618,0.8365937859608745,0.28096849936332724,1.3553716939206637,979.3394706559263,0.5634864618273454,0.3731283792462799,1603.1967779056386,19.488294549109394,23.002301495972382,2.2013808975834293,56.51668584579977,2.1267230171976657,0.959809375155661,0.7765372075182202,17.92268220176448,0.743046624184856
2207,1,255.4889631881999,44.074832827888564,589.9257625059039,13.384639819498657,0.0017354803213304893,0.0010701425521129238,0.10228545414353873,9.776561177473825,57.030632037813014,55.014297995152894,43.47336484222182,41.97523141698338,48.78442261095397,44.61731310352392,18.004351722839626,0.914581145283569,0.36905944068295604,1.0,1.0,0.0,0.0,0.0,0.0,1.0,0.0,-3.2034265038149176e-16,0.0,1.0,-3.2034265038149176e-16,0.0,0.0,1.0,1.0,1.0,1.0,0.0,1.0,-3.2034265038149176e-16,0.0,486.1660876709635,0.9918639653248112,6.870728232087463,8.21433408782009,1.054569950238001,8.26890403805809,1.050492969560089,0.9959230193220882,0.17065359993563833,472.9693410146157,0.9648642673178819,0.9822722367812547,0.01803122798883615,0.986530528807848,8.200864616627937,0.9824535481299361,389.01526717557255,0.9898607307266476,8.56111726200882,9.997455470737913,2.068702290076336,11.06615776081425,2.063617627838902,0.9949153377625662,263.09669211195927,0.6694572318370465,0.845406594571671,9.842862065309584,0.8403219323342371,0.9683282140636498,0.7875751503006012,0.45651315320915,1.3186294588352292,243.37274549098197,0.48772093284765927,0.4649057634306689,495.0120240480962,6.749113457375672,8.086172344689379,2.599198396793587,9.685370741482966,2.595193843167712,0.9959954463741253,0.7131346025384102,7.799306947227788,0.7091300489125355
2086,35,79.35881507869998,15.957095074963368,178.39223068922465,11.179492874559699,0.0037784614191171666,0.005072618840118695,0.17182146202781975,5.819994709613687,50.431316977811655,49.83131056889518,37.904586782320365,35.28172383965856,48.65476699880052,37.546363572490826,10.73451210143242,0.7716893099789472,0.2206261125800285,15.583333333333334,2.041666666666667,27731.48148148148,824.074074074074,48.61111111111111,16.666666666666664,0.85,0.8333333333333333,0.11478697925681082,11.11111111111111,0.890625,0.257863411480869,-0.13431038574525456,0.1499596643133451,0.9584372402327515,0.9801823226317876,0.9603174603174603,0.9796747967479675,0.00010416666666666666,0.9270833333333333,0.21619674481420237,16.319444444444443,146.3545173119296,0.9503703554888775,9.925928902224495,12.205023730250868,1.0206443126193805,12.89810818550907,0.993711287964302,0.9745917829246011,0.21690892770059733,152.1801703901431,0.9880862619960099,0.9935483870967743,0.007455306486591724,0.9953975498547633,12.032311244445927,0.9703705346742842,136.1267605633803,0.9586391588970442,8.272168220591153,10.295774647887324,1.2887323943661972,19.880281690140844,1.246574686212513,0.9789211459231579,119.87323943661971,0.8441777425114064,0.935641627543036,7.907472613458529,0.9198324869854045,0.5918648593013451,0.9161290322580645,0.09725252926006744,0.8367212077902324,112.75483870967741,0.7274505723204995,0.15250780437044745,147.20645161290324,10.056191467221645,12.35483870967742,1.5161290322580645,29.903225806451612,1.4517591983029772,0.974252066417965,0.878136200716846,7.974910394265232,0.862043742228074
1281,21,110.59677575733303,21.419591601149595,249.381332503927,11.642674479869292,0.0030686004047331184,0.003345668613367532,0.14956419599747828,6.6860921715305475,51.902618954489775,50.35028997697619,38.931312024631,40.83136110966547,47.47494343067001,43.4664708030264,10.91529435695679,0.9155665633704781,0.22991695341137017,16.583333333333332,2.7708333333333335,7395.088541666667,0.0,30.104166666666668,36.125,0.7222222222222223,2.125,0.08333333333333297,6.020833333333333,0.8645833333333334,0.29166666666666624,-0.1792554699824194,0.193832586244167,0.8754310344827586,0.9772082018927445,0.8819444444444443,0.9599056603773585,0.0004325259515570934,0.875,0.16666666666666627,16.557291666666668,191.76348470691002,0.8944782409898421,19.379617862730267,23.498889309924667,1.0227960716801816,23.869995949541586,0.9662636507638062,0.9445426117007135,0.39090683186108205,211.20571124502305,0.9850489180450187,0.9925213675213674,0.007475540977490628,0.9943009820799547,23.40611265002044,0.9391123519349401,174.13846153846154,0.89301775147929,19.997370151216305,24.205128205128204,1.3846153846153846,29.55897435897436,1.3130302310857866,0.9437519784742007,162.14871794871794,0.8315318869165023,0.9296923076923077,22.89251282051282,0.877278569167458,0.8093408683334675,0.9027777777777778,0.15763313609467455,1.073716912120775,151.38888888888889,0.7008744855967078,0.19367283950617284,193.2314814814815,19.33256172839506,23.444444444444443,1.6203703703703705,33.03703703703704,1.537283521947874,0.9446051954732511,0.8630722736625515,21.064461162551442,0.8146004801097395
2060,1,176.6400078964225,15.317334018072517,392.4843268868991,25.6235403905025,0.0011114111988170107,0.00043888605624450746,0.0759948089855041,13.158793519577745,59.78628473532213,56.028562764939515,43.656844513981305,45.21238534463027,49.265438476127514,47.68839110739535,17.142633072951938,0.9679887682417287,0.3479646909315283,1.0,1.0,0.0,0.0,0.0,0.0,1.0,0.0,-3.203426503814917e-16,0.0,1.0,-3.203426503814917e-16,0.0,0.0,1.0,1.0,1.0,1.0,0.0,1.0,-3.203426503814917e-16,0.0,328.7895347298172,0.9598606361462324,11.45962270212718,13.61204868205349,1.0216366634086493,13.633685345462142,1.0012419306379639,0.9796052672293146,0.21478042947234874,337.668740276297,0.9857323800022983,0.9928651059085843,0.007133809998850884,0.9945908341478378,13.60663951620133,0.9741961013771524,300.2738853503185,0.9562862590774474,12.47920808146375,14.757961783439491,1.3280254777070064,15.085987261146498,1.3057777080451416,0.9777522303381353,264.171974522293,0.8413120207716337,0.9340277777777778,14.69198956121727,0.9117800081159131,0.6393719598272133,0.9101449275362319,0.12082640269382125,0.8836651310957289,246.6927536231884,0.7150514597773577,0.1858769166141567,331.2492753623188,11.379122033186306,13.521739130434783,1.5913043478260869,14.11304347826087,1.5710556531193463,0.9797513052932594,0.8714975845410629,13.393236714975846,0.8512488898343222
1178,10,118.27389985662393,25.088402999890974,267.30310940903394,10.654448966329007,0.0032388591705617645,0.0037272315678372188,0.15504655650149377,6.449675649458011,52.54519953791377,50.5967059173651,36.939456242237355,43.08131909903771,50.15625176094075,41.77310884522441,14.060833317946111,0.8328594617541831,0.28034059213523616,1.0,1.0,0.0,0.0,0.0,0.0,1.0,0.0,-3.2034265038149176e-16,0.0,1.0,-3.2034265038149176e-16,0.0,0.0,1.0,1.0,1.0,1.0,0.0,1.0,-3.2034265038149176e-16,0.0,226.0087721378627,0.9912663382526726,3.672504764751243,4.943075969287085,1.0415790048154212,4.984654974102506,1.0371978092939913,0.99561880447857,0.13699819907126426,222.53326992091186,0.9759849165475672,0.9870129870129869,0.015017008417497923,0.990734824011269,4.9338107932983535,0.9863536284898389,192.01030927835052,0.9897438622595387,4.3127059198639595,5.634020618556701,1.7164948453608246,6.350515463917525,1.7113459335624281,0.9948510882016036,145.95876288659792,0.752364757147412,0.8899899770904924,5.524010595647194,0.8848410652920962,0.7839089866419011,0.8398268398268398,0.2986767988096503,1.1132589236775168,133.2077922077922,0.5766571091246416,0.37083263057289034,229.00865800865802,3.624932066490508,4.891774891774892,2.16017316017316,6.0519480519480515,2.1558489658489655,0.9956758056758056,0.7849627224627225,4.676737614237615,0.7806385281385281
1537,10,101.8859017791122,21.67422031146883,229.97214140738095,10.610399733073308,0.0035063535414138042,0.004368312032637171,0.16346993287429515,6.117332908975857,51.18702212442711,46.15039761308569,37.633252425841064,36.80869517353978,42.67472111447444,40.242713079961426,9.719726254196152,0.9430105699346182,0.22776308785060598,1.0,1.0,0.0,0.0,0.0,0.0,1.0,0.0,-3.203426503814917e-16,0.0,1.0,-3.203426503814917e-16,0.0,0.0,1.0,1.0,1.0,1.0,0.0,1.0,-3.203426503814917e-16,0.0,192.96370494342088,0.9798923349039157,11.622230425536666,13.432174225248556,1.031866018167233,13.464040243415784,1.0217173045139687,0.9898512863467358,0.16189007135560018,192.84294302557086,0.9791358012510294,0.989563200618477,0.010432099374485155,0.9920334954581919,13.424207720706743,0.9818847818049276,169.04624277456648,0.9771459119917137,13.209662868789469,15.15028901734104,1.4971098265895955,15.647398843930636,1.4855585702489087,0.9884487436593135,133.76300578034682,0.7731965652043169,0.901412973667309,15.051701991008349,0.8898617173266224,0.7252943572620199,0.8693467336683417,0.17394500317417888,1.0052516742627584,123.62311557788945,0.6212216863210525,0.25802378727809905,195.04020100502512,11.501325724097876,13.301507537688442,1.8743718592964824,14.175879396984925,1.8643298123269407,0.9899579530304584,0.8149078726968174,13.116415410385258,0.8048658257272757
2060,25,77.82400347900354,5.2906669031786535,179.09566090007505,33.85124487660973,0.0012453972064337849,0.0005510842773180852,0.0819859324131572,12.197214455775573,49.61290030054837,46.10249310204388,35.20909026147524,35.28172123529257,45.277793172071256,37.36840243557601,9.742298301973133,0.8253141290160315,0.21516725130460826,1.7222222222222223,1.3611111111111114,2820.839506172839,108.49382716049377,12.518518518518519,18.777777777777775,0.9,0.7222222222222222,0.07652465283787378,12.518518518518519,0.9583333333333334,0.10430243061565155,-0.006206923830169729,0.025316184339388124,0.972263252913179,0.9866350336101225,0.9732510288065844,0.9863731656184487,4.10913872452334e-05,0.9722222222222222,0.07652465283787378,7.824074074074073,144.04315396777807,0.9607754513330816,13.2578974494184,15.569348090405144,1.0419517990955802,15.611299889500726,1.0219664107685498,0.9800146116729695,0.24104593428833593,145.86650025707007,0.9726935712060792,0.9863360323886639,0.013653214396960333,0.989512050226105,15.558860140631255,0.9695266618990748,119.144,0.953152,15.834624000000003,18.472,1.76,19.232,1.7360329218106996,0.9760329218106996,88.712,0.709696,0.8680555555555556,18.340055555555555,0.8440884773662551,0.9719103065813274,0.8223684210526315,0.28134400000000004,1.2047457258627619,83.4342105263158,0.5489092797783933,0.32115650969529086,146.1184210526316,13.078774238227146,15.368421052631579,2.1578947368421053,16.526315789473685,2.138184968594325,0.9802902317522202,0.7582693713450293,15.126690423976607,0.7385596030972493
2086,1,3203.0241750474006,308.9020543921968,7512.599500688454,24.32032870571362,0.0002676458443949813,2.5452078588932965e-05,0.02941537697652326,33.99582472793434,178.42296708339902,175.93603175928615,77.87910127145639,167.90473739649838,208.58450416372054,76.18619571657418,49.81311825538216,0.3652533826615169,0.23881504743172688,10.146766255903128,1.3542951299413335,170291.5756034777,2334.336458712844,37.88652359148277,4.96807779517861,0.6968231918235135,0.1840028813029115,0.054797992313602835,4.914850281968816,0.9699170273885047,0.12660705983022752,-0.44979055199353,0.2559961446809163,0.9931944139792074,0.998676590891002,0.9934284685248962,0.9977560624231353,9.348314855606943e-06,0.9846898920258995,0.1197921383004903,10.713650346665348,5931.652195834772,0.9691125019227533,13.693630433040978,15.806963018346817,1.0684905698609088,16.3725771722495,1.052309848738975,0.9843459156856407,0.2739928713211955,5867.248251909691,0.9584955084831505,0.9783715325595121,0.02361325508176731,0.9839551908418855,15.666637313178255,0.9684327657294202,4598.69928601428,0.9657075359122805,15.207139513236614,17.47102057958841,2.6585468290634187,27.776144477110456,2.631909593744371,0.9825913897011318,3292.185636287274,0.6913451567171932,0.8565508242061972,15.348623482753027,0.8412163391087091,1.0995897317653236,0.7611892583120204,0.9326505280058198,1.5885296862655987,2881.795716112532,0.46064509528653,0.7879935006639149,6064.806585677749,13.548854174161605,15.648017902813299,3.2289002557544757,30.789961636828643,3.19968368514312,0.9845136045345195,0.6992162789028655,12.258039808314631,0.6869850464889512
1082,11,94.72058998113974,20.096125171673204,221.5664816562277,11.025333479139555,0.003437805473135426,0.004199183405340045,0.16133240743886,6.198382680051243,49.08130042261062,47.85322334703908,35.1456184506044,40.642838085538024,45.52863821374174,39.246905930637425,11.885179041873556,0.8620267917170357,0.2610484193723654,1.0,1.0,0.0,0.0,0.0,0.0,1.0,0.0,-3.203426503814917e-16,0.0,1.0,-3.203426503814917e-16,0.0,0.0,1.0,1.0,1.0,1.0,0.0,1.0,-3.203426503814917e-16,0.0,180.24174604220133,0.9890834433561783,8.302041327626437,9.775960739927505,1.0486681249980532,9.82462886492556,1.0431831495355985,0.9945150245375456,0.15414991453268365,177.24978618047732,0.9724271567990522,0.9850311850311851,0.017558061366431878,0.989279053529905,9.765239793457413,0.9837940780674501,150.01315789473685,0.9869286703601108,9.940746191135736,11.519736842105264,1.7960526315789473,12.31578947368421,1.7894777960526316,0.9934251644736843,109.88157894736842,0.7229051246537396,0.8745431286549706,11.394279970760234,0.867968293128655,0.8620099871557048,0.8216216216216217,0.3147074099722992,1.2124730496617728,99.47567567567567,0.5377063550036523,0.4106939371804237,183.01081081081082,8.177180423666911,9.643243243243242,2.3405405405405406,10.983783783783784,2.3351385135135136,0.994597972972973,0.7581456456456457,9.401388888888889,0.7527436186186187
1395,13,67.07182809447725,10.92263867187433,152.4910962425154,13.961012610915917,0.00327254706356608,0.0038051698602154563,0.1561198107130665,6.405337000042267,53.76683655220442,49.831646682627735,38.24124711198672,38.53310322632332,50.3795121812971,40.36514985107039,12.341131787133564,0.8012215304072666,0.244963304581482,1.0,1.0,0.0,0.0,0.0,0.0,1.0,0.0,-3.2034265038149176e-16,0.0,1.0,-3.2034265038149176e-16,0.0,0.0,1.0,1.0,1.0,1.0,0.0,1.0,-3.2034265038149176e-16,0.0,123.44158653924558,0.9544428678988863,24.03646211389093,26.965304675237842,1.0388221373938276,27.004126812631668,1.0156553707492555,0.9768332333554278,0.276096601324892,126.05713333239426,0.9745637266365995,0.9872773536895673,0.012718136681700196,0.990294465651543,26.955599140889387,0.967127699006971,105.12612612612612,0.9470822173524877,27.907637367096825,31.25225225225225,1.6126126126126126,31.864864864864863,1.5856209451869254,0.9730083325743127,82.74774774774775,0.7454752049346643,0.8868868868868869,31.13913913913914,0.8598952194611996,0.9098460468375004,0.8473282442748091,0.21978735492249005,1.1542802537722183,76.83206106870229,0.586504282967193,0.27317755375560865,125.10687022900764,23.73579628226793,26.633587786259543,1.9770992366412214,27.610687022900763,1.9542284344713643,0.9771291978301428,0.7896522476675149,26.423240033927055,0.7667814454976577
1252,30,54.2722046051086,13.824052116395444,122.82123979336966,8.884604800332212,0.005729941797901082,0.011665481449923853,0.22679538996321144,4.409260700414635,48.139880397782186,45.26906313058602,29.772580578944297,35.20909026012094,40.38826412030274,32.25042258020681,7.238328291926717,0.7985097473895857,0.17921860346278382,3.5833333333333335,2.2916666666666665,9620.010416666666,0.0,40.041666666666664,80.08333333333333,0.7777777777777777,2.5833333333333335,0.16666666666666627,40.041666666666664,0.8958333333333334,0.24999999999999964,-0.025177606631505478,0.0777073408109361,0.9167532917532917,0.9596557514693534,0.9192708333333334,0.958994708994709,8.671522719389526e-05,0.9166666666666666,0.16666666666666627,30.03125,97.30480493637671,0.9267024946915167,35.21945130072623,39.97693123916977,1.028999055243399,40.00593029441317,0.9909356458301475,0.9619365905867483,0.29946915888090037,103.04926657053353,0.9811454292641936,0.990566037735849,0.009427285367903175,0.9927502361891503,39.969681475358925,0.9546868267758986,85.34408602150538,0.9176783443172621,39.55555555555556,45.0,1.4408602150537635,45.44086021505376,1.3978914650537635,0.95703125,71.86021505376344,0.7726904844490693,0.9017323775388292,44.901732377538835,0.8587636275388292,0.8553275053175174,0.8773584905660378,0.14175049138628742,1.0620557031404134,67.33962264150944,0.6352794588821644,0.20398718405126381,98.30188679245283,34.89569241723033,39.60377358490566,1.7547169811320755,40.35849056603774,1.7170179834905661,0.9623010023584906,0.8218029350104822,39.42557651991614,0.7841039373689728
1395,40,51.71186746215422,10.069307525633736,120.36834441993608,11.953984334425263,0.004301859654685827,0.006575287118060361,0.18734333217613544,5.337793389197463,46.4619648353062,42.99203688150221,33.04291787363458,32.03997550863409,40.88821968113606,36.63368074349255,5.787921338702214,0.8959470729999439,0.14155474079915722,10.454545454545455,1.6303030303030304,6533.679752188552,271.74744781144784,23.489292929292926,0.0,1.0,0.0,-3.2034265038149176e-16,0.0,0.9305050505050505,0.1491112662674407,-0.18181818181818166,0.1628114784029893,1.0,1.0,1.0,1.0,0.0,0.9515151515151515,0.1491112662674407,5.8723232323232315,78.29947353408808,0.7878678613243906,22.419485868586147,29.603860278885026,1.0493181223538366,30.58111207470826,0.9259754187375011,0.8813916518605492,0.6861010307953304,96.2438304949019,0.9680448111374906,0.9840060929169838,0.015977594431254624,0.9876704694115409,29.359547329929228,0.8702457101413115,64.21951219512195,0.7831647828673408,23.75148720999405,31.28048780487805,1.7682926829268293,46.31707317073171,1.5741207604189924,0.8786254891397491,55.292682926829265,0.674301011302796,0.8485772357723577,27.5619918699187,0.7454020778240033,1.4280030109720312,0.8118811881188119,0.2511897679952409,1.7363801298457195,51.37623762376238,0.5086756200372512,0.3815312224291737,79.63366336633663,22.29918635427899,29.445544554455445,2.386138613861386,54.0,2.1496902839691883,0.8817573682286344,0.7304730473047304,23.383938393839383,0.641781840063573
2003,1,565.7657158666797,87.33954904817426,1285.1655640355111,14.714588958166553,0.0010695408796692477,0.00040644054360419317,0.0740739790732156,13.500017313928664,76.15587075277008,74.55490584010923,49.52934453596046,65.82401305421172,73.61725950061647,50.03061143939568,29.87682011080458,0.6796043723819511,0.405839884742713,6.230769230769231,1.1452991452991452,72713.29858253317,1128.0666877703918,18.66286799620133,0.0,1.0,0.0,-3.2034265038149176e-16,0.0,0.9919278252611586,0.02381103301156312,-0.0769230769230757,0.0522603925602187,1.0,1.0,1.0,1.0,0.0,0.9957264957264957,0.02381103301156312,4.665716999050333,1060.9470671306756,0.9730022748682654,15.60468512614266,17.75195169782841,1.0408617732294752,18.05266769227365,1.0269745847241327,0.9863249373895278,0.20493093170192236,1062.2008381471387,0.9740972436374834,0.9867734075878872,0.013787350429047654,0.9900981418944153,17.677086284418884,0.9764761107576607,900.4224137931035,0.9702827734839476,17.17655692627824,19.46551724137931,1.675646551724138,24.098060344827587,1.6573425404644617,0.9849261083743843,678.448275862069,0.7310865041617123,0.8797781968390805,18.35607130028736,0.8655118351219798,0.8628118581698464,0.8398190045248869,0.25780204927170036,1.1823723659866177,625.1321266968325,0.5657304313998485,0.35775680268626775,1075.4072398190044,15.479289940828405,17.615384615384617,2.1638009049773754,25.425339366515836,2.1448118939883645,0.986436420722135,0.7756661639014581,15.729512317747611,0.7634589425513795
1156,3,528.9239229647536,87.30060877590817,1204.234578217768,13.794114326383639,0.0011786251278876588,0.0004935755497261907,0.07902864686270103,12.653639404168612,83.02816095593575,78.40553327275008,54.38466333688223,70.11305218644247,78.62634011617972,54.118975662123,29.81905827416315,0.6883059237166045,0.3792502389161439,32.14828282828283,2.2339971139971135,197876.77521291055,4226.974352091688,107.42741489518978,6.807272727272728,0.89181745572723,0.26181818181818184,0.05244532123107101,6.294320661157026,0.9061957626148103,0.26143354834613936,-0.41070525438325933,0.33390543676274126,0.9899449442728615,0.9951549660304108,0.9903030303030302,0.9950600343053174,1.4896346257293004e-05,0.9475036075036075,0.2513636182762094,28.55867190561563,966.257006986799,0.9474516725456072,17.761334679584795,20.658645245051176,1.039243921545691,21.685836240670728,1.0109221213822823,0.9730334084430026,0.27618980214858374,994.3841416753918,0.9749728174547354,0.987266363839452,0.013184245695221797,0.9904413186622723,20.402099795194978,0.9638135292568777,830.2091428571429,0.9488104489795919,17.30206824489796,20.136,1.6628571428571428,36.606857142857145,1.6149229864785422,0.9737503429355281,660.616,0.7549897142857143,0.8917520634920636,17.92464095238095,0.8683873325059333,0.8897765694176137,0.8470474346563408,0.2691082448979592,1.2447306180935909,602.0784123910939,0.5828445424889582,0.3686084291001032,978.5179090029042,17.826666754132038,20.732817037754113,2.1403678606001937,52.88189738625363,2.0707635676980627,0.9729316638713936,0.7899760675486717,15.902808163923847,0.7692451593231913
1164,7,190.96311722526292,43.175753939220975,425.9892405374008,9.866399580122467,0.0027705567390935346,0.0027273215458948593,0.13971577618914974,7.157387857518552,59.0143139098148,55.5393308348275,41.53581648982867,43.524706276522075,49.17410007127026,44.636750555930064,21.486571702748716,0.9077288753883852,0.4369489562921792,48.38461538461537,2.076923076923077,283687.38461538457,3377.230769230769,120.6153846153846,0.0,1.0,0.0,-3.2034265038149176e-16,0.0,0.9658119658119658,0.07063814108111423,-0.07692307692307689,0.07052803160356538,1.0,1.0,1.0,1.0,0.0,0.9743589743589743,0.07063814108111423,30.15384615384615,358.1132227089855,0.968476790546254,27.803470738203846,30.60261735008219,1.0262669687465102,31.781483071427452,1.0096335365655036,0.983989931124888,0.1884221238011288,363.37787340778607,0.9826792570666162,0.9913384202928438,0.008660371466692051,0.9934332578133725,30.30790091974587,0.977579029764734,325.14925373134326,0.9705947872577412,25.935397638672317,28.582089552238806,1.382089552238806,45.51343283582089,1.3582218706360032,0.9850826989982484,276.2835820895522,0.8247271107150813,0.9261401326699834,24.37091625207297,0.9134604268184946,0.6352174845782618,0.8981233243967829,0.14235687235464467,0.9477412180813296,255.0697050938338,0.6838329895277045,0.24955257351091434,361.1930294906166,27.91889541360895,30.726541554959784,1.7506702412868633,61.20375335120644,1.7185160589667334,0.9839229088399353,0.8540363419719987,23.148942508191837,0.8419785236019501
1274,15,96.77255369581437,15.574066181205069,221.68450429347945,14.23420844076099,0.0026620982131793716,0.002517969087082948,0.13604527556661528,7.350494133920473,51.77906284890135,50.96303902841596,36.87983055163631,39.224482735310374,45.639079165220124,43.79423830718089,11.489226689090264,0.95957760560066,0.25174098380682897,1.0,1.0,0.0,0.0,0.0,0.0,1.0,0.0,-3.2034265038149176e-16,0.0,1.0,-3.2034265038149176e-16,0.0,0.0,1.0,1.0,1.0,1.0,0.0,1.0,-3.2034265038149176e-16,0.0,182.41680767105294,0.9787112038152982,25.531668489172823,27.77861693493733,1.0421710683449146,27.82078800328225,1.0314468976509195,0.9892758293060046,0.2012919569465007,181.23663153453617,0.9723314330380977,0.9861619861619862,0.01383428348095127,0.9894572329137712,27.768074167851104,0.978733062219776,157.03726708074535,0.9753867520543189,29.511052814320433,32.0,1.6583850931677018,32.6583850931677,1.6459703634480303,0.9875852702803286,123.57142857142857,0.7675244010647737,0.897979641131815,31.89797964113182,0.8855649114121437,0.7938780996261483,0.8518518518518519,0.2803132595193087,1.221102482001503,110.76719576719577,0.5860698188740516,0.4948909604994261,185.03174603174602,25.181153943058703,27.40740740740741,2.3439153439153437,28.75132275132275,2.3333398334134015,0.9894244894980577,0.7941196355085244,27.201527042915934,0.7835441250065821
1126,24,76.2880090942385,8.917334396361804,173.19657687020418,19.422460700909333,0.0022072481433614527,0.0017310298881676792,0.12007009534755753,8.32846844258246,51.7841701846752,50.92426005272069,38.607774659370406,36.878178378699225,51.1415377367158,39.75624903863495,9.359352536561094,0.7773768798917623,0.18300882121973777,1.0,1.0,0.0,0.0,0.0,0.0,1.0,0.0,-3.2034265038149176e-16,0.0,1.0,-3.2034265038149176e-16,0.0,0.0,1.0,1.0,1.0,1.0,0.0,1.0,-3.2034265038149176e-16,0.0,146.46153846153845,1.0,0.0,1.0,1.0532754169782648,1.0532754169782648,1.0532754169782648,1.0,0.1226238384744988,141.63461734576688,0.9669241397136272,0.9829633453794528,0.018095978576234868,0.9872746880156428,0.9872746880156428,0.9872746880156428,118.0,1.0,0.0,1.0,2.669491525423729,2.669491525423729,2.669491525423729,1.0,86.67796610169492,0.7345590347601264,0.8805879285925512,0.8805879285925512,0.8805879285925512,0.7556178128228546,0.7919463087248322,1.0750502729100833,1.266617684360145,76.31543624161074,0.5121841358497365,0.5286248367190667,149.0,0.0,1.0,2.610738255033557,2.610738255033557,2.610738255033557,1.0,0.7395022371364653,0.7395022371364653,0.7395022371364653
1133,4,406.53522688314746,81.11077522091377,972.466139200406,11.989358214759898,0.0015090091854348263,0.0008090698414216529,0.09318127979591859,10.731769323088871,66.67945022878267,63.985518989341955,48.72190208327864,51.90761353357105,60.714871252614344,51.27906321746677,28.016445718546738,0.8445881900022761,0.46144289101725416,4.115384615384615,1.1557692307692309,25028.060594711547,521.2209807692309,12.757500000000002,2.803846153846154,0.9722799722799723,0.10384615384615385,0.022030535162765503,2.663653846153846,0.9856730769230769,0.04761504566071354,-0.02994915832670236,0.039119726420716976,0.996159114857745,0.9981468300371142,0.9962912087912088,0.9981118881118882,5.275931201857128e-06,0.9923076923076923,0.043768891814559716,3.8903365384615394,744.1951259324086,0.9645520877482503,12.920764015762826,15.133118827155652,1.0951450225860824,15.461415214506003,1.0768206983616948,0.9819730627204646,0.31412419236589517,731.4818361947019,0.947807454962956,0.9717109087386164,0.03542714252884714,0.9795844094103674,15.054415395374956,0.9616318188670452,547.5898778359511,0.9556542370609967,16.164030591266688,18.76439790575916,3.5427574171029668,25.406631762652705,3.5148698222744597,0.9773413292018377,387.04886561954623,0.6754779504704123,0.8466928039064937,17.586221599718012,0.8253413641159179,1.201800184246623,0.7216624685138538,1.622622430549845,1.818734651003292,326.08060453400503,0.41068086213350763,1.3481844310921332,766.4937027707808,12.627261133564708,14.806045340050378,4.3602015113350125,24.083123425692694,4.335044723178944,0.982390248290752,0.6595396277621973,12.986365824235747,0.6438166351646546
1234,1,2398.6164504437543,87.71887979560688,5479.608403010798,62.467833786509736,0.00012200955863772137,5.28919962339488e-06,0.01742328281334717,57.39446525163136,154.02568742425188,144.39861097636222,80.33361200741356,144.0200041901202,155.43972118812528,69.54217764692676,64.69759155918908,0.44739000504743176,0.41622302886716456,8.172784889614967,1.2501699233913237,181100.85576597846,2376.939351843759,33.349826733743456,7.169043632423915,0.7670756994921194,0.1748547227420467,0.03024222295188404,7.018240153460463,0.9837729474500035,0.06499572770926233,-0.3080779296565304,0.13361303236153604,0.9957377861876195,0.9979190003969743,0.9958367923156656,0.9978933165934692,2.537031133356259e-06,0.9917659198838452,0.06073097837409055,10.12971759154184,4539.923500526482,0.9837978300554142,13.617923838424254,15.399842228811961,1.0466654566832787,15.799944969135149,1.0383019195447007,0.9918368241333264,0.18169186818769212,4480.2438196355315,0.9708519255187943,0.9849930219193825,0.015938575940048362,0.9888446158025178,15.300327523704503,0.9807315302538206,3821.6296581855563,0.982171590384363,14.984778281942905,16.85839115908507,1.932408121305577,22.77486507324595,1.9205926695187627,0.9910099823361196,2959.3227961963507,0.7605558458484581,0.8937359861177909,16.009551686166336,0.8851669295984892,0.8203347364147231,0.8305229455709712,0.4826460657121413,1.2552268159867612,2636.574813233725,0.5627694371896957,0.5487189638814127,4609.616435432231,13.523988477953091,15.299679829242262,2.4813233724653148,28.070224119530415,2.4668171929034868,0.9918936055389784,0.7778070360125551,13.5095395155572,0.7705895005933121
1453,4,270.8473058166295,36.69323928832759,610.0415781658468,16.62544899272237,0.001373953272583757,0.0006707275910698406,0.08753506474115952,11.423993378619093,87.78872906146776,86.01384738744754,63.39700160312613,65.11528335469214,67.88948644550709,59.49265316365924,20.28288962131525,0.8763161467042805,0.2987633385265881,5.9645687645687655,1.6326340326340325,24792.656869171075,665.4607100545611,29.005506816415902,21.702564102564104,0.8222222222222223,0.9435897435897436,0.1261710714570652,15.553504273504272,0.9226700572155118,0.2010041730151302,-0.08528715934507064,0.09587107226935535,0.9590517658442187,0.9803596704954172,0.9606837606837607,0.979923622476814,7.755319664582424e-05,0.9519813519813519,0.15997853198948922,12.677017729745002,494.62004440877365,0.9446266608303889,14.646248210362083,17.386956504268326,1.0315041707818535,17.674623431212936,1.002609866510272,0.9715504227356454,0.2673617161372049,513.269994324488,0.9802078797474768,0.9898211429402355,0.010769919667275097,0.9924533230185175,17.315369138246155,0.9641149275059698,440.8376068376068,0.9419606983709548,15.351395280882462,18.200854700854702,1.485042735042735,22.371794871794872,1.448781012583096,0.9701374050332383,382.0213675213675,0.8162849733362554,0.9217936847103514,17.201174026590692,0.8935308716168091,0.755243990158059,0.8846880907372401,0.2073699685879173,1.1147559285851885,349.476370510397,0.6606358610782551,0.3609621177740217,499.8506616257089,14.574669187145558,17.304347826086957,1.9603024574669188,24.78638941398866,1.920673834278513,0.9716938405797101,0.8402846040747741,15.514197647553033,0.8148090605965133
2017,8,109.56297621177211,20.479060974162696,250.5877697390247,12.236291988933354,0.0029126969189759945,0.0030143441808117653,0.1444544570708135,6.922597061230078,53.33578762842307,52.64134189498407,35.927238762078716,42.430178567527236,46.806387675621096,40.0024976290031,10.86007893636326,0.8546375743889808,0.23202130041792748,93.58974358974358,4.907051282051282,63603.9078414352,817.8494480056984,104.8392094017094,10.173076923076923,0.958974358974359,0.4423076923076923,0.0624060095737791,7.6298076923076925,0.8768696581196581,0.28217660261957567,-0.16665019875356346,0.18219005378311287,0.9808055152394775,0.9962844861493511,0.9815705128205128,0.9936813186813187,3.6353060927730115e-05,0.8974358974358974,0.26294583338880645,28.75307158119658,184.04939439203423,0.8706946906243598,41.19019806077131,48.47855637508401,1.0372500935856903,51.669443231277505,0.9627533930777402,0.9309783633160218,0.47664272996437124,206.23742360796874,0.9755649070485131,0.9877785765636234,0.012217546475743392,0.9906874766035774,47.68083466103565,0.9230346058755925,162.21311475409837,0.8864104631371496,38.19528800501657,44.486338797814206,1.6612021857923498,101.70491803278688,1.503000348659222,0.9399880535772547,140.5737704918033,0.768162680283078,0.8986414693381907,39.082726168791744,0.8478348251695438,0.9869492072887972,0.8551401869158879,0.2937083818567291,1.4089218307577316,127.86915887850468,0.597519434011704,0.3663202026377849,185.97196261682242,41.53821294436195,48.93457943925234,2.102803738317757,157.51401869158877,1.8462345920258245,0.9300222348087945,0.8000713914849429,35.393367082035304,0.753255577246345
1537,7,136.70118479911034,30.20737791440987,311.88890446794574,10.324924770089526,0.003094127496428061,0.0034015640789007108,0.15039251389932862,6.649267134861453,52.64766525284379,51.99931394116924,41.7220399986228,41.2989110126507,47.41631021878736,46.114195512112786,9.504253717955757,0.9725386749693009,0.20044270998948308,1.0,1.0,0.0,0.0,0.0,0.0,1.0,0.0,-3.203426503814917e-16,0.0,1.0,-3.203426503814917e-16,0.0,0.0,1.0,1.0,1.0,1.0,0.0,1.0,-3.203426503814917e-16,0.0,258.8765912412405,0.9848971119138598,9.250518952760945,10.854106659302282,1.0481313821111107,10.902238041413394,1.0405279047505376,0.9923965226394273,0.17812279047525464,254.8404335789016,0.9694570366373859,0.9844425237683665,0.016138832965300862,0.9882933761724899,10.842400035474775,0.980689898811917,210.0373831775701,0.9814830989606079,11.34160188662765,13.102803738317757,1.8831775700934579,13.985981308411215,1.87383898696204,0.9906614168685819,143.82242990654206,0.6720674294698227,0.8470521806853581,12.949855919003115,0.8377135975539403,0.9653923567270899,0.8014981273408239,0.3265132325967333,1.2029377299724726,136.61797752808988,0.5116778184572655,0.3382569540882885,263.0299625468165,9.10729565571126,10.700374531835205,2.310861423220974,12.01123595505618,2.303376566329126,0.9925151431081519,0.7263836870578444,10.42675821889305,0.7188988301659962
1282,1,1169.4192917492137,153.28148006470533,2654.1634621233784,17.315617392283567,0.0006324457077686512,0.00014211788808873217,0.05218546789544706,19.1624228032886,110.31033500480407,102.10607198236576,66.59288030348225,98.45202631310885,93.18424937458173,57.91304282186559,48.19422645049268,0.6214896102137062,0.517192838639089,36.7947534991444,2.444472034272919,306095.00338759914,5965.311799156393,133.61125141582824,15.078815058086313,0.8358179288411847,0.5385291092173683,0.10353184642886104,13.928776362603116,0.8874058551026015,0.34967044038079365,-0.6242788381905859,0.4682139676348973,0.9807913183973422,0.9907207291950239,0.9814300307166424,0.9905521208909234,2.453212050006233e-05,0.9387951218256572,0.3304372579087449,37.17251661847864,2094.5189934600503,0.9285498821337174,28.00844620358277,32.16550970533003,1.0382460270352487,33.66853387850496,0.9994466360109089,0.9629423190186325,0.32501677861610057,2201.0325709308713,0.9757385744670228,0.9876060891822712,0.01293938238108752,0.990743041510814,31.790058210305922,0.9541207880401897,1807.327852004111,0.928739903393685,27.93395786967548,32.07913669064748,1.6526207605344296,56.472764645426516,1.5874362850470431,0.9630450217709304,1492.2548818088387,0.7668319022655903,0.8976039081271425,29.17626098246767,0.8639788699888067,0.9211542418945993,0.852014010507881,0.2750734370659397,1.279516252694782,1355.0560420315237,0.5932819798736969,0.36551231286862695,2120.326619964974,28.091052965731308,32.26094570928196,2.1138353765323994,84.1278458844133,2.0163157445372972,0.9628288398224947,0.7977681698774081,25.7446158056042,0.7681048552094807
1101,1,924.1366305153551,8.917107838280302,2111.771428963256,236.822461639145,5.184163830289571e-05,9.549039317478813e-07,0.00984736178409761,101.55004171928448,111.08446924059423,108.15360603022852,49.81149991776653,104.06459687493371,118.94905637333508,47.27453578405136,33.62331968359076,0.39743514766249904,0.28266991524556667,22.55441444377683,1.852051283138779,136722.95944718918,2983.6567011699535,74.5797528355365,2.9019404019404016,0.84379632440928,0.11607761607761607,0.030007566711296056,2.813403320160077,0.9335132000977624,0.19280345264271526,-0.4619937500361525,0.31950072938345053,0.9953643124569643,0.9977694539570019,0.995535476304707,0.9977239683122037,7.42896742896743e-06,0.9635963963528964,0.18816034799961068,19.370423309369226,1672.5830167127324,0.9398566251588625,18.794804637855464,21.948719786693143,1.0432926603050066,22.8688730568724,1.011006298771623,0.9690107695463119,0.305819709363648,1730.378229354188,0.9722917332411725,0.9859365011719583,0.014493796752237349,0.9894180388297282,21.718922673054312,0.9587530911459641,1406.9492656875834,0.9392184684162773,18.994228619913336,22.178237650200266,1.7777036048064085,36.92456608811749,1.7257112046831673,0.9686712460795854,1100.5567423230975,0.7346840736469276,0.8810434169217308,19.56845997232894,0.8533993095912468,0.9793614656843025,0.8299168975069252,0.32582339425419926,1.3304506001105134,1000.2664819944598,0.5541642559526093,0.3915071247151265,1696.4747922437673,18.78899026250566,21.941828254847646,2.2565096952908585,48.62770083102493,2.187913258699536,0.9690209641200479,0.7695743305632502,17.016111726685136,0.7455409912198747
1183,14,85.50399745178208,13.31199960327229,195.72333940412346,14.702775333317447,0.0027428650086053657,0.0026730748167293375,0.1387832450896408,7.20548074340022,48.352040989786204,47.11857307320921,40.031984828901955,37.016753515622284,46.01684391169071,36.82145539282448,12.448919586164399,0.8001734204867946,0.2705296262832514,1.0,1.0,0.0,0.0,0.0,0.0,1.0,0.0,-3.2034265038149176e-16,0.0,1.0,-3.2034265038149176e-16,0.0,0.0,1.0,1.0,1.0,1.0,0.0,1.0,-3.2034265038149176e-16,0.0,160.89468664379686,0.9760280465784112,13.052728638055083,15.013845319420712,1.0393664523938426,15.053211771814553,1.02724374883033,0.9878772964364875,0.1908137678793151,160.6135675972837,0.9742140347972654,0.9871027176416398,0.012892982601367332,0.9901583869015392,15.004003706322253,0.9780356833380266,136.05714285714285,0.9718367346938775,15.334897959183671,17.5,1.75,18.25,1.7357266435986158,0.985726643598616,107.44285714285714,0.7674489795918368,0.8961190476190477,17.396119047619045,0.8818456912176634,0.812208772070969,0.8383233532934131,0.3270918367346939,1.145055454866003,96.77245508982035,0.5794757789809603,0.354620101115135,163.04790419161677,12.885725554878267,14.832335329341317,2.1377245508982035,15.970059880239521,2.125758862897043,0.9880343119988397,0.7887558216899535,14.62109115103127,0.7767901336887932
1292,5,214.0154514770343,35.02924355315995,485.96427423479406,13.87310215526923,0.001844800075919375,0.0012092075824590104,0.10653695683639947,9.386414158005493,53.74897871377878,53.282565065605404,38.92958200066167,41.53841657336158,46.8891553502583,42.31870486200192,16.91487232955814,0.90252649137918,0.3607416726363565,5.800000000000001,1.1846153846153846,26827.917784615398,612.5095384615386,15.950769230769232,0.0,1.0,0.0,-3.2034265038149176e-16,0.0,0.9861538461538462,0.03607658412225206,-0.07692307692307655,0.06000920431143518,1.0,1.0,1.0,1.0,0.0,0.9923076923076923,0.03607658412225206,3.987692307692308,390.9156356661636,0.9482941999439984,19.20418814928897,22.082763832282346,1.042523229925111,22.478228238678046,1.015501052383729,0.9735425283409707,0.2910223715358585,401.04224012274085,0.9727584366936171,0.9861980125138019,0.014173915802778889,0.9895786780223256,21.984107216187024,0.9632623828338845,326.52601156069363,0.9437167964181897,21.335368705937384,24.453757225433527,1.9248554913294798,30.789017341040463,1.8873398843930635,0.9711410404624279,254.03468208092485,0.7342042834708811,0.8811255619781632,22.982281631342325,0.854430764290302,0.9527115422050143,0.8277511961722488,0.46536803768919766,1.2958935250441226,232.39234449760767,0.5559625466449943,0.3784025091000664,396.5311004784689,19.04590668711797,21.906698564593302,2.22488038277512,32.088516746411486,2.1842727272727274,0.9737234449760767,0.7685532961190856,19.43601741095162,0.7458595162147794
1537,1,373.2403135526271,72.78783435309151,834.3816595216111,11.463202153728764,0.0017038711038274432,0.001031515412940965,0.10103966722580926,9.897103063147886,81.47394164576579,77.66543806504838,52.09118811144092,68.40818766394365,73.61581426246755,55.417894676496374,23.87789854531957,0.7527987733574625,0.3243582752502886,5.040221216691805,1.2463549522373052,38212.2213905714,789.6260655786326,19.311651994466295,6.7008547008547,0.9185520361990951,0.2393162393162393,0.038712179598126235,5.956315289648623,0.9758130502075139,0.07208664652185767,-0.07809537729781767,0.060503618842040925,0.9914638793619684,0.9958763971071664,0.991747715885647,0.99580146948568,1.090179661608233e-05,0.9869281045751634,0.06353963797484916,6.503126673830248,683.8679258223134,0.9463803335867352,21.018909233999732,24.15881046218381,1.0265948204655386,24.457661116702926,0.9987338617304169,0.9724627699617316,0.2527100197156195,710.0020058231748,0.9824873020517634,0.9912419542049171,0.008756348974118233,0.9933512948836154,24.084097798554026,0.9658949970195603,613.1107692307693,0.9432473372781065,22.247043786982246,25.553846153846155,1.4046153846153846,29.835384615384616,1.3708094758986555,0.9708039879264612,527.8861538461539,0.8121325443786982,0.920267094017094,24.504882478632478,0.8922235561043527,0.7419217500779192,0.8916323731138546,0.14676686390532545,1.017171380475602,488.5665294924554,0.670187283254397,0.23072739965490055,690.0973936899862,20.9188225974285,24.045267489711936,1.737997256515775,31.69684499314129,1.7023743697897045,0.9725977794414841,0.8459838439262307,22.16285627190977,0.8206367899096033
1281,9,329.7422388320485,60.077260905223,749.5544068782709,12.476507676685808,0.001651697245673115,0.0009693109866915438,0.09896638612221091,10.104440903451067,71.09318461469017,69.34786869181274,48.3539608812276,57.27128529384766,70.3651070295663,52.79900635006502,18.55724054873435,0.7503577920783907,0.26372788065165437,20.690828402366865,1.6789940828402368,90205.41937852987,1863.3070008052937,57.984865725989984,0.0,1.0,0.0,-3.2034265038149176e-16,0.0,0.960229858898498,0.09250166831449108,-0.15384615384615316,0.12558361817576144,1.0,1.0,1.0,1.0,0.0,0.9748520710059172,0.09250166831449108,14.496216431497496,620.8861881131676,0.9756459389605917,8.877055248864284,10.653891123339944,1.0369813590209025,11.259562862404733,1.0239423520012805,0.9876863633630868,0.18573512400261877,621.9679572329143,0.9772818092898393,0.9881748686096512,0.012795400076671692,0.9912954025700456,10.50301393089902,0.9791631085288095,538.1309090909091,0.9784198347107438,7.865970247933886,9.541818181818181,1.5781818181818181,18.66181818181818,1.5563914656771798,0.9891048237476808,411.53090909090906,0.7482380165289256,0.888860606060606,7.295224242424243,0.8806892238713667,0.7795810421337181,0.8540372670807453,0.2071537190082645,1.0994309781403007,380.860248447205,0.5913979013155357,0.3060935149106902,628.1987577639752,8.943404961228348,10.726708074534162,2.015527950310559,26.332298136645964,1.9845116618075802,0.9875934845988085,0.7937344720496895,6.872927018633541,0.7859803999239448
2098,1,218.61321032602092,51.92277068048329,490.28592211380294,9.442599377657853,0.002698415282469097,0.0025871393512849395,0.13727979034964163,7.284393408913815,68.01756642362506,66.23958212553457,47.150337557157314,53.980742074799295,65.84365019338199,52.815088308621156,17.78962806580178,0.8021288029066416,0.2701798580964734,1.4153846153846152,1.2076923076923078,3401.2224000000015,145.35138461538463,8.972307692307693,11.215384615384616,0.9145299145299146,0.4153846153846154,0.0555329303759506,8.972307692307693,0.9738461538461538,0.07091754576056596,-0.002634614271068281,0.013677524605875319,0.98463645943098,0.9970124175238719,0.9851648351648351,0.9949343339587242,2.110372480742851e-05,0.9846153846153847,0.0555329303759506,5.046923076923078,412.86857722009694,0.9765810798935614,13.648124912204308,15.561351226946515,1.0300667514162585,15.591417978362774,1.018252643252418,0.9881858918361589,0.18095509934474766,414.4051557493154,0.9801867556890458,0.9900918753377769,0.009906622155477132,0.9924833121459353,15.553834539092453,0.9806692039820942,365.112,0.973632,15.365376000000001,17.416,1.608,18.024,1.5946811536515433,0.9866811536515432,305.7733333333333,0.8153955555555555,0.9215416666666667,17.337541666666667,0.90822282031821,0.6654718596605528,0.8782201405152225,0.3114382222222222,1.014161682103965,279.2014051522248,0.6538674593728918,0.3083437083513868,417.0983606557377,13.514142018000427,15.416861826697891,1.8899297423887589,16.306791569086652,1.8782328632771166,0.9883031208883576,0.8363218839448349,15.253183710642727,0.8246250048331925
2115,9,363.49458404275555,58.662564913002065,840.6422430596499,14.330131052168307,0.0013579047157916658,0.0006551501416763473,0.08685209120589159,11.513827544225732,65.32923303329954,63.445160124271254,49.03209676176058,49.21788726728706,57.0930072076169,50.144144102702604,16.984807711449577,0.8782887179222322,0.2974936606454248,5.044677544677545,1.2253302253302254,41866.46002274148,826.8474846809706,18.923869620839312,5.881118881118881,0.9194139194139195,0.20279720279720279,0.03380746053242376,5.346471710108075,0.9788954031378274,0.06461150053699417,-0.07782386915544336,0.05833113852489335,0.9930152982409515,0.9966219880062499,0.9932400932400932,0.9965627592746237,8.315109385263963e-06,0.9887334887334887,0.05761849354398721,6.201247125489549,679.3588654627067,0.9720090418708907,11.770197893290486,13.763250214295484,1.0476730693337268,14.110723194700794,1.0331585691944298,0.9858186108730048,0.22299723364571283,677.1806374333487,0.9688101168092211,0.9843986998916575,0.015594941595389442,0.9880817326665683,13.676381969194152,0.9739836212926487,566.277397260274,0.9696530775004691,12.760880911052727,14.854452054794521,1.88013698630137,20.352739726027398,1.8596118721461188,0.9846061643835616,427.82191780821915,0.7325717770688684,0.8798382509396454,13.57975263450129,0.86572723495791,0.9022026408919285,0.8225352112676056,0.4020805967348471,1.317059498567269,384.31267605633803,0.541285459234279,0.5227851616742709,690.2816901408451,11.678238444753026,13.661971830985916,2.4985915492957744,22.75774647887324,2.4760813771517998,0.9859311424100156,0.7613630672926446,11.524039123630674,0.749404538341158
1133,13,150.01866684730757,33.45126132204046,346.7281730974931,10.365174866187777,0.002923168598493104,0.0030360573823699486,0.1448004767843752,6.906054608432794,48.49136516870765,47.85363453189827,36.4335833761556,39.33039884811688,44.32054568956871,36.23052298886383,10.628335562098325,0.8174656341695508,0.2398060627804908,46.84102564102564,3.650427350427351,215200.56819235333,4165.6850176216085,160.81120607787273,67.34358974358973,0.6870240870240871,2.405128205128205,0.24486374161498795,44.40991452991454,0.7978478157644825,0.5166970728954638,-0.2598627823856675,0.2907779613791559,0.9142119875877838,0.9585577909270216,0.9170645446507516,0.9578047683310841,0.00010956305599162743,0.8623931623931624,0.43079963699802803,57.038698955365625,271.21817348500025,0.9414859842482353,22.937494174691764,26.34236682811807,1.0519943269932979,29.100986850930845,1.0186423739327302,0.9698663890272081,0.3150933626925623,278.57587128764214,0.9669078768885876,0.9831976896823313,0.017335740038302662,0.9873023692568518,25.65301277342006,0.9579733438060037,224.2136752136752,0.9581780992037402,16.394185112133826,18.94871794871795,1.9273504273504274,62.952991452991455,1.854787239448357,0.9786578859111559,158.34188034188034,0.6766747023157279,0.849500237416904,8.028987416904084,0.8409633917813663,1.0129833858569233,0.7986348122866894,0.35950398129885314,1.3970849188176506,147.32764505119454,0.5028247271371827,0.4439655674498247,275.5529010238908,23.342193851995944,26.802047781569964,2.508532423208191,97.1160409556314,2.3960383583658333,0.9693198004975386,0.7239524080394387,9.324635001896095,0.7137256748719516
1201,19,113.66442851258593,25.386762374243997,253.8244131910113,9.998297910115845,0.0035418673776706363,0.004457248390923443,0.164571873150404,6.076372473965154,50.145473238997276,48.97680019181448,37.016889803568674,38.607771813744314,46.24300857966269,39.94180236949361,11.827994338287127,0.8637371052682695,0.2557790831864038,1.0,1.0,0.0,0.0,0.0,0.0,1.0,0.0,-3.203426503814917e-16,0.0,1.0,-3.203426503814917e-16,0.0,0.0,1.0,1.0,1.0,1.0,0.0,1.0,-3.203426503814917e-16,0.0,213.9280321127232,0.9730797046096741,9.099059841930098,10.934563010413353,1.0302015793676569,10.96476458978101,1.0165739209171585,0.9863723415495016,0.17940919991320123,215.7436516716073,0.9812765422405659,0.9902979902979901,0.010405735794441904,0.9928416697703338,10.927404680183686,0.9792140113198353,190.09183673469389,0.9698563098708871,10.188567263640147,12.142857142857142,1.4795918367346939,12.622448979591837,1.4643067103384566,0.9847148736037625,159.3877551020408,0.8132028321532695,0.920138888888889,12.062996031746032,0.9048537624926515,0.6813140743023656,0.8828828828828829,0.19668887963348602,1.0029953915231316,145.99099099099098,0.6576170765359954,0.28772015258501743,216.0810810810811,9.011687363038714,10.837837837837839,1.8558558558558558,11.693693693693694,1.8423608793979167,0.9865050235420606,0.838744994994995,10.676582832832832,0.8252500185370556
2168,2,525.8273143693,83.37119216793836,1205.9191322387942,14.46445829645397,0.0011232173345309426,0.000448259849209759,0.07653203831038394,13.06642318795159,76.03813722175555,70.82171308937208,57.93822779378987,52.99358530703937,56.8919697622534,55.00581963159417,30.42049027074385,0.9668468126777595,0.5347062230024454,36.17332251082251,3.019742267536385,159563.3178347933,3976.386296039232,130.79502720407748,30.640468355174235,0.6220385083899029,1.3321942763119234,0.2528405408101793,25.9423887713843,0.7983740329848579,0.5812474479991813,-0.39769516794582443,0.4133636083427714,0.9421877955562751,0.9884157019451136,0.9444919051536699,0.9806928365751896,0.00010949242017850935,0.8832243736655502,0.5233259577247501,40.35887388981293,918.4671170873897,0.9075111890109367,30.082008831487293,34.924313109914024,1.0449872059491625,36.681520810690046,0.9936805582822292,0.9516659573588077,0.40710371455651545,983.3576514790491,0.9715318163590712,0.9854692532394578,0.015133579300727895,0.9890912776981222,34.48534926390543,0.9415003863133651,773.0921985815603,0.9138205656992439,29.54148293457181,34.10874704491726,1.842789598108747,66.21631205673759,1.7436652236974672,0.9551547495708582,617.9148936170212,0.7303958553392687,0.8787165911478856,29.59321455542422,0.8415002453726341,1.0794551416146785,0.8237585199610516,0.3691198743635744,1.4457625390679714,560.4099318403116,0.5456766619671972,0.4044925284125117,931.510223953262,30.128188378246925,34.992210321324244,2.302823758519961,86.68451801363194,2.166736126066484,0.9513941104871269,0.7633479389808504,25.89074164232392,0.7301323560964168
1178,14,117.76189163213637,24.192388607038698,268.1955620407218,11.085947997821561,0.0031076094471776117,0.003431271730598683,0.15082906450611852,6.630021894483301,50.02440999658122,47.227570901737,38.44223377660659,39.273401252846725,46.106660502285386,36.63550181018491,10.888439736060198,0.7945815509316487,0.2361576314016602,1.0,1.0,0.0,0.0,0.0,0.0,1.0,0.0,-3.2034265038149176e-16,0.0,1.0,-3.2034265038149176e-16,0.0,0.0,1.0,1.0,1.0,1.0,0.0,1.0,-3.2034265038149176e-16,0.0,225.39341161841685,0.991242455544787,3.682547443417119,4.953907093750235,1.0353813966930774,4.989288490443313,1.0309881665889102,0.9956067698958331,0.12499439099532705,222.3915645567007,0.9779187190215345,0.9886287625418061,0.01204818881841942,0.9915328370456247,4.9454399307958585,0.987139606941458,196.010101010101,0.9899500051015202,4.226022854810734,5.540404040404041,1.5858585858585859,6.126262626262626,1.5808136924803589,0.9949551066217732,152.1010101010101,0.7681869197020712,0.8988061167227833,5.439210157126824,0.8937612233445568,0.6975651805099116,0.8608695652173913,0.23650647893072135,1.0274232486028443,139.6695652173913,0.6072589792060491,0.3125897920604915,228.0086956521739,3.6406238185255195,4.908695652173913,1.991304347826087,5.9,1.9869613526570047,0.9956570048309178,0.8056159420289855,4.714311594202899,0.8012729468599032
1546,3,175.6130507735326,27.946197341253963,395.5975894877903,14.15568582219278,0.00200385978773886,0.0014267139463282176,0.11257595387931688,8.882891643734284,55.93683018300846,51.629081535495374,40.286302464042635,46.83930043653419,50.13630514527314,42.86604845890285,18.84609314562174,0.8549901779697515,0.3758971286578456,1.0,1.0,0.0,0.0,0.0,0.0,1.0,0.0,-3.2034265038149176e-16,0.0,1.0,-3.2034265038149176e-16,0.0,0.0,1.0,1.0,1.0,1.0,0.0,1.0,-3.2034265038149176e-16,0.0,331.09439667144875,0.9766792966070829,11.205597980296647,13.07097436150924,1.0368071299762895,13.107781491485532,1.025019069076378,0.9882119391000886,0.1816875967183415,331.55114684219916,0.9780004611752994,0.9883381924198249,0.013023806686419134,0.9915560862294485,13.062530447738693,0.979768025329537,286.10884353741494,0.9731593317599149,12.896941089360915,14.918367346938776,1.6020408163265305,15.520408163265307,1.5884486607142858,0.9864078443877551,224.9251700680272,0.7650515988708408,0.8971031746031746,14.815470521541949,0.8835110189909298,0.777640625507668,0.8571428571428571,0.24092970521541948,1.0876626581163784,206.65014577259475,0.6024785591037748,0.3278905898052682,335.0932944606414,11.076303240996523,12.93002915451895,2.0262390670553936,13.956268221574344,2.0145886479591835,0.9883495809037901,0.8021541950113379,12.732183349530288,0.790503775915128
2060,5,228.35201020812877,43.5200019454936,516.0069357714267,11.856776486768014,0.0020947425816324303,0.0015590626532410575,0.11595456636414804,8.624067437409604,61.91607073201451,53.814494775004185,41.53841679835833,47.443437254700015,52.23691921019232,44.56390022553706,16.509017560877155,0.8531111883956947,0.31604117950462823,1.5384615384615385,1.2692307692307692,3878.5384615384614,158.30769230769232,11.307692307692308,15.076923076923077,0.9120879120879122,0.5384615384615384,0.0624060095737791,11.307692307692308,0.96875,0.08163677880454831,-0.0036582969583703866,0.017267087218230594,0.9807937285644291,0.9907218934911243,0.9814323607427056,0.99055330634278,2.452904238618524e-05,0.9807692307692307,0.0624060095737791,6.596153846153846,430.2674448607,0.9775383566420186,8.804964196328728,10.542291375719996,1.040253446103242,10.582544821823237,1.028907082992992,0.9886536368897503,0.1901376964098713,428.7786426076845,0.9741228976969452,0.9868920317350809,0.013456959898496747,0.9901322221938007,10.532423597913798,0.9787858590835511,362.13440860215053,0.9734795930165338,10.39599953751879,12.290322580645162,1.6827956989247312,12.973118279569892,1.6693708207075548,0.9865751217828238,267.1505376344086,0.7181466065441091,0.872890531660693,12.163213112305852,0.8594656534435168,0.872302938163134,0.8340807174887892,0.24537518788299223,1.132718132063036,248.73094170403587,0.5576926944036679,0.30089082828932817,436.11210762331837,8.690703613585635,10.417040358744394,2.098654708520179,11.515695067264573,2.087457276464597,0.9888025679444181,0.7676880916791231,10.184728450423517,0.7564906596235412
1239,1,1188.4093379381093,168.58413378545194,2675.0638276698523,15.867826749783369,0.0006874490864547325,0.00016791261472905866,0.05516891483120772,18.126149536556124,120.42433779141314,110.40371503146775,79.20600506219924,113.45906919961976,99.22247320852233,66.21425535085599,54.223279568231774,0.6673312326301576,0.5464818383863311,20.44947132943146,2.0325899169883694,172077.25943765466,3311.66132488944,80.81052634427299,20.260912858509013,0.6607311798336745,0.8077698476736939,0.17831631333986822,18.91436832968185,0.8991340131564372,0.3279757768195571,-0.29444060840214575,0.2732467539570138,0.9678429124798595,0.9939216704679017,0.9690268956972606,0.9895205825088442,5.1223654714778974e-05,0.9452076730336579,0.2957675470151736,25.267859800695497,2114.6197358693043,0.9203228516523073,25.72429167194138,29.926816393706467,1.0307949082081576,30.432434153880404,0.9886065455229246,0.9585140379833555,0.3335161506960357,2252.3280522510545,0.9802406870533418,0.9899579093891889,0.010377074634202989,0.9924881185893754,29.800598799304392,0.951177756739878,1864.69828009828,0.916313651153946,27.081608461264487,31.517444717444718,1.51007371007371,39.65651105651106,1.4551177253100331,0.9563295072910457,1616.8928746928748,0.7945419531660318,0.9118198114626687,29.890566740209596,0.8704254989145099,0.8620885192363783,0.8767772511848341,0.20924098545720166,1.1713722656116161,1487.2843601895734,0.6407946403229529,0.2834023353451366,2136.8595433003015,25.609758678279967,29.79276174062904,1.8737613097802672,43.462731581214996,1.8135312327118744,0.9586992254919706,0.8279276174062904,26.744773804394658,0.7908811558474337
1546,4,215.5483801039569,38.50602000076039,483.6604334933712,12.56064463384739,0.002042409653708817,0.0014821356558404497,0.11401517331226273,8.770762442830463,67.92423616480066,66.5920554813488,44.06466680314577,55.205797619706054,61.80388004116379,49.01988301609236,15.517754700013775,0.7931521934131515,0.25108059056613186,1.3516483516483515,1.1758241758241759,6248.522602761672,220.46198699259926,9.645211930926218,11.252747252747252,0.9171597633136095,0.3516483516483516,0.04551329066017868,9.645211930926218,0.9803767660910517,0.056502301649189644,-0.0016441563518745901,0.009651994062434811,0.9890217099973199,0.994674516207881,0.9893439893439893,0.9945900253592561,1.0731456043956043e-05,0.989010989010989,0.04551329066017868,5.224489795918367,398.3125853711191,0.957657839359688,21.679186247839855,24.54362174832846,1.0367232708475125,24.580345019175972,1.01510378347531,0.9783805126277977,0.24331820858283665,405.9223826332531,0.97588787943138,0.9879408002923443,0.012056060284309934,0.9908191822881218,24.53444093061658,0.9691996949159194,344.4475138121547,0.9515124690943499,24.825615823692804,28.049723756906076,1.6104972375690607,28.66022099447514,1.5856581891237842,0.9751609515547235,282.69060773480663,0.7809132810353774,0.9044759054634744,27.95419966236955,0.8796368570181982,0.8229491420767191,0.8598574821852731,0.2579667897805317,1.1732723987015057,256.43467933491684,0.6091085019831755,0.38625374490101044,403.38479809976246,21.422763356108348,24.258907363420427,2.111638954869359,25.370546318289787,2.090280913213325,0.9786419583439665,0.808442201108472,24.067349564528897,0.7870841594524385
2017,3,641.5065850156562,68.00754831836491,1441.7319353756252,21.199586972705156,0.0007008989423999505,0.00017454726793258012,0.05588617055778512,17.893514442289813,92.44955864303172,86.09056128933176,67.37364041815295,74.89726321182302,71.34442602953149,60.03335695247871,44.23428014938619,0.8414582651156126,0.6200103163080514,70.88409880717573,3.4341128956513574,510967.3458246762,9100.407973060106,231.3017079452695,25.75147928994083,0.854412955465587,0.8047337278106509,0.11192944889086451,22.55034643200324,0.8524639257328043,0.3905624900735244,-0.35608336743565366,0.3413879421295123,0.9748766055707894,0.9878128351680355,0.9756141294602833,0.9876194811106054,2.4558524408284024e-05,0.9113600075138536,0.36541456107944165,64.2632968088026,1173.2312871410313,0.944867450573904,28.227865306161082,31.868470647125864,1.0273662244807844,33.924008553902944,0.9971581048027107,0.9716542969264226,0.25907317377763156,1219.32145797782,0.9819536616158928,0.9909755049419855,0.009023169192053617,0.9931584438798036,31.354586170431595,0.9652783449573504,1058.3123312331234,0.9525763557453856,24.280905858362615,27.44104410441044,1.441044104410441,62.157515751575154,1.3852897686462862,0.9757198860381906,893.990099009901,0.8046715562645373,0.9168666866686669,22.631438143814382,0.8969267679752364,0.7295351381904529,0.8866719872306464,0.16908243479613488,1.0359503198772335,828.2641660015962,0.6610248731058229,0.23864067021271854,1183.0686352753391,28.575306256206172,32.259377494014366,1.7629688747007182,95.54110135674381,1.676854887113902,0.9712953374710611,0.8399895805622062,21.80620399929059,0.8207368584146136
1252,7,128.51248448945526,20.05340893428041,289.28139336149616,14.42554701345478,0.0022994952820093477,0.0018787426382951878,0.12339259487392915,8.104214041545243,61.807544170654545,58.33432956682855,43.52485439560351,47.26097826501762,53.10279717475537,45.455772144319994,17.165467871787897,0.8559958149611239,0.3232497869236203,29.125,2.0416666666666665,32552.083333333332,0.0,52.083333333333336,0.0,1.0,0.0,-3.203426503814917e-16,0.0,0.9583333333333334,0.08333333333333297,-0.08333333333333333,0.07748945791934947,1.0,1.0,1.0,1.0,0.0,0.9583333333333334,0.08333333333333297,13.020833333333334,240.81673979216674,0.9689293059209518,9.70959189970259,11.6553532356209,1.029815324322906,12.310747799980883,1.0131275543885003,0.9842376431425726,0.1928993170116549,243.68140529567395,0.9803904085995936,0.9901930738584125,0.009804795700203262,0.9925461689192734,11.491504594530909,0.9770151653310906,215.0814479638009,0.9732192215556602,8.368993263856188,10.16289592760181,1.497737556561086,19.823529411764707,1.4706283970119682,0.9864454202254411,178.93665158371041,0.8096681067136218,0.9184816490698844,7.790653594771242,0.9083157142389652,0.674916144242848,0.8804780876494024,0.20781720275997623,1.014662909028972,164.39442231075697,0.6549578578117807,0.3015190235075634,243.12749003984064,9.801431723305978,11.756972111553784,1.8764940239043826,28.768924302788843,1.8367123223083996,0.9840873193616068,0.8366257193448428,7.559733289065959,0.826680293945847
1183,9,175.61599476623508,32.9813323504089,401.2502769458987,12.165981431035913,0.002315102595192671,0.0019043322828397851,0.12395029838773548,8.067749840116134,55.49486363605317,53.98073647614681,39.71901101927756,45.50868116878144,51.23808600140867,41.21985140709549,18.27554451450208,0.8044767988789091,0.3566789070536249,1.4769230769230768,1.2384615384615385,5910.534399999998,219.99507692307682,11.827692307692306,14.784615384615385,0.9145299145299146,0.47692307692307695,0.05553293037595059,11.82769230769231,0.9738461538461538,0.07091754576056596,-0.002634614271068281,0.013677524605875319,0.9846313769390692,0.9925518310404959,0.9850961538461539,0.9924297924297925,1.600896502041143e-05,0.9846153846153847,0.05553293037595059,6.653076923076924,315.9263355075188,0.9317209863001676,32.808066082769514,37.206204854141966,1.0353432221788983,37.24154807632087,0.9999856002510253,0.964642378072127,0.30822879062883424,331.5004142716983,0.9775547142207786,0.9885624579502129,0.011896794547214352,0.9914216344717516,37.19762648861372,0.9560640125438785,270.9795918367347,0.9216992919616827,37.6234902124115,42.755102040816325,1.6020408163265305,43.357142857142854,1.561264349489796,0.9592235331632653,226.10204081632654,0.7690545605997501,0.8988747165532881,42.65397675736961,0.8580982497165532,0.9179174018207822,0.8571428571428571,0.2409297052154195,1.1889527562253697,206.83673469387756,0.6030225501279229,0.2964071092826968,319.8396501457726,32.444746661680085,36.79008746355685,1.9795918367346939,37.76967930029154,1.9446405794460642,0.9650487427113703,0.8036929057337221,36.59378036929057,0.7687416484450924
1186,19,65.02400290679935,14.933334000905347,144.5489052513354,9.679613758225189,0.004847966744474289,0.008350673626018336,0.20288059197773084,4.929007699808786,51.23124123247814,50.60276747681909,36.83476673518907,41.876008074568816,51.10285462430493,40.79845447231203,8.392631532227766,0.7983595979569399,0.16423019015137683,5.0,3.0,0.0,0.0,0.0,144.0,0.7777777777777778,4.0,-3.203426503814917e-16,0.0,0.9444444444444444,0.11111111111111074,-0.1111111111111111,0.1033192772257993,0.8889745566692366,0.9459662288930581,0.891891891891892,0.9452054794520548,8.573388203017832e-05,0.9444444444444444,-3.203426503814917e-16,36.0,122.06349577022476,0.9687561085327329,20.246041670789094,22.715553416865074,1.0239860569537989,22.73953947381887,1.0081237096807052,0.9841376527269063,0.17791575211720867,124.03081948875499,0.9842562615820516,0.9921259842519685,0.00787186920897421,0.9940034857615502,22.70955690262662,0.9781411384884569,110.0701754385965,0.9655278547245306,22.33795013850416,25.0,1.3771929824561404,25.37719298245614,1.3596619378980686,0.9824689554419285,93.80701754385964,0.8228685749461373,0.9251949317738792,24.925194931773877,0.9076638872158076,0.6486033056479676,0.8976377952755905,0.13611880578639582,0.8895755893867172,87.37795275590551,0.688015376030752,0.19430838861677724,123.06299212598425,20.088040176080355,22.543307086614174,1.6456692913385826,23.188976377952756,1.629932763152597,0.9842634718140145,0.8560804899387577,22.39938757655293,0.8403439617527722
2060,23,64.00000286102264,10.410667132059137,145.65741773378068,13.991170391495453,0.0033412172491030768,0.003966538516012826,0.15829622518855826,6.31727003476442,48.22613313944494,47.227110179568356,35.3451558032685,37.111721095657764,40.737283757684914,39.99635746348733,8.725432838367153,0.9818120840209967,0.21418788965577845,1.0,1.0,0.0,0.0,0.0,0.0,1.0,0.0,-3.203426503814917e-16,0.0,1.0,-3.203426503814917e-16,0.0,0.0,1.0,1.0,1.0,1.0,0.0,1.0,-3.203426503814917e-16,0.0,117.60734851785352,0.952577918047618,9.484416390476376,11.692737463101832,1.0377095065630209,11.730446969664856,1.0134629363519057,0.9757534297888848,0.25352874455779184,120.45015118794404,0.9753972240726542,0.9876923076923076,0.012301387963672797,0.9905726233592449,11.683310086461079,0.9663260531481297,99.17142857142858,0.9444897959183673,11.102040816326529,13.571428571428571,1.7047619047619047,14.276190476190477,1.676255264010366,0.9714933592484613,77.32380952380953,0.7364172335600907,0.8823915343915345,13.453820105820105,0.8538848936399956,0.8978967051389748,0.84,0.2875283446712018,1.1624750334097347,71.688,0.573504,0.28159999999999996,119.144,9.3696,11.56,2.024,12.584,2.0000544217687075,0.9760544217687075,0.7795555555555556,11.339555555555554,0.755609977324263
1292,3,255.9993438720506,36.47990650175762,578.6460987495352,15.86204994033238,0.0014786290557986814,0.0007768205721452582,0.09192639718607071,10.878268164647777,64.9183417844049,61.47514660852871,45.71202486853347,52.3923666368125,57.36685801056192,48.92801904736882,20.15937534043423,0.8528969642778865,0.3514115299241707,1.0,1.0,0.0,0.0,0.0,0.0,1.0,0.0,-3.2034265038149176e-16,0.0,1.0,-3.2034265038149176e-16,0.0,0.0,1.0,1.0,1.0,1.0,0.0,1.0,-3.2034265038149176e-16,0.0,482.14575230703065,0.9760030074455286,17.3258286243285,19.461958890559146,1.0371324293800748,19.49909131993922,1.0249943893468343,0.9878619599667592,0.1874513480269415,482.46239679420626,0.9766027215724394,0.988,0.012623341474741753,0.9910646887141652,19.45302357927331,0.9789266486809243,412.1698113207547,0.9720986116055536,20.144802420790317,22.50943396226415,1.6367924528301887,23.14622641509434,1.622650813144282,0.9858583603140932,318.29716981132077,0.7507008721965112,0.8896914308176102,22.39912539308176,0.8755497911317034,0.8152883293147549,0.848,0.24617301530793878,1.1032702976429936,293.724,0.587448,0.30665600000000004,488.144,17.120063999999996,19.24,2.028,20.268,2.0160078895463514,0.9880078895463511,0.7909861111111111,19.03098611111111,0.7789940006574622
1126,8,240.64002868652412,45.65333877563012,555.6822699767838,12.171777243013135,0.001966336305631753,0.0013737820641514518,0.11116616252573425,8.995543043671283,60.994428838155116,58.268347831892356,44.83570383077828,48.166379032904146,60.299782605704415,44.73947489474829,20.359673611864608,0.7419508489325117,0.3376409123229337,1.0,1.0,0.0,0.0,0.0,0.0,1.0,0.0,-3.2034265038149176e-16,0.0,1.0,-3.2034265038149176e-16,0.0,0.0,1.0,1.0,1.0,1.0,0.0,1.0,-3.2034265038149176e-16,0.0,445.78548635558195,0.9658651784175637,21.109826881797694,23.622272725764226,1.056980653030737,23.67925337879496,1.039661944241397,0.98268129121066,0.2619666042362182,445.7458458761802,0.9655929493141172,0.9819967266775779,0.019664890601311026,0.9866846725401728,23.608957398304394,0.9693659637508328,357.30563002680964,0.9579239410906425,26.017580806302067,28.989276139410187,2.155495978552279,30.144772117962468,2.1340685062306846,0.9785725276784056,262.8659517426274,0.704734455074068,0.8646153331752718,28.85389147258546,0.8431878608536775,1.0113292033476213,0.7936170212765957,0.5677608550338175,1.4379069633754342,236.35744680851064,0.5028881846989588,0.6149388863739249,454.2425531914894,20.733816206428248,23.21276595744681,2.7702127659574467,24.982978723404255,2.7532075592000966,0.9829947932426496,0.729846926713948,22.94261288416076,0.7128417199565976
2207,5,107.52040534974346,13.269383358638693,246.94870725476736,18.610413203112238,0.0019291485433079118,0.0013223109211814381,0.10976010865547664,9.110778152915973,60.13860288255736,59.5289136008004,39.403699003443094,44.82856299158772,55.91931534941529,43.9796672931219,11.577015435002705,0.786484366239326,0.20703070777356644,86.25,3.5833333333333335,0.0,0.0,0.0,0.0,1.0,0.0,-3.203426503814917e-16,0.0,1.0,-3.203426503814917e-16,0.0,0.0,1.0,1.0,1.0,1.0,0.0,1.0,-3.203426503814917e-16,0.0,201.39091185395802,0.9721713780229136,13.371652859989949,15.43994478405532,1.0422494951611456,16.611748935086908,1.0270449058643434,0.9858984914218207,0.20281059911939361,201.7267291731952,0.9736229409315011,0.9864468864468865,0.014292454358600184,0.9898525295372382,15.147408649624946,0.9760267911387152,173.045197740113,0.977656484407418,10.73605924223563,12.559322033898304,1.6723163841807909,30.570621468926554,1.6440953831214689,0.9887115995762712,132.68361581920905,0.7496249481311246,0.8888104205900816,8.113386691776522,0.8817551703252512,0.8119119587606874,0.8428571428571429,0.2646749018481279,1.2071217205068412,119.94285714285714,0.571156462585034,0.39963718820861677,204.0857142857143,13.532448979591836,15.614285714285714,2.2285714285714286,46.07142857142857,2.185756138392857,0.9857282366071428,0.7831349206349206,8.090277777777777,0.7759990389384921
1265,7,172.5435577697621,11.263971130373974,394.99615691824835,35.06722028549216,0.0008095194484998332,0.00023283958696395594,0.06152037018514144,16.25477865283591,59.62005308532681,58.29023723250427,46.95518311128868,46.296436837807576,57.31353008187324,47.8671262155818,17.215504736131592,0.8351802121977636,0.30037418235343355,3.021978021978022,2.010989010989011,1667.5880562586103,81.85916124691636,4.982731554160125,46.505494505494504,0.7633136094674556,2.021978021978022,0.04551329066017869,4.982731554160125,0.9419152276295133,0.13342537857226655,-0.0785672332749515,0.08118072444952663,0.912253783951897,0.9579135796330367,0.9157509157509156,0.9569791910217442,0.00016618542138390908,0.9505494505494506,0.04551329066017869,12.872056514913659,313.0631596078132,0.94164777039185,15.434164731355692,18.296607955399537,1.0421358846889037,18.33874384008844,1.0121070514330017,0.969971166744098,0.2938795885660054,323.84506295913224,0.9739416055623327,0.9865327550787492,0.01440172588939917,0.9899888011999735,18.286596756599508,0.9599599679440716,261.711743772242,0.931358518762427,18.15567178733805,21.462633451957295,1.790035587188612,22.252669039145907,1.754510181890075,0.9644745947014629,212.80071174377224,0.757297906561467,0.8916014234875445,21.35423487544484,0.8560760181890075,0.9467935614924569,0.8338278931750742,0.35174326566279557,1.2801424231554042,191.80118694362017,0.5691429879632646,0.38184715899585275,317.593471810089,15.231533252912325,18.062314540059347,2.2047477744807122,19.26706231454006,2.175125700626442,0.9703779261457303,0.7814457632706892,17.843760303330036,0.7518236894164194
1327,2,95.74568778258711,16.341621399613352,220.78863241005226,13.510815543387647,0.002810315923415215,0.0028061606763507374,0.1410492706496593,7.089721169021978,53.307068270530046,52.6851356248756,40.20019702662428,41.182524245952266,53.3508926964076,44.41020969085502,11.302591184338567,0.832417368226069,0.21185383436141886,1.0,1.0,0.0,0.0,0.0,0.0,1.0,0.0,-3.203426503814917e-16,0.0,1.0,-3.203426503814917e-16,0.0,0.0,1.0,1.0,1.0,1.0,0.0,1.0,-3.203426503814917e-16,0.0,180.42800642919659,0.9785398445956353,6.706298563863964,8.32223877308245,1.0427970012587078,8.36503577434116,1.0319652870973433,0.9891682858386356,0.1895641033721618,179.25843641332915,0.9720421588015926,0.9860139860139862,0.013978920599203689,0.9893007496853232,8.311539522767772,0.9784690355239587,152.05128205128204,0.9746877054569362,7.9100920447074285,9.653846153846153,1.7371794871794872,10.39102564102564,1.7243779396146262,0.9871984524351388,116.73076923076923,0.7482741617357002,0.887375356125356,9.54122150997151,0.8745738085604949,0.849036685760449,0.8342245989304813,0.30025476660092043,1.204132820172246,105.06417112299465,0.5618404872887415,0.40252795333009234,183.0427807486631,6.613000085790272,8.219251336898395,2.2620320855614975,9.481283422459892,2.2513527196785117,0.9893206341170142,0.7767751039809864,7.9960264408793815,0.7660957380980007
1257,11,144.89562863158062,21.375945213313248,327.31533543814385,15.312321030570715,0.002036577123959378,0.0014736826434354345,0.11379800701956613,8.787500117010508,59.80762841128163,57.7995883129268,40.50866208929772,48.858981478783456,59.69230503352981,41.0096392726961,16.767969331700286,0.6870171833649337,0.28090671523375643,1.0,1.0,0.0,0.0,0.0,0.0,1.0,0.0,-3.2034265038149176e-16,0.0,1.0,-3.2034265038149176e-16,0.0,0.0,1.0,1.0,1.0,1.0,0.0,1.0,-3.2034265038149176e-16,0.0,275.9516569013015,0.9858121152727205,9.711607095822774,11.310227144502619,1.0335996396287035,11.343826784131323,1.0264595931297404,0.9928599535010372,0.14536644958266978,274.0014030722198,0.9787968208227842,0.9891274802935579,0.011419878442611005,0.9919053403980744,11.302132484900694,0.9847652938991114,242.03252032520325,0.9838720338422896,11.039592834952744,12.731707317073171,1.5406504065040652,13.272357723577235,1.5325259554534605,0.9918755489493953,195.09756097560975,0.7930795161610152,0.9102868112014453,12.641994128274616,0.9021623601508406,0.6949372418428968,0.8692579505300353,0.21721528190891665,1.0297030710451094,177.92579505300353,0.6287130567243941,0.3229157562212039,279.02826855123675,9.606537726778958,11.197879858657243,1.9681978798586572,12.1660777385159,1.961135636189227,0.9929377563305698,0.8210149195131528,11.018894778170397,0.8139526758437226
2207,3,130.56049221040277,18.9014045912454,293.65378055134914,15.536082471212818,0.002119169757191804,0.0015956356878278075,0.11685426830498119,8.557667721559577,57.4053227894255,56.74936286753355,41.1826717577006,43.46584931075122,54.389518682801,46.9142284599794,12.26165931394107,0.8625600960652474,0.22544158527033337,1.0,1.0,0.0,0.0,0.0,0.0,1.0,0.0,-3.203426503814917e-16,0.0,1.0,-3.203426503814917e-16,0.0,0.0,1.0,1.0,1.0,1.0,0.0,1.0,-3.203426503814917e-16,0.0,241.47482974871383,0.9608705350710447,12.506225031306835,14.689352312240466,1.044289104320918,14.733641416561385,1.024430252133798,0.98014114781288,0.2618041841233063,244.0676092730175,0.971054251714112,0.9855203619909503,0.014472874142943995,0.9889277239197706,14.67828003616024,0.9690688717326507,201.1990521327014,0.9535500101075897,14.84243390759417,17.303317535545023,1.872037914691943,18.175355450236967,1.848387038762001,0.9763491240700578,153.739336492891,0.7286224478336066,0.8782994339125855,17.18161696945761,0.8546485579826433,0.9240267412474494,0.8274509803921568,0.4114912063969812,1.2908059763484643,139.86274509803923,0.548481353325644,0.4151326412918108,245.16470588235293,12.327566320645907,14.490196078431373,2.3098039215686272,15.8,2.2902339810932633,0.9804300595246361,0.7645969498910675,14.25479302832244,0.7450270094157037
1239,9,318.47936587570183,38.40185279852147,720.1273209503164,18.752410846646505,0.0011211489390185298,0.00044661043562599064,0.07643805403635594,13.082488985451851,65.76235778820191,63.44898302664958,50.806697923821204,51.95074667829994,58.037307628964896,50.781830124303994,25.23433008635204,0.8749859736594693,0.43479498131919275,4.781440781440781,1.347985347985348,9687.42768148599,319.7254657662821,15.742194313622882,7.052503052503051,0.8863905325443787,0.37118437118437114,0.0842254702583053,6.142954047715952,0.9514119037928561,0.14092828932933987,-0.02560865555285584,0.05404351008112323,0.9805179473687761,0.9964036190451284,0.9814407814407815,0.9937087394714512,5.411639760670232e-05,0.9719169719169719,0.12139226979332039,5.6986743415314844,582.0264298685684,0.9462647961301424,15.20584153018973,17.831373885499275,1.0346192124572766,18.01595551339128,1.006789515599593,0.9725452091809029,0.28605505167327816,601.8698560957134,0.9784682124963565,0.9888696512490723,0.011881593922395009,0.9917642039272044,17.785647485567797,0.964403139617754,503.811214953271,0.9417032055201328,16.838026028474104,19.661682242990654,1.5401869158878505,22.439252336448597,1.504751168224299,0.970157710280374,404.6485981308411,0.756352519870731,0.8930555555555556,18.995392004153686,0.8646116303219107,0.8899286919957601,0.860128617363344,0.18850904009083763,1.1599678732419203,375.016077170418,0.6029197382161061,0.26995171679366425,588.7942122186495,15.082259798802742,17.692926045016076,1.932475884244373,22.474276527331188,1.8955817926045018,0.9727280948553055,0.8017707216863166,16.53247811718471,0.7769043631654162
1453,2,1474.5562207030114,46.57054730593946,3307.102918360593,71.01275612319925,0.00013815443774313854,6.7815961810902175e-06,0.01892825777876643,52.831064099401274,125.28617612528704,112.52441522556965,85.43524998169505,114.01894749312385,104.24158743886291,67.11930733195392,62.7316165143445,0.6438822448988415,0.6017906869572207,10.132621563551355,1.6139443099594901,53080.56393333264,1339.7221884504168,40.26692594261113,12.4319723708718,0.6542147216795909,0.5405205378639913,0.13823348636313962,11.856105321226222,0.9277777798148059,0.24627864344980402,-0.12161686454015531,0.16167020003514576,0.9765434483568457,0.9952998214098785,0.9774783109223336,0.9921663690164638,4.4425128451055425e-05,0.961556322656892,0.22277775049919588,13.174724578370732,2659.7282734551036,0.9318040490574361,22.078814689069457,25.58473096626724,1.0273207445205053,25.84453642310348,0.9917251552957538,0.9648080300674635,0.307088219244438,2804.696254310355,0.9825795726967711,0.9911057692307692,0.009271350143049351,0.9933798373919254,25.519989625580234,0.9582887722824426,2377.642216152946,0.9276793664272126,23.61861046992306,27.344127975029263,1.446742099102614,31.15606710885681,1.4035047210935547,0.9626049779540049,2105.5540382364416,0.8215193282233483,0.9242517957891961,26.427080512137227,0.888317362733967,0.7945769682521817,0.8899305555555556,0.18407820161733143,1.0858348115526046,1941.3777777777777,0.6740895061728395,0.2583289930555555,2684.567361111111,21.954373914930557,25.442708333333332,1.7743055555555556,32.20659722222222,1.7288949036059038,0.9649879302262744,0.848260898919753,23.79357339891975,0.8158484746900088
1177,11,117.75331085234946,31.187561678647963,274.68666961547467,8.80757118641738,0.0038650054415780197,0.005307652308738753,0.17443521111284976,5.732787512453872,42.31531266230275,41.28960964454487,35.234349029402885,36.008888327016095,39.47970831443574,36.19347983499715,8.837115643134299,0.9167615815885605,0.2238394360148555,1.0,1.0,0.0,0.0,0.0,0.0,1.0,0.0,-3.203426503814917e-16,0.0,1.0,-3.203426503814917e-16,0.0,0.0,1.0,1.0,1.0,1.0,0.0,1.0,-3.203426503814917e-16,0.0,226.07692307692307,1.0,0.0,1.0,1.053041716767436,1.053041716767436,1.053041716767436,1.0,0.1211855638672123,218.5584763430866,0.9665551199658098,0.9829431438127091,0.017729847424502534,0.9871194378546748,0.9871194378546748,0.9871194378546748,181.0,1.0,0.0,1.0,1.9337016574585635,1.9337016574585635,1.9337016574585635,1.0,116.73480662983425,0.6449436830377583,0.8312231430325353,0.8312231430325353,0.8312231430325353,0.944758545437235,0.7869565217391304,0.318976832209029,1.2017221860095324,112.33043478260869,0.4883931947069943,0.3685444234404537,230.0,0.0,1.0,2.4521739130434783,2.4521739130434783,2.4521739130434783,1.0,0.7045893719806763,0.7045893719806763,0.7045893719806763
1296,9,215.55828904789516,24.747388687207195,493.4378762071102,19.938987601636764,0.0012738131235922215,0.0005765190788165966,0.08322833910886294,12.015138241458796,55.5936424340788,52.612534482352274,41.79306912129204,41.53841679835833,49.28007119770392,46.775463535060986,13.711681254191499,0.9491760543000266,0.27823988320110954,16.333333333333332,1.7023809523809523,87749.35116058894,1958.441016088975,55.44160997732426,8.666666666666666,0.9160839160839161,0.3333333333333333,0.05000172474218074,7.222222222222223,0.9418988749345893,0.15014817769976457,-0.1558806124541874,0.13801498792114925,0.9871984244214673,0.9938315539739027,0.9876543209876544,0.9937106918238994,1.8965255651646187e-05,0.9665750915750917,0.13732766487925177,16.027069160997733,393.3375151962413,0.9490324602738748,17.2270284274304,20.0512836945519,1.0474358295725934,20.911296286590716,1.0201877356672187,0.9738665518593252,0.2892776145865579,401.6213484744002,0.9689497982768566,0.984469212497716,0.015525100861571653,0.9881410426068519,19.83628054654219,0.9622862559073521,326.47093023255815,0.9490434018388318,17.22333017847485,20.046511627906977,1.9098837209302326,33.65406976744186,1.8663388841037418,0.9738730979041057,252.01162790697674,0.7325919415900487,0.8792736348415335,16.75136665809735,0.8575012164282882,0.9798780760859961,0.8171021377672208,0.41210620605732834,1.377535007188997,225.88836104513064,0.5365519264729944,0.4735247487883729,399.5748218527316,17.201211909208368,20.021377672209027,2.4441805225653206,42.21615201900237,2.38962363436719,0.9739075752095898,0.758227104776986,14.591956320929006,0.7392507958385058
1353,6,54.78400653076158,9.472001129149826,119.71936133360147,12.639289174614685,0.004079624749213241,0.005913473864588686,0.18083433520135805,5.529923279705181,49.24388369074772,46.10249595050055,34.40000307559967,35.34515319143462,43.77438879073019,40.26397640428062,9.532395602995273,0.9198067069940917,0.2177619349196689,1.0,1.0,0.0,0.0,0.0,0.0,1.0,0.0,-3.203426503814917e-16,0.0,1.0,-3.203426503814917e-16,0.0,0.0,1.0,1.0,1.0,1.0,0.0,1.0,-3.203426503814917e-16,0.0,102.61355550345145,0.9631579406060461,46.05257424244251,49.81107724345248,1.0131453452208168,49.8242225886733,0.9943790717708156,0.981233726549999,0.16715563309366446,105.63000898472599,0.9913754554226506,0.99568655643422,0.004312272288674669,0.9967136636947959,49.80779090714728,0.9779473902447949,97.07920792079207,0.9611802764434859,48.52465444564258,52.48514851485149,1.1782178217821782,52.663366336633665,1.1584234548022276,0.9802056330200495,89.7128712871287,0.8882462503676111,0.9554455445544554,52.44059405940594,0.9356511775745049,0.46364173584710205,0.9439252336448598,0.05587687481619449,0.6371555897497367,85.69158878504673,0.8008559699537078,0.09957201502314611,103.07476635514018,45.8555332343436,49.598130841121495,1.3364485981308412,49.93457943925234,1.3177641956544393,0.9813155975235981,0.9158878504672897,49.51401869158879,0.8972034479908878
2086,24,109.56636404414061,28.202245573667557,252.1167663169453,8.939598999604017,0.003974716533399468,0.005613252375330468,0.17772077138681244,5.626804296406537,48.53666498233199,47.03669748535024,38.615511142022996,38.40833300163373,43.12288914512707,40.710193532091395,11.54413019895248,0.9440506964893768,0.2677030789866959,14.037362637362637,2.5956043956043953,4689.34767805722,-30.810251625925083,19.100533751962324,31.367032967032966,0.636817882971729,1.9604395604395604,0.16345223060990902,9.254379905808479,0.8652806122448979,0.33895830894821743,-0.09400589245342943,0.1349915408478576,0.8779492880660195,0.9424458110696643,0.8846800258564966,0.9405927405927407,0.00047862293956043954,0.8967032967032966,0.21643083642074495,12.616891679748822,174.81740757730324,0.8294130907747012,21.835124380838245,28.120478559499738,1.0469409711648114,28.797386719873444,0.9509186675360619,0.9061575136349489,0.5556271941271583,204.5858007750687,0.9705209318495677,0.9849029475197703,0.015822736586990106,0.9886717576157975,27.95165851981331,0.8953742255666712,142.70285714285714,0.8154448979591836,23.62305306122449,30.622857142857143,1.84,41.33714285714286,1.7033316856154228,0.8974987642115669,125.98285714285714,0.7199020408163266,0.8729666666666666,28.027252380952383,0.7790072005272698,1.2915148933655005,0.8177570093457944,0.34462040816326533,1.5977306212383975,114.53271028037383,0.5351995807494104,0.42536466066905404,177.73831775700936,21.68923050048039,27.91588785046729,2.364485981308411,45.429906542056074,2.215470685250461,0.906865439963781,0.7551194184839044,23.6336240913811,0.6759550424531183
1156,2,898.0954122750995,169.39560940382688,2063.7575867512437,12.183064212906457,0.0010193872304289093,0.00036921609455599564,0.07173980767496724,13.939262348328517,102.75733947108233,100.53790742446171,62.979527362011794,86.81751052051855,99.50148532223686,64.41526151474443,37.18262442476615,0.6473798989646714,0.3736891394570617,4.417779656241195,1.2130107072414764,48758.06443349078,888.4474335418133,18.915300081950548,8.075190194420964,0.8166888418419176,0.24470273316427166,0.04701695329489893,7.803055183991363,0.980442332119213,0.07138419281657618,-0.03220951484354602,0.04009602610020442,0.9925915686289717,0.9964030333209706,0.9928028607892863,0.9963477204005332,6.809214268421728e-06,0.989837512914436,0.06396895847826499,6.7476225690928775,1673.7024152686486,0.9703916557971118,16.121743418472548,18.359770339053366,1.0516810176608407,18.56578746646433,1.0365304065459588,0.9849828976305768,0.23569665900071804,1668.6459501294853,0.9674406920522058,0.9833347951934042,0.017464468465309697,0.987526778177281,18.30871308979312,0.9725430529942222,1371.8796622097116,0.9654325560940967,18.82197320676432,21.320197044334975,2.0492610837438425,24.807881773399014,2.0295736956040025,0.9824219748751427,1049.4320900774103,0.7385166010396976,0.881999003559252,20.59259013656418,0.8649483191881404,0.9399068853672503,0.8101482326111744,0.5256608795086867,1.372644586434521,929.9954389965792,0.5302140473184602,0.5853452411754075,1702.7708095781072,15.903246399498657,18.120866590649943,2.6396807297605474,23.7115165336374,2.6214524980962937,0.9851895617727942,0.7544229063727353,16.88754719371595,0.7404669165047914
1327,8,133.12234664958635,15.360270767262596,311.4375161666519,20.27552254029401,0.0015767670813561644,0.0008833591971693497,0.0959501765903447,10.422075659844364,52.34384245636925,51.112795074457246,37.01739137546603,40.19950607859916,44.60103933862417,36.501409915079165,10.319903019601062,0.8183981910813727,0.23138256804397164,1.0,1.0,0.0,0.0,0.0,0.0,1.0,0.0,-3.2034265038149176e-16,0.0,1.0,-3.2034265038149176e-16,0.0,0.0,1.0,1.0,1.0,1.0,0.0,1.0,-3.2034265038149176e-16,0.0,251.26211710131687,0.984448915493042,8.988526845021692,10.592448387580333,1.0576263901651508,10.650074777745484,1.0497958200528403,0.9921694298876894,0.19476077884744375,246.22422549500146,0.9644880542662632,0.9816568047337279,0.019537410146360908,0.9862650756639659,10.578713463244299,0.9784345055516555,198.03960396039605,0.9803940790118616,11.332222331144008,13.118811881188119,2.01980198019802,14.138613861386139,2.009909072539907,0.9901070923418872,129.16831683168317,0.6394471130281345,0.8279015401540154,12.946713421342135,0.8180086324959026,1.0555281803191974,0.7769230769230769,0.3631016567003235,1.3358710504364815,122.79230769230769,0.47227810650887575,0.4263905325443787,256.03076923076924,8.823905325443786,10.415384615384616,2.6076923076923078,12.023076923076923,2.600006279434851,0.9923139717425432,0.6943643162393163,10.109748931623932,0.6866782879818594
2115,1,838.0854001098463,198.47145598202596,1971.268504469091,9.932251943814096,0.0012793943976719068,0.0005815822395107759,0.08347127459259426,11.980169284353087,91.34161459470121,90.11427362363898,59.74544084983459,79.20404646668034,92.76533576794239,65.01977546627278,36.22764010036299,0.7009059464725416,0.3905299301776736,14.196603396603393,1.5416155273298129,90717.98690338605,2013.224226251209,48.44483736777402,3.4678178963893247,0.9605228197985858,0.07378335949764521,0.011055859226105929,3.3970461025854606,0.9576815419245184,0.12743883466749242,-0.3655065412682189,0.2537046381936934,0.9984308516305931,0.9992315936413939,0.9984628466771325,0.9992233330579195,7.106648767387305e-07,0.9773999809714096,0.12586897595477659,12.978163816040837,1552.9955397383674,0.9699654530436675,10.658064847669436,12.602334222224092,1.070128843421504,13.39019275315522,1.0537712518437492,0.984790775922261,0.27199786885498173,1534.7544649155136,0.958460245607282,0.9780555425027019,0.024539977682255427,0.9838934042553084,12.406795204601998,0.9689712720525733,1202.4190938511326,0.9728309820802045,10.429805406311203,12.299352750809062,3.034789644012945,35.538025889967635,2.987129504899317,0.9862660744786048,876.6812297734627,0.7092890208523162,0.86571043802349,10.828461247084979,0.8541150756088908,1.0452966955911123,0.7550397067806964,1.2806651323299922,1.5987668676570408,754.313378130727,0.46079009048914293,0.8192430019154637,1587.707391569945,10.635963771504187,12.58094074526573,3.28588882101405,36.975565058032984,3.2352660159166495,0.9847511716894048,0.7010986339149792,8.872550476716853,0.6913049878483261
1252,10,102.40038604737471,26.837434509917696,232.42601878738256,8.660515545980752,0.004273059561381646,0.006487541350330968,0.18650624555634285,5.361750739322581,54.94445817687675,53.48059937575989,44.06557025865064,39.069170012815285,52.484288417810035,44.78633977382828,14.319238745637692,0.8533285126645723,0.27282905374741817,69.175,3.19375,294329.5675048828,3575.232421875,162.8859375,9.1125,0.9816091954022989,0.3375,0.05435644431995927,7.9734375,0.90859375,0.2186278124459128,-0.18302131279578038,0.18322809878245802,0.9875171232876714,0.997572589238146,0.9879464285714284,0.9958841463414634,1.7146776406035663e-05,0.925,0.20612781244591286,42.999609375,175.4581264956171,0.8861610845862458,72.65106689904734,81.79961255033332,1.0305559232846047,83.67898545974063,0.9684356732898003,0.9402379349364746,0.4490815412761738,194.074123104614,0.980009355532803,0.99,0.009995322233598428,0.9923610191788489,81.32976932298152,0.9331885003481433,155.90285714285713,0.8908734693877551,75.12568163265307,84.16,1.4857142857142858,120.44,1.3829721393634193,0.9429138303255187,138.71428571428572,0.7926530612244898,0.9103174603174602,80.0931746031746,0.8583041769403551,0.9564545001917514,0.875,0.17959183673469387,1.275825573978607,127.59,0.63795,0.2624,177.17,72.44437500000001,81.595,1.85,137.255,1.7201516423511556,0.9400623566368697,0.8263888888888888,72.06888888888889,0.7783804547094318
1239,113,49.15437158210189,9.30178212230758,111.99875064590724,12.040569126781767,0.004427631404881306,0.006965385613347536,0.190977287883033,5.236224742140361,44.25492950069055,41.922952001128465,34.73491222170606,32.24903147374221,38.73771590500408,36.02109654525587,8.016502042058871,0.929871462571254,0.20694307485029884,1.0,1.0,0.0,0.0,0.0,0.0,1.0,0.0,-3.2034265038149176e-16,0.0,1.0,-3.2034265038149176e-16,0.0,0.0,1.0,1.0,1.0,1.0,0.0,1.0,-3.2034265038149176e-16,0.0,85.2762801553902,0.8992086283628122,13.061252241172868,16.344943478398292,1.039122686606702,16.384066165005,0.9866217548818517,0.9474990682751496,0.4151763827820718,92.71839094992113,0.9774268470937552,0.9878472222222222,0.013917857575802349,0.9912043559290967,16.33614783432739,0.9387034242042462,73.50602409638554,0.8856147481492234,14.814051386267966,18.53012048192771,1.5662650602409638,19.096385542168676,1.5062878006410376,0.9400227404000739,65.0,0.7831325301204819,0.9057061579651942,18.435826639892905,0.8457288983652681,1.0021783083948377,0.8645833333333334,0.22848018580345478,1.2994105896522514,59.375,0.6184895833333334,0.33159722222222215,86.4375,12.908745659722221,16.15625,2.0,17.15625,1.9481446609708974,0.9481446609708972,0.8140190972222222,15.970269097222221,0.7621637581931194
1252,1,1072.64404384625,140.80053081515032,2481.8132954655607,17.626448430963688,0.0006425037925036096,0.0001466741692852166,0.052737298504179776,18.96191174678285,104.70233931482343,100.29089522396106,68.35221180416288,91.70736203078074,104.88540380045866,63.63486288136575,45.633837486422976,0.6067084701550005,0.4350828221364337,16.969032572562476,1.785642162988511,174328.40956478057,3263.4521884042365,70.04823912686534,16.333643490537305,0.5786047100679077,0.5567884858997864,0.12423188596467413,15.73856389346324,0.9277313100298326,0.24901580614312482,-0.35310189173650613,0.2795277537458646,0.979986766552813,0.9957052182055269,0.9806759979765578,0.9931759315054448,2.812292250226368e-05,0.9622380579878023,0.22622723800412234,21.59547065435066,1921.0267828827223,0.9321890575172117,25.768899332651753,29.572003351539788,1.0509100008849712,30.359053807012682,1.0148590743225083,0.9649588682997976,0.3480607293834334,1995.4595605783466,0.9682482446917301,0.9836607306774371,0.017309464541909767,0.9878149595487276,29.37578319744154,0.9530262765640902,1586.5766081871345,0.9278225778872131,27.820702438357102,31.89590643274854,2.019298245614035,45.26140350877193,1.9649851022139482,0.9626226574646721,1261.8865497076024,0.7379453507062002,0.8823459586507263,29.164737121743652,0.848553685072402,1.038608464554147,0.8162291169451074,0.5183150371054341,1.473559839978441,1123.203341288783,0.5361352464385598,0.5861142281030526,1953.8868735083531,25.569565905867474,29.345584725536995,2.6162291169451075,50.421479713603816,2.554736948688258,0.9652014749134137,0.7583137721277852,24.625086511454224,0.7296590220565768
1497,6,221.1834331054517,27.093263893121915,504.66000641829424,18.62677041825185,0.0013483047280618433,0.0006459194482046532,0.08644226149856984,11.568415525738468,61.57396893901266,59.70589530811791,39.85563991643598,53.19248146424346,61.54134821803877,44.03886398264715,13.433223746189274,0.7155979720596801,0.2182796466953543,1.371794871794872,1.185897435897436,4407.912215099714,173.71082621082616,8.985042735042734,10.782051282051281,0.9160839160839161,0.37179487179487175,0.050001724742180745,8.985042735042736,0.9775641025641026,0.06282223756269353,-0.0020344586080339334,0.01131877896533615,0.9871947134417443,0.9938069780114582,0.9876068376068375,0.9936983920034768,1.5244367206317264e-05,0.9871794871794872,0.050001724742180745,4.941773504273504,419.657678458889,0.9860014333457932,5.886397278093965,7.337027551736956,1.0462418594289777,7.383269411165931,1.0392007177048257,0.9929588582758478,0.16976510478830864,413.5251464699805,0.9714964194453531,0.9852207977207976,0.01585777916902308,0.989042383539917,7.326069935276872,0.9820012418157649,350.05056179775283,0.9832880949375079,7.027356078777932,8.575842696629213,1.8707865168539326,9.446629213483146,1.862368913857678,0.9915823970037453,261.7134831460674,0.7351502335563691,0.8811204744069913,8.456963171036206,0.8727028714107365,0.8389321197034701,0.8240740740740741,0.3982451710642595,1.2244580026163394,237.0,0.5486111111111112,0.4588263031550068,426.0416666666667,5.799720293209877,7.243055555555555,2.375,8.618055555555555,2.3680632716049383,0.9930632716049382,0.7649421296296296,7.007997685185185,0.7580054012345678
2115,5,320.48959100107743,59.72915700233426,721.8687399129549,12.085701123904087,0.001737497130065501,0.0010726312313437865,0.1023646830311099,9.768994250644898,68.69517379452147,66.83501613402922,51.40269804846809,52.36793339747441,58.22080780938456,56.16913906940406,23.301156664089426,0.9647605586872364,0.4002204287576638,15.596153846153847,1.6634615384615385,101813.94140625,1959.2524038461538,53.84134615384615,13.26923076923077,0.9399517861056322,0.4423076923076923,0.06899413678623176,11.879807692307692,0.9495165598290598,0.15021443315477173,-0.0509025435148551,0.08616105334159205,0.9852727738410313,0.9928698383830034,0.9857320099255583,0.992749054224464,1.6381766381766382e-05,0.9705128205128205,0.13547084341118204,16.77764423076923,595.9152025986701,0.9624690347981681,16.88893434082437,19.36653135571121,1.0332461774198873,20.119665836408174,1.013385178815321,0.9808881047287084,0.22222493414151082,605.6439688124638,0.978131820820434,0.9890636520029492,0.010934089589782961,0.9916884556450282,19.17824773553697,0.9727638362070554,523.3683241252302,0.9638459007831127,16.269344647599283,18.679558011049725,1.5359116022099448,33.35911602209945,1.5027969253942426,0.9816029573246101,427.03314917127074,0.7864330555640344,0.9070748925721301,17.01511663597299,0.8903131425789971,0.7664641247542932,0.8674121405750799,0.20683807643912647,1.1075435785540262,389.9329073482428,0.6228960181281834,0.3089242515489594,602.4600638977636,16.921679306719472,19.402555910543132,1.9584664536741214,41.83067092651757,1.9169761264391125,0.9808506181992267,0.8172923322683706,15.556376464323748,0.8019550959186772
1239,88,73.21953266917261,9.899144276950508,166.2056250771593,16.78989824041235,0.0026064784624416333,0.002413851381459765,0.13414366750339904,7.454694050128465,47.66681255075762,46.511498834495896,35.34684563853434,34.54851712551571,45.87879595742363,36.37282724649093,8.007754843177908,0.7928025678844228,0.17454152132957573,12.282738095238095,1.9107142857142858,18197.02337133833,593.534803206997,35.87925170068027,12.041666666666666,0.8888888888888888,0.7083333333333334,0.08333333333333297,6.020833333333333,0.8962585034013605,0.24191257525345455,-0.17925546998241923,0.18292018719718675,0.9584770114942529,0.9803561718325177,0.9606481481481483,0.9797619047619047,0.0001441753171856978,0.9255952380952381,0.2002459085867879,11.980229591836734,129.71715056445993,0.9205196094367634,11.484916436387728,14.39296557845559,1.0447062365298547,15.521996662799502,1.0000232413870473,0.9586636864862481,0.3511277645971104,136.87737916456413,0.9709797896273916,0.9854760623991395,0.014510105186304141,0.988823440867536,14.110707807369614,0.948323797761048,109.27350427350427,0.933961574987216,9.542552414347286,12.042735042735043,1.8376068376068375,29.444444444444443,1.752400548696845,0.9659174844360029,83.90598290598291,0.717145153042589,0.8716619183285851,7.773371320037986,0.8503603461010869,0.997066000969002,0.8181818181818182,0.34377967711301044,1.3677532216562673,77.08391608391608,0.5390483642231894,0.37488385740133995,131.5034965034965,11.617096190522764,14.552447552447552,2.272727272727273,42.93006993006993,2.147241647241647,0.9581714581714581,0.7558760683760684,7.532099844599845,0.7349617974617974
1282,5,525.3170723882195,61.58992803706547,1200.497529715076,19.49178328301673,0.0008353968900930609,0.0002479636123465048,0.0628245401160618,15.917346918140652,77.5713222743654,72.1688830876201,49.76133631163273,67.26188126474241,69.24154417788245,48.34222371426867,32.760007239184795,0.6981679032182885,0.4731264680496423,41.9305473372781,2.3103225300340684,380983.13228730496,6750.357493268534,140.6004462759108,4.6201923076923075,0.9205955334987593,0.14903846153846154,0.025945389739769946,4.331430288461538,0.9199357444534204,0.2186224512604011,-0.4620961807459648,0.3417611640142276,0.9951973052934591,0.997672447200155,0.9953425480769231,0.9976343101343101,5.002801568878573e-06,0.9553276851353775,0.21381475895270888,36.30515964590079,981.7808079679512,0.9699182364434846,14.454287388905538,16.625891824900048,1.0413377117582363,18.30136307873594,1.0244822182357969,0.9847403400147461,0.21559827089667694,985.5526676064684,0.9736003945654812,0.9865796971060128,0.013875002703162352,0.989920120734167,16.2072785601148,0.9750594191332094,846.3310344827586,0.9727942925089179,13.072342449464923,15.110344827586207,1.7149425287356321,36.99080459770115,1.6804934446839082,0.9862203663793103,670.4091954022989,0.7705852820716079,0.8990755809028592,13.025153167109757,0.887233708260079,0.7984772487588384,0.847953216374269,0.3241696393182719,1.2108125357228552,604.1013645224172,0.5887927529458257,0.4844871546420741,994.4990253411306,14.752649438193709,16.953216374269005,2.304093567251462,84.06432748538012,2.2242495888157894,0.9844206871345029,0.7952180716341117,11.5137853230961,0.7847507208026059
2095,1,308.2232100219489,59.39184777831454,711.0711397470667,11.972537753012908,0.0017671862442442845,0.0011096011312237161,0.1035274770093368,9.659271421342696,63.57350662353077,60.22883377327463,49.62568734887052,47.73258915983515,54.19374768939451,49.80097698555204,20.650601653282866,0.9189432196308114,0.38105136724700256,30.072150758940047,2.3843881313780977,67464.00958852386,1940.8046933255357,83.4602258540866,0.0,1.0,0.0,-3.2034265038149176e-16,0.0,0.8844041193156695,0.2726788489206491,-0.4615384615384598,0.3779452133232934,1.0,1.0,1.0,1.0,0.0,0.9271374667695738,0.2726788489206491,20.86505646352165,530.2536093209039,0.8932639041707215,22.709261957114258,27.267767902019937,1.0428446672146614,28.40296886133246,0.9838809448016895,0.9437671683172726,0.4343189514563643,577.3154151263726,0.9724069080262439,0.9860720674674164,0.014180451529052267,0.9894329648750363,26.984111793870508,0.9338828558748702,450.7051792828685,0.8978190822367899,22.526328947159566,26.926294820717132,1.749003984063745,47.54581673306773,1.6456699500485894,0.9463422608055615,375.48605577689244,0.7479801907906224,0.8873915449313856,23.612325143868972,0.8417372087913959,1.0766135202557179,0.8338870431893688,0.31091569975079764,1.45331713652556,338.531561461794,0.5623447864813854,0.40374830299886316,537.6279069767442,22.695731835189456,27.259136212624586,2.259136212624585,59.006644518272424,2.1265719517016475,0.9436566693096211,0.7768664636397195,20.886777870062755,0.7358961949648445
1239,129,37.889828094536874,9.387119572970434,83.84280193951392,8.931685730405897,0.006898564643863003,0.016909070025156594,0.25666889499372125,3.8960700712272227,46.63523363134246,44.25471756806621,35.20169734954834,34.85283397661483,45.35345701840856,40.62065482209155,7.734498561260082,0.8956462746732623,0.17053823610669233,1.0,1.0,0.0,0.0,0.0,0.0,1.0,0.0,-3.203426503814917e-16,0.0,1.0,-3.203426503814917e-16,0.0,0.0,1.0,1.0,1.0,1.0,0.0,1.0,-3.203426503814917e-16,0.0,71.71944863725687,0.9732273850966572,4.337163614341524,5.885370090849544,1.0126448893572182,5.898014980206762,0.9991120082191306,0.9864671188619126,0.1356715698811371,73.08535300316122,0.9916855522034731,0.9958419958419958,0.004157223898263493,0.9968387776606954,5.882208868510239,0.9833058965226081,68.02857142857142,0.9718367346938775,4.562448979591838,6.142857142857143,1.1714285714285715,6.314285714285714,1.157182429758607,0.9857538583300356,62.457142857142856,0.8922448979591837,0.9571428571428572,6.1,0.9428967154728927,0.4227986191328291,0.9459459459459459,0.053877551020408164,0.5952113676985495,59.729729729729726,0.8071585098612125,0.09642074506939373,72.02702702702703,4.319211102994888,5.864864864864865,1.3243243243243243,6.1891891891891895,1.31084824436625,0.9865239200419256,0.918918918918919,5.783783783783784,0.9054428389608444
1239,5,282.6376365970859,48.898359230122175,638.5970736556204,13.059683059104248,0.001709538808744276,0.001038389229256276,0.10126360670277545,9.875216107353914,69.68395419215516,68.48420977109706,47.31039601527954,58.443820047933194,65.91587474031836,49.872691966393035,26.227171062082494,0.7566112436931329,0.3978885384652308,1.2115384615384615,1.1057692307692308,1324.2010216346155,67.18990384615384,4.072115384615385,4.653846153846154,0.917948717948718,0.21153846153846154,0.04181264947689168,4.072115384615385,0.9825721153846154,0.05142803409227627,-0.0013719508312392181,0.008412196136922604,0.9904044409199049,0.998145139037925,0.9908026755852842,0.9968427095292767,1.9866497139224412e-05,0.9903846153846154,0.04181264947689168,2.1814903846153846,507.1654499206846,0.9292660056446185,19.68063941207732,23.090312453972484,1.034303037805113,23.124615491777604,0.9977235814004749,0.9634205435953618,0.3255623743187368,533.4696717584353,0.9774289432439117,0.9887123745819401,0.01128552837804419,0.9914242405487216,23.08173669452121,0.9548447841440838,440.59081419624215,0.9198138083428855,22.309805135089196,26.16910229645094,1.5323590814196242,26.701461377870565,1.4906814418608707,0.9583223604412465,373.3883089770355,0.7795163026660449,0.9043145441892833,26.07341684064022,0.8626369046305298,0.8936863216625037,0.8677536231884058,0.2043313967425177,1.2135192655830003,340.5978260869565,0.6170250472589792,0.32691398865784504,513.3804347826087,19.466170447385004,22.840579710144926,2.0,23.840579710144926,1.9638340772669511,0.9638340772669515,0.8135945048309179,22.654174214975843,0.7774285820978691
1537,5,91.64611265558334,14.890360017130787,202.2745047756112,13.584258845514961,0.002920239976933607,0.0030299769879064114,0.14470374690037652,6.910671087794742,57.360061645931125,53.17388203059947,41.13507030703112,41.97523141698338,52.209754193159156,44.3839093256038,13.491981348598255,0.8501076094209855,0.2584187870083108,1.0,1.0,0.0,0.0,0.0,0.0,1.0,0.0,-3.203426503814917e-16,0.0,1.0,-3.203426503814917e-16,0.0,0.0,1.0,1.0,1.0,1.0,0.0,1.0,-3.203426503814917e-16,0.0,171.87048719819612,0.9668174694063191,8.030172403670806,9.910565748951415,1.020816797466483,9.931382546417897,1.00397262780873,0.983155830342247,0.18133584774140224,175.33029167715418,0.98624982071898,0.9931241942415127,0.0068750896405099385,0.9947958006333792,9.905361549584795,0.9779516309756262,158.109756097561,0.9640838786436645,8.691701368233195,10.658536585365853,1.298780487804878,10.957317073170731,1.2805223846189313,0.9817418968140532,139.79268292682926,0.8523944080904223,0.9388550135501356,10.597391598915989,0.9205969103641888,0.5782365569335806,0.9162011173184358,0.1074881023200476,0.8369270307136641,130.68715083798884,0.7300958147373677,0.19150463468680756,173.10055865921788,7.975781030554601,9.849162011173185,1.5810055865921788,10.430167597765363,1.5642774920530993,0.9832719054609202,0.8795779019242707,9.728739913097455,0.862849807385191
1453,6,152.57560894774215,30.805254379271503,347.1416926447219,11.268911737288217,0.002687136313502635,0.00256555684684859,0.13689698414585058,7.304762820301403,59.01045366449915,53.939178801956096,44.86413973792452,48.431395498213014,57.604340733274405,40.551520203251236,24.356609011495962,0.7039663970987377,0.4228259311963045,1.512820512820513,1.2564102564102566,911.6809116809113,45.58404558404555,6.837606837606836,10.256410256410255,0.9076923076923078,0.5128205128205128,0.07063814108111423,6.837606837606837,0.9615384615384616,0.09627916672213989,-0.005729468150925903,0.02336878554405058,0.9744229170663086,0.9878045062349462,0.9755799755799757,0.9874921826141339,6.41025641025641e-05,0.9743589743589743,0.07063814108111423,4.273504273504273,286.03195215365395,0.973151635068543,5.369672986291376,6.988137681736817,1.0427591286145246,7.030896810351342,1.0291805851185227,0.9864214565039983,0.20690267319711203,286.1887817938519,0.9736380515377316,0.9863190500774391,0.014734295251572969,0.9898976480511822,6.978035329788001,0.9763191045551802,245.12648221343875,0.9688793763377025,6.224124732459498,7.956521739130435,1.715415019762846,8.671936758893281,1.699640594050532,0.9842255742876861,195.59288537549406,0.7730944085987907,0.9004929732103645,7.857014712340799,0.8847185474980507,0.8037326174420543,0.8489932885906041,0.328047618303676,1.2073786989179156,176.0268456375839,0.5906941128777983,0.5110580604477276,290.10738255033556,5.297058691049952,6.906040268456376,2.348993288590604,8.25503355704698,2.3356009070294785,0.9866076184388745,0.7961996644295303,6.702239932885906,0.7828072828684046
2115,3,372.1979754916666,24.488954370952143,850.5568497943326,34.73226487788431,0.0005569808787469274,0.00011022568798497996,0.04794694484896684,20.85638622335596,70.63858274017886,66.2047522938773,48.130229076502495,55.56978030057878,60.22329282998253,54.09082016394431,24.983846392448953,0.8981710833489142,0.41485354284730497,6.978174603174604,1.4458180708180708,28473.834066198244,767.9540060026407,26.804609521871427,10.334554334554333,0.8357117995127046,0.4493284493284493,0.0842254702583053,9.00172490648681,0.947880327344613,0.1455741392712168,-0.07973953364969312,0.07973199292665764,0.9805008408781993,0.9962255097390232,0.9812779812779813,0.9935810221524507,3.693009364086869e-05,0.970848595848596,0.1260381197351973,9.28479096410644,685.6659868864505,0.9565020300401333,13.669950041144336,16.050878849397844,1.0436510946710866,16.279081136965043,1.0211539212103729,0.9778232279158419,0.2660702091644646,697.4421832015106,0.9728912916724107,0.9860332239974604,0.015046293994466442,0.9896326251965104,15.994373676370325,0.9675359534564912,573.6998341625207,0.9514093435531024,15.418600749706417,18.011608623548923,1.7495854063018241,21.621890547263682,1.7197843558580688,0.9751654365656417,437.4643449419569,0.7254798423581375,0.8764625944352312,17.17289708863092,0.8528696527532224,0.9596139913271621,0.8294360385144429,0.296021275600989,1.2754128507959797,400.76341127922973,0.5512564116633146,0.36881987554136103,695.6629986244842,13.53605194795366,15.900962861072902,2.2269601100412655,21.873452544704264,2.1967495337370835,0.9780281903166342,0.7660954455142901,14.480675913189668,0.7461833274861284
1292,4,135.6796522521868,17.023956367494282,305.25710716758914,17.931032045550246,0.0018008887489734053,0.0011523277374511137,0.10483959597281514,9.538380901995268,58.15832765168957,52.757500995168535,44.08707661819562,43.229620119711676,50.949689654271175,43.759902592552706,10.816021501954937,0.8588845759315485,0.2122882705537386,33.410256410256416,2.8461538461538463,58742.88319088319,1621.3333333333333,93.26495726495727,16.41025641025641,0.8710622710622711,0.8205128205128205,0.12617107145706516,11.76068376068376,0.8335042735042736,0.39882552197474613,-0.2532251417547963,0.2717708945019487,0.9590766673060938,0.980487209975914,0.960927960927961,0.9799874921826142,0.00010256410256410256,0.887179487179487,0.35779988094910514,27.41880341880342,239.5837699076375,0.9147177591682912,17.056448166341745,20.639936210380196,1.0359188481721764,22.233507778332783,0.9878517530924473,0.9554649972553737,0.35058247145652793,256.0032568654475,0.97734755957577,0.9883889695210448,0.012200139192542894,0.9913490190549179,20.24187204949001,0.9476970393940671,210.71052631578948,0.9241689750692521,15.166204986149582,18.36842105263158,1.5745614035087718,40.171052631578945,1.487041015236504,0.9606158252774794,176.09649122807016,0.7723530317020622,0.9005238791423003,15.106176900584796,0.8683115140143127,0.899439717212769,0.8603773584905661,0.22366497383810402,1.254401297025017,160.83396226415095,0.6069206123175507,0.3315058739765041,242.0867924528302,17.292986828052687,20.92452830188679,2.026415094339623,71.7622641509434,1.868283917340521,0.9548196637145424,0.8065513626834382,13.812840670859538,0.7770586431637645
2060,8,146.4320065460198,27.818667910260604,331.69900358310906,11.92361203825887,0.0025980358727589786,0.002398239396007156,0.1338538429429614,7.470835188692535,48.983261772684145,48.35204165249775,37.94733277020953,35.41750821059981,42.94140300585163,37.65500855549306,15.714494043982306,0.876892833481985,0.36595204031505185,11.461538461538462,1.3076923076923077,94838.15384615384,1654.1538461538462,34.46153846153846,0.0,1.0,0.0,-3.2034265038149176e-16,0.0,0.9831730769230769,0.04181264947689167,-0.0769230769230767,0.06262581671992686,1.0,1.0,1.0,1.0,0.0,0.9903846153846154,0.04181264947689167,8.615384615384615,267.18730219652764,0.9451587622325874,14.734712586010582,17.339702998352234,1.0352396536691317,18.27809705157864,1.0064571046948994,0.9720467939087403,0.299034080452989,276.1805657611196,0.976876346391191,0.9884346422807962,0.011561826804404426,0.9911900865827169,17.10510448504563,0.9634442162122002,230.31967213114754,0.9439330825047031,13.291050792797636,15.819672131147541,1.5737704918032787,29.770491803278688,1.5328766082225,0.9713899081366941,182.4344262295082,0.7476820747110992,0.8884335154826958,12.36384335154827,0.8628943715487581,0.899154228235653,0.8531468531468531,0.1998790647675356,1.176891726450883,169.1818181818182,0.5915448188175461,0.2732162941953152,270.34265734265733,14.838084991931145,17.447552447552447,1.965034965034965,41.23776223776224,1.9161733059471056,0.972098097409087,0.7937062937062938,11.534965034965035,0.7710443302396174
2115,19,65.0194537653943,7.039507789561135,145.88389634667072,20.72359328346813,0.002254012531477299,0.0018051566625956277,0.12176009161730848,8.212871612670893,48.66727778014108,44.18059392663613,33.040722509059144,36.93887169990671,45.81312475912231,35.75062768195694,10.186564950228366,0.7803577658133497,0.22235036365206712,1.0,1.0,0.0,0.0,0.0,0.0,1.0,0.0,-3.203426503814917e-16,0.0,1.0,-3.203426503814917e-16,0.0,0.0,1.0,1.0,1.0,1.0,0.0,1.0,-3.203426503814917e-16,0.0,125.6923076923077,1.0,0.0,1.0,1.0314907473853185,1.0314907473853185,1.0314907473853185,1.0,0.07641734344552385,123.12775507349544,0.9794158379432936,0.9897032101756511,0.01029208102835319,0.9921273131536703,0.9921273131536703,0.9921273131536703,112.0,1.0,0.0,1.0,1.4910714285714286,1.4910714285714286,1.4910714285714286,1.0,91.69642857142857,0.818718112244898,0.9221850198412699,0.9221850198412699,0.9221850198412699,0.5709320670760737,0.8818897637795275,0.2052774234693877,0.93593069056991,83.45669291338582,0.6571393142786286,0.3377766755533511,127.0,0.0,1.0,1.9448818897637796,1.9448818897637796,1.9448818897637796,1.0,0.8384186351706037,0.8384186351706037,0.8384186351706037
1164,47,24.574342163036516,5.076990828821948,56.65269064096281,11.158714394232685,0.0067173910482362835,0.016032583428471855,0.2521551462770836,3.9658123768814084,38.64811786023359,37.402328827512825,33.63580865923179,26.5932326180215,42.55229833137967,37.71921312398883,6.995522082154945,0.8864201136739367,0.16439821951981812,1.0,1.0,0.0,0.0,0.0,0.0,1.0,0.0,-3.2034265038149176e-16,0.0,1.0,-3.2034265038149176e-16,0.0,0.0,1.0,1.0,1.0,1.0,0.0,1.0,-3.2034265038149176e-16,0.0,47.0,1.0,0.0,1.0,1.0651080649230509,1.0651080649230509,1.0651080649230509,1.0,0.13305405764294906,45.08345807753763,0.9584193391822434,0.9791666666666665,0.020790330408878347,0.9837229837692373,0.9837229837692373,0.9837229837692373,39.0,1.0,0.0,1.0,1.8974358974358974,1.8974358974358974,1.8974358974358974,1.0,28.384615384615383,0.727810650887574,0.8762464387464388,0.8762464387464388,0.8762464387464388,0.811940528123043,0.8125,0.38264299802761337,1.2807130960076845,24.916666666666668,0.5190972222222222,0.5815972222222222,48.0,0.0,1.0,2.7083333333333335,2.7083333333333335,2.7083333333333335,1.0,0.7472511574074074,0.7472511574074074,0.7472511574074074
1186,4,149.5040066833497,26.538667853034713,333.32632998983456,12.560024935528876,0.002460366197591462,0.002150808527013334,0.12908246488943556,7.746985625480122,57.52773329993976,55.014180810028584,44.26104447913472,42.3622479748426,52.19784350807595,48.12045450799299,15.079349338907651,0.9218858725561696,0.28888835870345114,1.0,1.0,0.0,0.0,0.0,0.0,1.0,0.0,-3.2034265038149176e-16,0.0,1.0,-3.2034265038149176e-16,0.0,0.0,1.0,1.0,1.0,1.0,0.0,1.0,-3.2034265038149176e-16,0.0,275.80010473421174,0.9528030770116099,14.749038433871963,17.32373100388995,1.0263679067529303,17.350098910642878,1.0022203756820873,0.975852468929157,0.23502456516750406,284.4406448222628,0.9826157358795334,0.9913066385669127,0.00869213206023316,0.9934080233117677,17.31713902720172,0.9692604922409244,247.37547892720306,0.9477987698360271,16.312884426241542,19.103448275862068,1.4329501915708813,19.53639846743295,1.4061699426420913,0.97321975107121,216.6551724137931,0.8300964460298587,0.9281013197105151,19.031549595572585,0.9013210707817251,0.699075272711501,0.8938356164383562,0.18129504851661016,0.9988077420326673,199.57534246575344,0.683477200225183,0.2571307937699381,278.33561643835617,14.623698161005816,17.181506849315067,1.7602739726027397,17.94178082191781,1.736336832293102,0.9760628596903623,0.8538099315068494,17.03531678082192,0.8298727911972117
1395,5,558.5905683288144,96.98108477018597,1278.656174016869,13.184593439502905,0.001196689364402648,0.0005088210954726404,0.07983408820970467,12.525977592093794,75.36142736846799,73.67811255895352,60.51499167650114,54.68162478485189,59.63821541556227,57.07134264253421,29.58542256013695,0.9569592625275261,0.4960816207189324,11.637286324786325,1.847133190883191,53345.176117070965,1445.1457961663368,49.11819787615505,18.997481684981683,0.5164163429358786,0.8851495726495725,0.2395499312069084,17.293833625864874,0.8846667727909462,0.37560279158045595,-0.26370098039140305,0.25330284552370774,0.9542604303397707,0.9889757897105829,0.9565350000399019,0.9837547761801493,0.00015027425781914601,0.9379070004070004,0.32971349569116026,17.028919890284183,953.1091723103061,0.8862310351863862,19.669813438368216,23.967680325521105,1.0443037352337252,24.259978666076954,0.9834828868315799,0.9400372644190381,0.464151240589076,1045.6250915631606,0.972202759881629,0.9857575971233167,0.015103899667781279,0.9893675180612748,23.895049192251854,0.929619310685609,785.4288888888889,0.8726987654320988,22.34972222222222,27.263333333333332,1.7944444444444445,31.897777777777776,1.7135938100730488,0.9324365628604383,649.94,0.7221555555555556,0.8746376543209876,26.177970987654323,0.8103960164893844,1.1860376764303262,0.8249312557286893,0.32496172839506177,1.4739387291753436,596.1879010082494,0.5464600375877628,0.3834993585548287,968.0009165902842,19.46815919938233,23.72135655362053,2.2612282309807514,31.318056828597616,2.179917316578867,0.9406111341932578,0.7618219777981465,21.899310520419593,0.7079136241401901
2095,4,309.75920608518123,68.26649169921895,701.2229149382933,10.271846369780802,0.00207418982027156,0.0015286189640794483,0.11519485463409791,8.680943286715152,63.4021484602911,59.52875012477674,42.88018981722411,50.34918147845186,53.90441838111652,46.082699831979426,21.36960469090999,0.8548965226962331,0.396435122253282,25.199067599067597,2.1792540792540795,119614.77293086461,2869.532355502471,86.77071978526524,12.923076923076923,0.8340326340326342,0.5384615384615384,0.09181437421907276,11.0,0.8943630236906752,0.27773396070060463,-0.31109871713157966,0.26743624459943216,0.9776029862684976,0.9892397361173381,0.9784615384615385,0.989010989010989,3.8951210826210826e-05,0.9396464646464646,0.2552980632647072,24.92344917708554,566.894544877747,0.9490871976652342,14.66288707241253,17.31180311738622,1.0389475497569225,18.56124350369204,1.0109118762306262,0.9739011150121824,0.27150901515569736,582.2898836378992,0.9748232320574759,0.9872854418308965,0.012970364817899325,0.9904067597632402,16.999586668012235,0.9647920719100418,485.56581532416504,0.9539603444482614,13.259420798900729,15.711198428290766,1.68762278978389,33.56188605108055,1.6366239685658153,0.9764620825147348,380.10019646365424,0.7467587356849789,0.8874530670159354,12.670033289674743,0.8686009386596812,0.8975955796666474,0.8413223140495868,0.2748406868894284,1.2242109261344765,347.53553719008266,0.5744389044464175,0.32708148350522503,573.8462809917355,14.830200122942422,17.502479338842974,2.097520661157025,55.7305785123967,2.0117077685950413,0.9735960330578514,0.783528466483012,11.441379706152434,0.7664759044995408
1234,4,762.8470674837126,96.55049852991321,1735.8398786789585,17.978569816924992,0.0007532082911070717,0.0002015730327887081,0.058633273743850675,17.055162302017592,86.76123932651987,77.5165880471679,55.84973187168353,74.77753999210181,76.3494919762553,49.166730091747816,36.75576602189888,0.6439693155658283,0.4814146770397625,26.495962858651644,2.0493511579953223,178148.21089385988,3735.1612845990753,91.13558449832793,7.771739130434782,0.9396418396418397,0.29891304347826086,0.058732209508857984,7.175419423440454,0.9162291697665358,0.24930044324954695,-0.4396563335073066,0.34261946041367575,0.9885203262475114,0.9944685130744235,0.9889291465378421,0.9943601312551272,1.7006886861530543e-05,0.9538920123179057,0.2378037877311523,24.726830907190674,1384.124223473747,0.9416325150826125,19.728209902077005,22.905081419810735,1.0416656717868504,24.093473678621244,1.010044535975006,0.9699518773390801,0.2972912333481471,1431.2581718550732,0.9736586366804101,0.9865255549819308,0.014100732335494469,0.9899334471753531,22.608333220230172,0.9602785778021641,1175.0819277108433,0.9438409057918421,18.981773842357377,22.050602409638554,1.7413654618473895,39.74939759036145,1.6892282435641055,0.9711240021815658,918.6610441767068,0.7378803567684392,0.8829793061133422,18.343934236947792,0.8590273789105516,0.9476573259735901,0.8355704697986577,0.3090659828067289,1.2947705222082273,839.9463087248322,0.5637223548488807,0.3712247196072249,1402.7181208053692,19.799513535426332,22.986577181208055,2.1946308724832213,56.428187919463085,2.120236418372138,0.9698400861711823,0.7754975764354959,16.32896513795675,0.7541622299862213
1178,17,79.87328302005771,17.066940816252874,178.50789307548297,10.45927884776454,0.0040373333575678474,0.005791505408346639,0.17958242098926447,5.568473765368051,47.06463387801516,43.59114734470079,35.42710450292802,38.28315613528075,45.90470001884147,36.64407437271407,9.765993285328069,0.7982641071104616,0.21274495381343614,1.0,1.0,0.0,0.0,0.0,0.0,1.0,0.0,-3.2034265038149176e-16,0.0,1.0,-3.2034265038149176e-16,0.0,0.0,1.0,1.0,1.0,1.0,0.0,1.0,-3.2034265038149176e-16,0.0,146.45747172238683,0.9494773169792473,21.244788210226456,24.314634803220702,1.0342739399074772,24.34890874312818,1.0083687901261207,0.9740948502186435,0.25755653574866977,150.81448975037765,0.9775736832147879,0.9887820512820514,0.011213158392606075,0.9914315150231306,24.306066318243836,0.9655263652417743,127.23703703703704,0.9424965706447188,24.180192043895747,27.637037037037036,1.4962962962962962,28.133333333333333,1.4666995884773664,0.9704032921810699,101.84444444444445,0.7544032921810699,0.8923868312757202,27.529423868312758,0.8627901234567902,0.8404406372604043,0.8653846153846154,0.16098765432098766,1.0556265984692477,95.53846153846153,0.6124260355029586,0.22238658777120315,148.2051282051282,21.011176857330703,24.05128205128205,1.8333333333333333,24.884615384615383,1.8077207977207979,0.9743874643874643,0.805911680911681,23.857193732193732,0.7802991452991453
1239,59,70.65940914927147,14.806047690093898,160.3418035003689,10.829480416144198,0.004114282053371405,0.006014373139185766,0.18185704205933506,5.498824728897366,47.840664388104535,45.27001119048273,35.716020622538025,38.14079237973478,53.62621900522506,38.7975666698831,11.91052893142744,0.723481300557529,0.22210271677492197,86.25,3.5833333333333335,0.0,0.0,0.0,0.0,1.0,0.0,-3.203426503814917e-16,0.0,1.0,-3.203426503814917e-16,0.0,0.0,1.0,1.0,1.0,1.0,0.0,1.0,-3.203426503814917e-16,0.0,130.4342917819758,0.9579817745256471,20.18975734042656,22.968141303009887,1.0409288405808261,24.732259363130293,1.0177927756173986,0.9785467370087795,0.24481111918200613,132.53468410266672,0.9732575540713646,0.9866220735785954,0.013371222964317753,0.9897677898547934,22.52711178797978,0.9687352273566247,111.0695652173913,0.9658223062381852,16.422381852551982,18.791304347826088,1.826086956521739,46.30434782608695,1.7826511548913044,0.9826256793478261,86.73913043478261,0.7542533081285444,0.890792270531401,12.010357487922704,0.8799333201237923,0.8171325315361622,0.8333333333333334,0.38608695652173913,1.2333469347753176,78.34782608695652,0.5677378701953372,0.37177063642091995,132.1304347826087,20.437145557655953,23.23913043478261,2.1884057971014492,68.90579710144928,2.123252094655797,0.9782820991847826,0.779639694041868,11.899204911433173,0.7687807436342592
1239,19,56.322717437825084,9.387119572970128,121.94029916792408,12.990172141734165,0.0039331139532770044,0.005496361701285314,0.17647848556904894,5.6664130858531205,50.73631765142884,50.101635970488445,39.85759901403925,35.34515578168309,47.686665555898266,37.689352841569224,11.815419328251826,0.7903541252510055,0.24777197546768714,1.0,1.0,0.0,0.0,0.0,0.0,1.0,0.0,-3.203426503814917e-16,0.0,1.0,-3.203426503814917e-16,0.0,0.0,1.0,1.0,1.0,1.0,0.0,1.0,-3.203426503814917e-16,0.0,100.20558798999167,0.9130336755469702,29.39461766512406,34.16680567139284,1.0068807339449541,34.17368640533778,0.9613844298689691,0.9545036959240151,0.28588313678432536,109.2545871559633,0.9954549280363606,0.9977272727272727,0.0022725359818197123,0.9982798165137615,34.165085487906595,0.9527835124377767,97.46728971962617,0.9109092497161324,30.112673595947243,35.018691588785046,1.0841121495327102,35.10280373831776,1.0374472776688075,0.9533351281360973,101.16822429906541,0.9454974233557516,0.9789719626168224,34.99766355140187,0.9323070907529197,0.454823683929355,0.9727272727272728,0.0272512883221242,0.568398614736976,98.65454545454546,0.8968595041322314,0.051570247933884296,100.45454545454545,29.330578512396702,34.09090909090909,1.1636363636363636,34.25454545454546,1.118244170096022,0.9546078064596583,0.9590909090909091,34.05,0.9136987155505674
1257,2,211.4554580383138,54.44252713012681,472.21986904313,8.67373162003382,0.0029932773212030844,0.0031834362448550585,0.1471065641736134,6.7977931890232455,67.55139347161538,66.09562351950899,45.318326151457335,52.97546680905453,60.72769869223094,43.89814597698749,20.475276298670526,0.7228685908132974,0.33716535847076295,10.1,1.526190476190476,50369.55310576147,1165.4476501457723,36.605170068027206,11.266666666666667,0.9074074074074074,0.43333333333333335,0.060160674573946506,9.013333333333335,0.9512585034013604,0.12613340612247376,-0.08618749879365711,0.08422690991190836,0.9833579517479074,0.9919810201660736,0.9839506172839506,0.9918238993710692,2.465483234714004e-05,0.9714285714285715,0.10946673945580711,11.96795918367347,382.56252820830827,0.9343080495582381,22.20387924931546,25.75381223374888,1.0259880209320058,26.19359335812916,0.9914645568206245,0.9660441533144735,0.28307309673865394,402.4630607376379,0.982866957552335,0.9914322965170423,0.008566521223832585,0.9935029947669984,25.643866952653813,0.9596890524379358,342.91847826086956,0.931843690926276,23.036832466918714,26.717391304347824,1.4266304347826086,33.078804347826086,1.3832118148744557,0.9647223713246258,301.8858695652174,0.8203420368620038,0.9237243357487922,25.157419987922705,0.8904819548816126,0.7674420683813056,0.8910411622276029,0.16711218100189035,1.0385748203718816,279.04358353510895,0.6756503233295617,0.22640690864107782,385.9491525423729,22.138465958058028,25.677966101694917,1.721549636803874,36.97578692493947,1.673189914872275,0.9661481946478808,0.8492063492063492,22.883104654291095,0.8189815229990999
2011,3,159.2268582689672,30.463016292610217,364.52968054481715,11.96630291115478,0.002469440826478984,0.0021667035455514563,0.1293996687742194,7.727995051863938,57.320752199185044,51.55409549986804,40.357166687105035,43.08131610616813,48.71518843471751,42.033149623699686,18.349339385806374,0.8628345896686344,0.3766656760528813,1.0,1.0,0.0,0.0,0.0,0.0,1.0,0.0,-3.2034265038149176e-16,0.0,1.0,-3.2034265038149176e-16,0.0,0.0,1.0,1.0,1.0,1.0,0.0,1.0,-3.2034265038149176e-16,0.0,302.6414774563706,0.9870386890260832,7.057433825297848,8.534307834703704,1.043581993609884,8.577889828313587,1.0370644262788256,0.9934824326689413,0.16128496659729666,298.15462127789027,0.9722938950563649,0.9859015582488251,0.014597269286983088,0.9893847313859556,8.523692566089657,0.9828671640548969,255.03088803088804,0.984675243362502,8.344329989117634,9.91891891891892,1.7104247104247103,10.62934362934363,1.7027093826401787,0.992284672215468,188.91505791505793,0.7294017680118067,0.8784320034320034,9.79735092235092,0.8707166756474716,0.8374131706645154,0.8327974276527331,0.268570832277396,1.1768247096063833,171.7138263665595,0.5521344899246285,0.38010359694378676,307.0257234726688,6.958178678880491,8.427652733118972,2.247588424437299,9.67524115755627,2.241163119304843,0.9935746948675441,0.7686003929974992,8.19625312611647,0.7621750878650433
1282,4,594.437739807722,79.53143461108259,1358.1000434374953,17.076267391362332,0.0008965329082278274,0.0002855845555596632,0.06585340554814598,15.18524352197536,73.40002073613239,71.4201867331579,58.17531284757454,59.74881199234283,60.25266732378166,53.167669072177276,35.05587139704013,0.8824118737593556,0.5818144316941072,19.59794503741872,1.8992884308673783,95451.12030019652,2317.4375361342672,66.76734761265485,7.768531468531469,0.8636949001321471,0.3377622377622378,0.0778685308579554,7.228769866497141,0.9158852374157085,0.24769030372524303,-0.2869098172831746,0.2613092700309951,0.9853423934556009,0.9972578427573132,0.9859265734265735,0.9952427853836304,2.7760519253902996e-05,0.9535578456631089,0.23300498903992845,18.633969770296577,1093.5621405810482,0.9547576013499504,16.267846875303476,18.80950598695753,1.0415059801983673,19.74302076593939,1.0168924502112886,0.9769350963996981,0.2721838195730035,1115.2071279998847,0.9736160411176152,0.9865500563174981,0.013988407231739662,0.9899246025498137,18.61988135103631,0.9671714163774129,930.719587628866,0.9595047295142948,15.80229142310554,18.2,1.702061855670103,34.90721649484536,1.6536883412084764,0.9794132123424972,709.4948453608248,0.7314379849080668,0.8796821305841925,16.054338487972508,0.862611564528446,0.9167494417559348,0.8354866494401378,0.26947497077266447,1.2610397151825987,650.9517657192076,0.5606819687503941,0.35316313048019876,1108.1317829457364,16.287122168138936,18.837209302325583,2.1748492678725238,43.78466838931955,2.1103585719925353,0.9767811961670974,0.7730105751746579,14.317943104603312,0.7572436407391457
2122,2,129.5343071823873,26.196990978256427,297.2800482743885,11.347870009999689,0.002883552281151484,0.0029543225269601167,0.14348922899014688,6.969164215584907,51.56085192273839,50.961583910243,39.40304525696364,40.19950011806092,43.915305030474464,38.618859772443784,9.714816881566302,0.8793940915506501,0.22121711040888428,1.0,1.0,0.0,0.0,0.0,0.0,1.0,0.0,-3.203426503814917e-16,0.0,1.0,-3.203426503814917e-16,0.0,0.0,1.0,1.0,1.0,1.0,0.0,1.0,-3.203426503814917e-16,0.0,245.49361195213166,0.9840918613847337,6.6893722877194515,8.208517010819364,1.043595278951318,8.25211228977068,1.0355858156059636,0.9919905366546453,0.16827067244389063,242.70021042257005,0.9726364597141524,0.9860139860139862,0.014597145806287567,0.9894472129968671,8.197964223816232,0.9814377496515123,205.03827751196172,0.9810443900093863,7.970834001053089,9.602870813397129,1.7655502392344498,10.368421052631579,1.7559914938862309,0.990441254651781,150.14832535885168,0.7184130399945057,0.8727658160552897,9.475636629452419,0.8632070707070706,0.8739510631143554,0.8260869565217391,0.3001762780156132,1.162860561690515,138.01185770750988,0.5455014138636755,0.3420768954365792,249.0316205533597,6.595666234435782,8.106719367588934,2.2015810276679844,9.308300395256918,2.193684672815108,0.9921036451471235,0.7610891523935002,7.867808519982433,0.7531927975406236
1316,2,525.7825351244963,101.47466405337887,1233.2925655601543,12.15369941911218,0.0013218540791011912,0.0006208251144573891,0.08530799976728479,11.722230069019803,76.04812034435024,74.70198465073959,56.00190541572015,59.140511531746185,72.70344566690038,58.28121276826465,28.763258382896147,0.8016293070246914,0.3956244180596129,5.038461538461538,1.1346153846153846,36534.44711538462,692.5961538461538,14.134615384615385,0.0,1.0,0.0,-3.2034265038149176e-16,0.0,0.9909855769230769,0.02594538973976995,-0.07692307692307598,0.05388074474910433,1.0,1.0,1.0,1.0,0.0,0.9951923076923077,0.02594538973976995,3.5336538461538463,960.9682723275803,0.9554506245501068,17.463355176358125,20.147310502804356,1.0647392603609251,20.40378680950174,1.0417439600646816,0.9772326866791862,0.30053504214560217,965.2690134085856,0.9595358296165455,0.9793273912066512,0.021741551908953,0.984377692068416,20.08375393328866,0.9616673754914596,747.2253164556962,0.9458548309565775,21.224906265021627,24.39240506329114,2.411392405063291,28.99367088607595,2.37978446394437,0.9721850118153494,538.6683544303797,0.6818586764941515,0.8516422292545711,23.446578938115326,0.8247754793034882,1.1392515552932712,0.7692307692307693,0.7213924050632912,1.5761904090535976,478.96689386562804,0.46637477494218893,0.7120805439122279,982.0301850048686,17.164720037090095,19.81207400194742,3.0759493670886076,26.79552093476144,3.047745358090186,0.9776313032081482,0.7021801550870267,18.28737976560309,0.6812702863468172
1234,9,66.04514879556976,10.154228303196117,144.95158729511178,14.27499785970808,0.003282747839025366,0.0038289288334410775,0.15644406720215168,6.392060868040679,48.48986283337491,44.2530013325649,35.52425356517988,36.93886900970888,45.42957085614757,39.571283159716664,15.60114991237871,0.8710468184922738,0.3434139838516117,1.0,1.0,0.0,0.0,0.0,0.0,1.0,0.0,-3.203426503814917e-16,0.0,1.0,-3.203426503814917e-16,0.0,0.0,1.0,1.0,1.0,1.0,0.0,1.0,-3.203426503814917e-16,0.0,126.40019409190577,0.9845426448127804,8.416529899441043,9.996703460200301,1.0144798606904906,10.01118332089079,1.0066972452404903,0.9922173845499996,0.1039554959829189,127.16834494245911,0.9904606274807501,0.9952295766249255,0.004769686259624923,0.9963800348273774,9.99308349502768,0.988597419377377,119.01652892561984,0.9836076770712383,8.925619834710744,10.545454545454545,1.2314049586776858,10.776859504132231,1.2231476450570506,0.9917426863793646,109.46280991735537,0.9046513216310361,0.960514233241506,10.505968778696051,0.9522569196208707,0.39861975285491935,0.937984496124031,0.09480226760467181,0.6238705761718231,103.66666666666667,0.8036175710594315,0.13965506880596118,127.01550387596899,8.376419686316929,9.953488372093023,1.4031007751937985,10.356589147286822,1.3953555430380087,0.9922547678442101,0.9164513350559863,9.869939707149008,0.9087061029001965
1239,87,71.1714338532517,19.328932575253585,162.9161315358902,8.428615025770652,0.005244291227343848,0.00977182876854318,0.2137922458121012,4.67743811849418,46.539010774914495,45.85295971657152,36.0372722294334,36.93886896840066,41.18699459054852,40.46849648941992,9.549559141544941,0.9825552189891155,0.23185860576815062,1.0,1.0,0.0,0.0,0.0,0.0,1.0,0.0,-3.2034265038149176e-16,0.0,1.0,-3.2034265038149176e-16,0.0,0.0,1.0,1.0,1.0,1.0,0.0,1.0,-3.2034265038149176e-16,0.0,133.2890705295879,0.9712742698149192,3.676893463690347,5.197693514944539,1.0400781655500047,5.237771680494545,1.0255532744948335,0.9854751089448287,0.1997214055213003,133.91417203271328,0.9756540552772954,0.9872717210846708,0.013845124068135579,0.9906043278495069,5.188297842794047,0.9760794367943354,117.06611570247934,0.9674885595246226,4.161464380848304,5.760330578512397,1.578512396694215,6.338842975206612,1.5620406645886356,0.9835282678944207,97.26446280991736,0.8038385356191518,0.9153902662993573,5.675720844811754,0.898918534193778,0.7173851452698596,0.8705035971223022,0.2588620995833618,1.155799315398639,87.63309352517986,0.6304539102530925,0.5523523627141452,135.05755395683454,3.6304539102530926,5.143884892086331,2.323741007194245,6.467625899280575,2.309402305145503,0.9856612979512585,0.8220183852917666,4.965903277378097,0.807679683243025
1296,3,198.1497811437896,48.68408705535088,443.6056981764805,9.111923936709083,0.00293979075542771,0.003070683715889104,0.1453488818999815,6.879997884594166,60.04869532130107,59.72271148807185,41.13700340036162,48.70154096272534,55.46236127877716,45.89966550643824,17.217234987547204,0.8275822458356437,0.31043097680255877,12.846153846153847,2.269230769230769,23650.846153846152,614.3076923076923,27.923076923076923,37.23076923076923,0.8461538461538461,1.6923076923076923,-3.2034265038149176e-16,0.0,0.9326923076923077,0.13932908649685602,-0.15384615384615383,0.14044281518971516,0.9232355273592388,0.9632470195155289,0.9264214046822743,0.9623931623931624,0.0001589319771137953,0.9423076923076923,0.06240600957377909,16.28846153846154,363.6616489195152,0.9498963104486673,12.125092871422503,14.577456378794604,1.0334289545553785,15.253872952590902,1.006547207867221,0.9743337308529404,0.25369308399408497,374.94863090995335,0.9793217326755138,0.9892665474060822,0.011534755797403875,0.9920890803453333,14.408798554329708,0.966726680583548,320.3809523809524,0.953514739229025,11.24943310657596,13.571428571428571,1.5208333333333333,23.520833333333332,1.47924543163201,0.976235484742101,260.98214285714283,0.7767325680272109,0.9030671296296295,11.117352843915345,0.8837584609825866,0.8014756911329886,0.8682170542635659,0.19422300170068024,1.125015559125195,240.2093023255814,0.6206958716423292,0.2890451294994292,367.51679586563307,12.183295608570534,14.643410852713178,1.925064599483204,31.940568475452196,1.868324516541864,0.9742090532084817,0.8148507034165949,10.36523830031582,0.7967970406625321
2115,29,101.88087637254698,18.132065518564918,234.76818267402905,12.947680033124545,0.0028438945315230274,0.0028736192113501344,0.14217058140962738,7.033803970448439,51.41619402550159,48.16449622052834,36.87560653785375,38.43332230952954,48.72742243926833,43.8139678360247,8.33526291819289,0.8991644877303424,0.17105897461704625,2.076923076923077,1.5384615384615385,17730.461538461535,422.15384615384613,30.153846153846153,45.23076923076923,0.9076923076923078,1.0769230769230769,0.07063814108111423,30.153846153846153,0.9615384615384616,0.09627916672213989,-0.005729468150925903,0.02336878554405058,0.9743735018522555,0.9874811045583256,0.9749552772808586,0.9873303167420815,1.4535728821443105e-05,0.9743589743589743,0.07063814108111423,18.846153846153843,192.11772543509682,0.9798069354441992,17.81028293821641,19.850689476261135,1.0448759787142576,19.89556545497539,1.034680905985074,0.9898049272708159,0.19150198449519348,190.33816189404024,0.9706339287158597,0.9853111712408196,0.014683035642070177,0.9887810053214356,19.839470481582566,0.9785859325922517,161.04848484848486,0.9760514233241506,21.122644628099174,23.4,1.7515151515151515,24.151515151515152,1.7394004949440318,0.9878853434288805,122.24848484848485,0.7408999081726354,0.8830387205387206,23.28303872053872,0.8709240639676009,0.856406044290085,0.8291457286432161,0.29693296602387514,1.2071342540611167,109.57286432160804,0.5506174086512967,0.4169591676977854,195.04020100502512,17.550465897325825,19.57286432160804,2.3266331658291457,20.899497487437184,2.3165883500792224,0.9899551842500768,0.7688442211055276,19.34170854271357,0.7587994053556044
1376,3,217.09111517389167,39.509900285186184,497.5226013240622,12.592352745334642,0.0020086847178417584,0.0014335927534918935,0.11275658972645553,8.86866126783342,58.68458427976278,53.174809091166196,38.24184097940611,45.40308765507268,52.315258506289865,44.06675125548944,14.086018147534745,0.842330756144334,0.269252576585112,1.0,1.0,0.0,0.0,0.0,0.0,1.0,0.0,-3.2034265038149176e-16,0.0,1.0,-3.2034265038149176e-16,0.0,0.0,1.0,1.0,1.0,1.0,0.0,1.0,-3.2034265038149176e-16,0.0,417.6923076923077,1.0,0.0,1.0,1.0454483398594911,1.0454483398594911,1.0454483398594911,1.0,0.11101557827884313,405.30826919515465,0.970258659165959,0.985123367198839,0.014870670417020561,0.9886379150351272,0.9886379150351272,0.9886379150351272,347.0,1.0,0.0,1.0,1.7579250720461095,1.7579250720461095,1.7579250720461095,1.0,241.20749279538904,0.6951224576235996,0.8602505603586296,0.8602505603586296,0.8602505603586296,0.8298377388886362,0.8183962264150944,0.2648805321861323,1.1355406728674475,223.6933962264151,0.5275787646849412,0.35510857956568176,424.0,0.0,1.0,2.2783018867924527,2.2783018867924527,2.2783018867924527,1.0,0.7459381551362684,0.7459381551362684,0.7459381551362684
1234,7,137.21007656754026,27.04949892532034,305.8640854616047,11.307569367774617,0.002852932920321561,0.0028919139551023274,0.14247165054350122,7.018940232566953,55.591656017657606,53.765665850149475,43.46398759278091,40.95656324779374,49.18015475156922,46.14135957280582,11.867120813851967,0.9382109471978342,0.24129897259978256,2.0256410256410255,1.5128205128205126,688.5014245014246,23.33903133903135,9.299145299145298,16.41025641025641,0.8051282051282052,1.0256410256410255,0.14756121800419117,9.299145299145298,0.9134615384615384,0.21166378210675518,-0.01734990198085151,0.05923371207217492,0.9361468622169011,0.969889437779346,0.9396681749622926,0.9689199689199689,0.000250400641025641,0.9358974358974359,0.14756121800419117,6.427350427350428,238.78525889977269,0.9000290640249438,12.796279804807169,16.197827804255077,1.0305192347770533,16.228347039032123,0.9779315953159633,0.9474123605389096,0.3773977614510754,259.9912314852951,0.9799119068910292,0.9899540757749714,0.010044046554485422,0.9923701913057367,16.19019799556081,0.9397825518446463,207.67521367521368,0.8875009131419388,14.399883117831834,18.23076923076923,1.5299145299145298,18.76068376068376,1.4702924910537367,0.9403779611392068,186.7094017094017,0.7979034261085544,0.912801519468186,18.143570750237416,0.853179480607393,0.9227824005009531,0.8731343283582089,0.2182043976915772,1.1967617548844294,171.38059701492537,0.6394798396079305,0.2750612608598797,241.46268656716418,12.67453775896636,16.044776119402986,1.8656716417910448,16.91044776119403,1.813613592934979,0.9479419511439343,0.8272439883913765,15.872020107794361,0.7751859395353108
2168,7,123.90478099062376,16.46943714269248,285.1673791804338,17.314943838682616,0.0019295411915896193,0.001322849247740851,0.10977500146276786,9.109542124116189,65.36068666607687,64.64192588111894,39.22471800971861,52.05535592767704,63.19914675116753,41.74684046147623,14.421892092830673,0.6605601911975972,0.22819757598332202,1.0,1.0,0.0,0.0,0.0,0.0,1.0,0.0,-3.203426503814917e-16,0.0,1.0,-3.203426503814917e-16,0.0,0.0,1.0,1.0,1.0,1.0,0.0,1.0,-3.203426503814917e-16,0.0,232.6139271397323,0.9751612172142342,11.935035128560417,13.866885016662197,1.043779251253423,13.910664267915621,1.031213933854339,0.9874346826009159,0.20243595909705708,231.75536022785997,0.9714062242792405,0.9856961220597584,0.014296887860379644,0.9890551871866442,13.85594020384884,0.97648986978756,194.09,0.97045,14.198774999999998,16.345,1.72,17.065,1.7050146484375,0.9850146484375,141.61,0.70805,0.8673958333333333,16.212395833333332,0.8524104817708333,0.9114096187518748,0.8264462809917356,0.2559,1.2156162875598089,130.86776859504133,0.5407759032852947,0.3575575438836145,236.07438016528926,11.765538556109556,13.681818181818182,2.239669421487603,14.921487603305785,2.2272848334194215,0.9876154119318182,0.7568009641873279,13.43861914600551,0.744416376119146
2086,11,84.99073098751094,19.7117056808405,191.98910375292857,9.739852393369453,0.004180559392908489,0.006209706041096514,0.18380486994642958,5.440552256811545,55.776365802126854,53.36632498056502,36.87762844245431,40.28697119876799,49.510521928912496,42.77208269172829,16.606795975650716,0.8638988446363118,0.3354195296000889,1.0,1.0,0.0,0.0,0.0,0.0,1.0,0.0,-3.2034265038149176e-16,0.0,1.0,-3.2034265038149176e-16,0.0,0.0,1.0,1.0,1.0,1.0,0.0,1.0,-3.2034265038149176e-16,0.0,155.07271360798723,0.9411456417365733,47.08348661074145,51.98511691109016,1.0226890740146308,52.00780598510478,0.9923588438474147,0.969669769832784,0.2509281610079723,162.3570780371063,0.9851788378816464,0.9925857275254866,0.0074105810591768104,0.9943277314963423,51.9794446425865,0.9639975013291262,140.33333333333334,0.9355555555555556,51.55555555555555,57.0,1.32,57.32,1.286686496133254,0.9666864961332541,121.41333333333333,0.8094222222222223,0.92,56.92,0.886686496133254,0.6950989810023027,0.9036144578313253,0.0952888888888889,0.8927625854189924,114.33734939759036,0.6887792132384961,0.15561039338075194,156.3012048192771,46.741181593845255,51.602409638554214,1.5783132530120483,52.18072289156626,1.5482106892770369,0.9698974362649886,0.8554216867469879,51.45783132530121,0.8253191230119765
1523,2,435.18944892851823,63.57179204937017,976.8055861911653,15.36539327745509,0.0011748361890573803,0.0004904072452970882,0.07885918649512218,12.680830787695925,68.9573956744451,65.60428648156439,49.60569954828463,60.47280470580062,63.80531992708302,47.84921984446239,35.05596731386946,0.7499252397628391,0.5494207591770022,7.957264957264956,1.376068376068376,24611.257852344283,669.6431360135066,24.36087369420703,4.136752136752136,0.9185520361990951,0.188034188034188,0.03871217959812624,3.6771130104463436,0.9629629629629629,0.09726091288731585,-0.07809537729781862,0.07306376922318934,0.9914706141510266,0.9984089414858646,0.9918246005202527,0.9972347913524384,1.7659108568199476e-05,0.9786324786324787,0.08871390434030732,7.124406457739791,817.3123410279691,0.9720107994346867,8.580789104350572,10.374625028988534,1.0328731332528642,10.551865643101772,1.0184450034301167,0.9858447765682935,0.19859004415712014,822.9053486264675,0.9786429892732431,0.9892307692307691,0.01095029956970246,0.9918832251018318,10.330416383875274,0.9777962282678855,715.3012211668928,0.9705579663051462,9.185502118125298,11.033921302578019,1.5440976933514248,13.727272727272727,1.5251357493337574,0.9851009174782557,575.3364993215739,0.7806465391066132,0.9047753655962611,10.401383235338459,0.8908919984484975,0.760914295405509,0.8670588235294118,0.21394078086194168,1.0679975969636033,527.364705882353,0.6204290657439446,0.2863058823529412,826.3129411764706,8.531876816608998,10.321176470588235,1.9247058823529413,14.972941176470588,1.9035677749360616,0.9859073724007561,0.8152696078431372,9.20468137254902,0.8029383501983023
2086,3,1871.3320587912801,56.895150487721374,4289.012210214362,75.38449539983166,0.00011427846287804947,4.6401393854548015e-06,0.016679268842365234,59.95466644557024,140.88373456451433,133.2134823985629,70.24006136355518,129.53578849132262,146.492219511627,69.21250093810764,46.11908360585002,0.47246537166852237,0.31482275140345983,7.228937681597421,1.3875066336682342,51705.941846544374,1159.8395414326753,29.07388150498199,8.467482854889802,0.6673950722166826,0.3386993141955922,0.08929498150705376,8.213953030280189,0.9568245836636543,0.16211916467450616,-0.22536622137803544,0.17195621586132429,0.986473669560879,0.997375237800716,0.9869731033001694,0.9955434300763739,2.16767561085179e-05,0.9777257483693588,0.14857119210668263,9.385341089967946,3428.8358110015174,0.9520678055709134,15.486657285519946,18.114347957484537,1.04535719031655,18.463627834129323,1.0203809213638118,0.9754733208199368,0.27869681998912654,3498.350896098203,0.9713234279487735,0.9853519941071242,0.015328706945611465,0.9890302704670169,18.02739755636949,0.9646159887301224,2865.497522299306,0.9466460265276863,17.27555731485674,20.144367360422862,2.0789560621076975,25.68318467129171,2.0449789468257276,0.9726203126008128,2276.639246778989,0.7521107521569175,0.889826842313987,19.166998959922182,0.8637299881142301,0.9322202391586505,0.8281805745554035,0.6209815874724659,1.3351084255694357,2040.2859097127223,0.5582177591553276,0.4842296499931695,3481.2861833105335,15.352916848347839,17.963064295485637,2.390971272229822,28.218604651162792,2.3535435206291284,0.9756855162742286,0.7738778689770482,16.13639496884025,0.7519310586175821
1186,11,120.32000537872322,19.62666754404708,271.24962719653877,13.820462724392092,0.002478665401624228,0.0021829211847373617,0.12972171605376465,7.70880952257476,51.2124992376192,49.29584234417775,38.433319450986886,39.4035537264379,48.031507809715514,40.326350867222885,11.073798670270644,0.8395811979707605,0.23055280117670396,47.06060606060607,2.1515151515151514,224661.11784511778,2956.06734006734,116.68686868686868,0.0,1.0,0.0,-3.2034265038149176e-16,0.0,0.9595959595959596,0.0834814394594987,-0.09090909090909087,0.08335131007694091,1.0,1.0,1.0,1.0,0.0,0.9696969696969696,0.0834814394594987,29.171717171717173,223.13191933926407,0.9585981834825674,29.892111525586323,33.147230284316464,1.0288292618724877,34.687995885711494,1.0066996322710158,0.9788644113844076,0.22161632187989938,228.36273820617697,0.9810177869256413,0.9905073649754503,0.00949110653717918,0.992792684531878,32.7620388839677,0.9719056061627552,199.15458937198068,0.962099465565124,27.364185861980438,30.3719806763285,1.4927536231884058,52.893719806763286,1.458959431088751,0.9806890330859116,166.95169082125605,0.8065299073490629,0.9172624798711755,24.78199677938808,0.9015723192534787,0.7108045042541763,0.8808510638297873,0.20392541249504073,1.0325045243862976,153.66382978723405,0.6538886373924853,0.2624898143956541,225.2127659574468,30.06971480307831,33.340425531914896,1.8170212765957447,72.96595744680852,1.7702435407836388,0.9787373928126792,0.8360815602836879,23.474379432624115,0.8211977352525633
2060,9,181.24800810241612,34.645334882100904,413.960573561206,11.948522794480875,0.0023207660210615376,0.001913660799373811,0.12415236212599626,8.054619202372873,56.94066920633869,55.99999816417698,38.806185829231204,44.807139619224024,49.81677585916341,43.92065779310007,12.279698814007025,0.8816439248751825,0.24649726125839336,1.6153846153846154,1.3076923076923077,6616.615384615385,236.30769230769232,14.76923076923077,19.692307692307693,0.9120879120879122,0.6153846153846154,0.06240600957377909,14.76923076923077,0.96875,0.08163677880454835,-0.0036582969583703866,0.017267087218230594,0.9807879924953096,0.9906804033637919,0.9813519813519813,0.9905325443786983,1.8780048076923078e-05,0.9807692307692307,0.06240600957377909,8.615384615384615,338.681926631371,0.9717186518220756,14.480050267097285,16.609002108549696,1.0471985733970173,16.656200681946707,1.0328652381274586,0.9856666647304413,0.22192385155343944,337.8311710140037,0.9691583869542767,0.9845719252498911,0.015420806522861704,0.9882003566507458,16.597202465200443,0.9738670213811867,280.17241379310343,0.9661117717003567,17.35077288941736,19.75862068965517,1.806896551724138,20.56551724137931,1.7896710047180264,0.9827744529938888,207.93793103448274,0.7170273483947681,0.871551724137931,19.630172413793105,0.8543261771318197,0.9382562287831407,0.8192090395480226,0.3168133174791914,1.2946597758846263,188.5310734463277,0.5325736538031856,0.44361454243671994,344.1412429378531,14.258993265026014,16.36723163841808,2.406779661016949,17.774011299435028,2.3926683371983835,0.9858886761814343,0.7539430320150659,16.121174670433145,0.7398317081965002
2087,6,120.83169030760787,27.39192979431103,274.02108319788573,10.003715884771163,0.003406996798193405,0.004124256779899994,0.16036708398596178,6.235693604602413,53.240520485562385,50.961886794984586,38.806086564611725,38.01473455211719,43.597993983556826,41.97893545540094,13.613255631190663,0.9628639214738522,0.3122449999952971,1.2747252747252746,1.1373626373626373,2327.7560631788047,105.12446736936535,5.886970172684458,6.868131868131868,0.9171597633136095,0.2747252747252747,0.04551329066017868,5.8869701726844585,0.9803767660910517,0.056502301649189644,-0.0016441563518745901,0.009651994062434811,0.9890285433416424,0.9978710068604675,0.9894336432797972,0.9963851937536148,1.758241758241758e-05,0.989010989010989,0.04551329066017868,3.1887755102040822,225.72668230536362,0.966231002520594,18.441651203764632,20.798146775111054,1.031381995658006,20.829528770769063,1.0142799170076087,0.9828979213496029,0.217382955447393,229.06035684035473,0.9804393681598487,0.989895697522816,0.010762240293478968,0.9925213254866576,20.790668100597713,0.9754192468362605,200.125,0.9621394230769231,20.67249907544379,23.235576923076923,1.4519230769230769,23.6875,1.4327154920064182,0.9807924150833413,164.91346153846155,0.7928531804733728,0.9112246260683761,23.1468015491453,0.8920170411517174,0.7411747627571533,0.8813559322033898,0.16457100591715976,1.0563158838284794,151.83050847457628,0.643349612180408,0.2953892559609308,228.11016949152543,18.257594800344727,20.597457627118644,1.8898305084745763,21.48728813559322,1.8729017895649787,0.9830712810904024,0.8296257062146892,20.427083333333336,0.8126969873050917
1239,16,88.06824908459922,10.837856234249536,197.7992480433948,18.250772456116767,0.002198019267291533,0.0017165846955737364,0.11973517282665619,8.351764785504814,54.8991288670232,54.8991288670232,40.770432930708424,40.76861598747061,47.754572765712446,39.25530159177,14.364656626816704,0.8220218361990062,0.30080169908106597,1.0,1.0,0.0,0.0,0.0,0.0,1.0,0.0,-3.2034265038149176e-16,0.0,1.0,-3.2034265038149176e-16,0.0,0.0,1.0,1.0,1.0,1.0,0.0,1.0,-3.2034265038149176e-16,0.0,162.72611415676667,0.9541873366362139,15.484680216959775,18.076388265767346,1.0258984701703129,18.10228673593766,1.0024740692570515,0.9765755990867391,0.22671977295498322,167.66199893850353,0.9830113115674534,0.9915026833631484,0.008494344216273337,0.9935253824574217,18.069913648224773,0.9701009815441608,146.2077922077922,0.9494012481025468,17.102378141339184,19.90909090909091,1.3766233766233766,20.285714285714285,1.35068498031461,0.9740616036912333,124.96103896103897,0.8114353179288244,0.9202741702741704,19.82936507936508,0.8943357739654036,0.7073130314082251,0.8953488372093024,0.12919547984483049,0.9724120256928114,116.04651162790698,0.6746890210924824,0.21863169280692263,164.1860465116279,15.355327203893994,17.930232558139537,1.7093023255813953,18.63953488372093,1.686078412607267,0.9767760870258717,0.8485142118863049,17.77874677002584,0.8252902989121766
1239,2,390.67484913691396,50.39176461672229,871.8077082740429,17.300598915417563,0.0011044691087909318,0.0004334204444044179,0.07567802641440273,13.213875247276324,82.06279507712509,77.28726062561603,57.212211002277996,66.53480391442741,69.34966198896582,55.04197084224507,34.03054672766381,0.7936876585065803,0.49070962643016763,1.3076923076923077,1.1538461538461537,1024.0,59.07692307692308,4.923076923076923,6.153846153846154,0.9145299145299146,0.3076923076923077,0.05553293037595059,4.923076923076923,0.9738461538461538,0.07091754576056596,-0.002634614271068281,0.013677524605875319,0.9846537502397852,0.9971562633300157,0.9853479853479854,0.9950372208436724,3.846153846153846e-05,0.9846153846153847,0.05553293037595059,2.769230769230769,708.5878570013707,0.9360469684321868,14.428654110183313,17.278836795248953,1.0240002633566834,17.302837058605636,0.9910475920570979,0.9670473287004141,0.28260275670417456,745.2570512270748,0.9844742065873948,0.9921363040629096,0.0080657387345269,0.99411254296909,17.27294933821804,0.9611598716695042,645.7319884726224,0.9304495511132889,15.69146201695887,18.756484149855908,1.3530259365994237,19.10951008645533,1.3170821162278552,0.9640561796284316,592.9596541786743,0.8544087236003953,0.9391610630803715,18.695645212936277,0.9032172427088031,0.6943362790000722,0.90956749672346,0.14429361592571982,0.9933309217248943,549.697247706422,0.7204420022364639,0.2675030790028325,714.5753604193972,14.31880089802102,17.150720838794232,1.7182175622542595,17.868938401048492,1.6855242315362144,0.9673066692819549,0.8739169215086646,17.024637760302898,0.8412235907906195
2087,2,463.87081109615565,70.99715136718636,1059.095999005306,14.9174435679514,0.0011621521670156045,0.0004798751256834855,0.07829056242308952,12.772931615893963,78.55076005863403,75.93670618166816,59.636078240382105,53.74904730409385,67.76334823106203,62.16754784083026,19.593465389398062,0.9174214300752821,0.2891454731927874,12.848178137651823,1.6406882591093117,116487.31207339068,2262.087703410454,53.63472192627317,17.307692307692307,0.835816357555488,0.5769230769230769,0.08183379015015256,14.903846153846153,0.944027718587968,0.16002362418927324,-0.15668542277561992,0.1283932065718069,0.9807905745752582,0.9906997891952217,0.9813895781637717,0.9905422446406054,2.1367521367521368e-05,0.9690283400809716,0.14079285495850413,17.73560355849137,878.1380510136668,0.9825960811618869,7.831763477150925,9.428023312418285,1.041362276359218,9.966399848474964,1.0320750364298574,0.9912299445240186,0.17614832884741036,869.4443533825064,0.9728371414488721,0.9864153506537611,0.013581429275563923,0.9896594309101954,9.293429178404114,0.9810186715475588,739.0958721704394,0.9841489642748861,7.132966076301284,8.66977363515313,1.7576564580559255,19.653794940079894,1.7390340454835798,0.9920189660404233,541.8575233022636,0.7215146781654642,0.8744538649902927,7.407964739379996,0.8676552064321348,0.8446055381409301,0.8289183222958058,0.30227605979422023,1.1615348695512735,501.00220750551875,0.5529825689906388,0.3344102841493307,890.1412803532008,7.876847506688304,9.47682119205298,2.165562913907285,25.47682119205298,2.141305621214105,0.9911791662933892,0.7651766004415012,6.7107247976453275,0.7589897656889477
1178,4,285.7005892640526,37.37660038758974,658.8078214473546,17.62621037268281,0.0012470582538974,0.0005525552740058672,0.08205881532959713,12.18638114605242,59.765268743971546,58.334632354266944,46.593394014069645,49.113746261998486,61.672111975778826,47.68541374798539,20.275852536239135,0.7732087035824785,0.32876857767093,1.2097902097902098,1.1048951048951048,3872.6862919199507,140.43807432237185,5.72155117609663,6.293706293706294,0.9194139194139195,0.20979020979020982,0.033807460532423755,5.72155117609663,0.9869675778766689,0.04080046752543073,-0.000900792232367638,0.006070745964674645,0.993014754391003,0.9966181051618987,0.9932325738777352,0.9965608162329473,7.77000777000777e-06,0.9930069930069929,0.033807460532423755,3.003814367450732,528.3649681935234,0.9641691981460206,16.12386083429073,18.518473289122895,1.0573187224689156,18.575792011591812,1.0390893017726381,0.9817705793037224,0.25987155087877417,529.5464096211219,0.9663057641872407,0.9820788530465949,0.020449360672167426,0.9870048379929599,18.505478127115854,0.9687754172966826,420.45454545454544,0.9555785123966942,19.9896694214876,22.818181818181817,2.209090909090909,24.027272727272727,2.1863872859710525,0.9772963768801437,316.5,0.7193181818181819,0.8714169629973202,22.689598781179136,0.8487133398774639,1.0324213473342263,0.7885304659498208,0.6008057851239669,1.4341688091330085,281.40860215053766,0.5043164913092072,0.6000950655824052,538.3584229390681,15.83998150075153,18.204301075268816,2.74910394265233,19.953405017921146,2.7312014441348804,0.9820975014825507,0.7329938271604938,17.937294902429308,0.7150913286430445
1126,11,83.96801000976586,14.506668395997321,183.90110983911768,12.677005141294858,0.0032818310685473473,0.0038267905280111297,0.15641493916963065,6.39325121570075,55.06069643719194,54.35292347096621,36.56446680814001,40.007999796325606,49.56859391933458,41.79233207732623,16.06721119933844,0.8431211937408787,0.32414095153647904,1.0,1.0,0.0,0.0,0.0,0.0,1.0,0.0,-3.2034265038149176e-16,0.0,1.0,-3.2034265038149176e-16,0.0,0.0,1.0,1.0,1.0,1.0,0.0,1.0,-3.2034265038149176e-16,0.0,163.30769230769232,1.0,0.0,1.0,1.012776816457798,1.012776816457798,1.012776816457798,1.0,0.0354984873706632,161.9353934711808,0.9915579717189532,0.9957786116322702,0.0042210141405233555,0.9968057958855504,0.9968057958855504,0.9968057958855504,155.0,1.0,0.0,1.0,1.1870967741935483,1.1870967741935483,1.1870967741935483,1.0,139.73548387096776,0.901519250780437,0.9603942652329749,0.9603942652329749,0.9603942652329749,0.3212642817558573,0.9451219512195121,0.06759625390218522,0.5139432565025609,133.32926829268294,0.8129833432480666,0.10990481856038073,164.0,0.0,1.0,1.3414634146341464,1.3414634146341464,1.3414634146341464,1.0,0.9214092140921409,0.9214092140921409,0.9214092140921409
1453,27,42.495891082760394,7.253314743041691,92.70805976020885,12.781474821445782,0.004584430031188077,0.0074674606670778396,0.19545988905121792,5.11613919794031,48.13973002600093,48.086528060724724,36.141849423777145,36.83476673518907,50.05080956178503,41.63500829688275,5.825802375567786,0.8318548423374965,0.11639776512258301,53.0,5.875,0.0,0.0,0.0,42.25,0.5,3.25,-3.203426503814917e-16,0.0,0.875,0.24999999999999958,-0.25,0.2324683737580484,0.7514705882352941,0.9556663168940189,0.7678571428571428,0.9207317073170731,0.0014792899408284023,0.875,-3.203426503814917e-16,10.5625,69.67741616874,0.8451365402353953,19.335041691687074,24.42770227250465,1.020630081300813,25.24101528063473,0.9334034011231584,0.9168176204694336,0.5047295904443927,81.36375338753388,0.9866252106880824,0.9933065595716197,0.006687394655958755,0.9948424796747967,24.22437402047213,0.9126711753060024,66.7948717948718,0.856344510190664,18.788297172912557,23.53846153846154,1.1923076923076923,31.23076923076923,1.077462715855573,0.9234203296703296,68.64102564102564,0.8800131492439185,0.9519230769230769,21.615384615384617,0.8849097331240188,0.773255126490156,0.9397590361445783,0.05999342537804076,0.9780819228526693,65.40963855421687,0.788067934388155,0.10596603280592248,70.03614457831326,19.399622586732477,24.53012048192771,1.3614457831325302,38.98795180722892,1.2055722891566265,0.9160468404229161,0.9096385542168675,20.91566265060241,0.8436654782394885
1082,8,147.9689216462129,29.440183372517808,337.6745219358108,11.469851178000047,0.0026768136230574057,0.00254588342674373,0.13654616420357354,7.32353051316127,53.76707463173943,53.17459515268725,44.46328502126258,39.22448553619582,48.271120150847146,43.6375863986729,12.618164159972455,0.9040102293525721,0.26140193392116695,56.0,3.5,165000.0,2000.0,150.0,50.0,0.8000000000000002,1.6666666666666667,0.15304930567574787,33.33333333333333,0.8518518518518517,0.3461067297019995,-0.179080514327006,0.19919887926692684,0.9445061043285238,0.9731327243417519,0.946236559139785,0.9726775956284154,6.17283950617284e-05,0.8888888888888888,0.290551174146444,50.0,268.3951673373955,0.9399615240755362,27.017314166008667,30.741380995012456,1.0370091393413043,32.33312256903104,1.0044429443052068,0.9690516326794876,0.28867760145155513,278.8677194609096,0.976573361728864,0.9880223582645727,0.01251451240213529,0.9910476102014111,30.34374549654455,0.9605036998097949,235.39357429718876,0.9453557200690311,24.589925968935983,27.987951807228917,1.642570281124498,51.76305220883534,1.5904157733953503,0.971916803530459,196.57429718875503,0.7894550087901808,0.9086836233824186,22.11350290049085,0.8866182547277792,0.8125731408450878,0.8615916955017301,0.29547910517572296,1.2208853349923123,178.01038062283737,0.6159528741274649,0.4151291292010393,271.560553633218,27.154847283916617,30.896193771626297,2.134948096885813,71.89273356401384,2.062359350301913,0.9688905371783284,0.8128969627066513,20.743692810457517,0.7921573208255369
1523,7,216.57074929030966,55.37999065776688,493.05119369216555,8.903056642589313,0.0028539076784007793,0.002893890446060051,0.14250410077145378,7.017341919190009,63.7035526840457,62.85392217658465,49.586004588587365,45.81702808521124,59.659684492922366,48.38554096819799,19.785739884790736,0.8110257601837995,0.33164338787507314,1.0,1.0,0.0,0.0,0.0,0.0,1.0,0.0,-3.203426503814917e-16,0.0,1.0,-3.203426503814917e-16,0.0,0.0,1.0,1.0,1.0,1.0,0.0,1.0,-3.203426503814917e-16,0.0,409.7689256425561,0.9810289754906845,8.536961029191954,10.194154029807,1.0387585899157825,10.232912619722782,1.0291913120491782,0.9904327221333955,0.17193105227435962,407.4217008480292,0.9752538133559956,0.9874522640480089,0.012919197062209082,0.9905203527310544,10.184674382538057,0.98095307486445,348.08988764044943,0.9777805832596894,9.998737533139757,11.786516853932584,1.6264044943820224,12.412921348314606,1.615180231266588,0.9887757368845655,258.8370786516854,0.7270704456508017,0.877730961298377,11.664247815230963,0.8665066981829426,0.8263364271292764,0.8416075650118203,0.2145799141522535,1.097730388831647,240.87234042553192,0.5694381570343544,0.2907298425632513,415.0756501182033,8.430159448719882,10.078014184397164,2.049645390070922,11.127659574468085,2.040198965321289,0.9905535752503672,0.77698975571316,9.855003940110324,0.7675433309635272
2095,3,179.1995407104354,13.994630798335557,411.14044876038156,29.378441967135018,0.0009471116982332158,0.0003187165735793247,0.0683074724975763,14.639686749286213,63.5634414962628,62.317823214356736,42.52047363148302,50.804724946833154,56.22764442090765,44.88279503004504,17.271199480327056,0.7982336000786804,0.30716562392403807,1.0,1.0,0.0,0.0,0.0,0.0,1.0,0.0,-3.203426503814917e-16,0.0,1.0,-3.203426503814917e-16,0.0,0.0,1.0,1.0,1.0,1.0,0.0,1.0,-3.203426503814917e-16,0.0,330.1394395160871,0.9547947020053383,17.720476813907318,20.435959209960807,1.0368686265563767,20.472827836517187,1.0137580924184921,0.9768894658621154,0.25013789029052663,337.4488333759751,0.9758319952080533,0.9879120879120881,0.012084002395973431,0.990782843360906,20.426742053321714,0.9676723092230214,284.4266666666667,0.9480888888888889,20.34915555555556,23.4,1.5866666666666667,23.986666666666668,1.5600317082837891,0.9733650416171225,227.74666666666667,0.7591555555555556,0.8943231481481483,23.29432314814815,0.8676881897652706,0.8542108983801536,0.8571428571428571,0.22555555555555556,1.1805840459122978,208.58857142857144,0.5959673469387755,0.3526530612244898,334.36571428571426,17.5104,20.2,2.08,21.28,2.057170035671819,0.9771700356718193,0.7985666666666666,19.998566666666665,0.7757367023384859
1316,7,224.23831585640642,27.98712617994967,543.9193418269814,19.434626418222678,0.0012447485111928725,0.0005505103356974604,0.08195746037120347,12.20145177108684,57.71418388899948,57.13473043581038,44.25048667702569,41.329892945749755,55.327991991887686,44.42800139865235,18.727519141409047,0.8029932010756233,0.33848181484979456,1.0,1.0,0.0,0.0,0.0,0.0,1.0,0.0,-3.2034265038149176e-16,0.0,1.0,-3.2034265038149176e-16,0.0,0.0,1.0,1.0,1.0,1.0,0.0,1.0,-3.2034265038149176e-16,0.0,416.3062091871085,0.9813178826595248,6.3145556610805995,7.865036026875201,1.1017563322900217,7.966792359165221,1.092339273268245,0.9905829409782233,0.28081932219496825,399.22114068536297,0.9408217363125924,0.9685634000702493,0.03539299096272228,0.9767848753208344,7.841820902196035,0.9673678162990574,289.1077441077441,0.9734267478375223,8.981759230917481,10.804713804713804,4.5993265993265995,14.404040404040405,4.585877060499832,0.9865504611732321,193.7138047138047,0.6522350327064131,0.8328599296059613,10.637573734319767,0.8194103907791935,1.2112478038817391,0.678082191780822,2.4244464850525462,1.8483362250136506,162.70776255707761,0.3714789099476658,1.327370154917537,430.0730593607306,6.11713684034945,7.648401826484018,4.63013698630137,11.278538812785389,4.621017093535274,0.990880107233904,0.6204460827117927,7.268847909195811,0.6113261899456967
1353,2,142.84801702880821,22.357335998533056,320.13682636031825,14.319095369024447,0.0022021234638381327,0.0017230011802444468,0.11988417482009879,8.341384519688484,57.91580114970273,56.749273296526496,38.20785601207879,46.37930342826854,52.68536534259496,43.89505663994858,18.007261685080863,0.8331546408478712,0.34178868397297396,1.0,1.0,0.0,0.0,0.0,0.0,1.0,0.0,-3.2034265038149176e-16,0.0,1.0,-3.2034265038149176e-16,0.0,0.0,1.0,1.0,1.0,1.0,0.0,1.0,-3.2034265038149176e-16,0.0,269.26930753908823,0.9715512651805179,11.962692991592236,13.974973166576849,1.0200368577377146,13.99501002431456,1.0056202208859624,0.9855833631482481,0.1641046845162682,273.4960863084456,0.9867672266215126,0.9933829611248968,0.0066163866892436736,0.9949907855655713,13.96996395214242,0.9805741487138194,248.125,0.96923828125,12.935302734375,15.046875,1.27734375,15.32421875,1.261736111111111,0.9843923611111111,215.6171875,0.842254638671875,0.9350043402777778,14.981879340277779,0.9193967013888888,0.5597602437673413,0.9175627240143369,0.0895843505859375,0.7990498746389436,202.61290322580646,0.7262111226731414,0.16394958954792463,271.1146953405018,11.884482470677405,13.88888888888889,1.5376344086021505,14.42652329749104,1.5233134209478294,0.9856790123456791,0.8775388291517324,13.766427718040621,0.8632178414974113
1265,25,101.88773886107613,15.359960632322242,227.5749659916019,14.816116488782647,0.002524227166853027,0.002263909798422351,0.13130654467588523,7.615766620531995,50.86131747218306,48.35199323514661,38.433219401994315,38.28315613528075,41.70748922404835,39.72130404008328,11.213303465632489,0.9523782126203885,0.2688558739509773,1.944444444444444,1.472222222222222,1031.123456790124,60.65432098765438,10.703703703703704,16.055555555555554,0.8000000000000002,0.9444444444444443,0.15304930567574787,10.703703703703704,0.9166666666666666,0.2086048612313034,-0.012413847660339457,0.05063236867877625,0.9446360153256705,0.9738082291100234,0.9475308641975309,0.9730158730158731,0.00019223375624759708,0.9444444444444443,0.15304930567574787,6.689814814814816,173.0970457087937,0.8769505723982024,17.780642288459752,22.27365364267697,1.0246180577942725,22.29827170047124,0.9589586329711955,0.9343405751769228,0.4158467129703564,194.18907259045042,0.9837672052225138,0.9918824893699265,0.008116397388742922,0.9938454855514318,22.267499128228398,0.9281860607283549,153.8988764044944,0.8646004292387325,19.565237975003154,24.589887640449437,1.398876404494382,24.98876404494382,1.3260681093078097,0.9271917048134277,145.26966292134833,0.8161217018053276,0.9223236579275905,24.51221129837703,0.8495153627410182,0.9001292117148244,0.8944723618090452,0.1490026511804065,1.1173797030518564,135.20100502512562,0.6794020353021388,0.19666170046210954,174.69849246231155,17.646069543698392,22.100502512562816,1.6633165829145728,22.763819095477388,1.5981915751597493,0.9348749922451766,0.8509212730318259,21.95142378559464,0.7857962652770024
2168,5,264.19366525273495,48.93897513645201,601.6588867099373,12.294063883282957,0.0018709166082581236,0.0012436870341629522,0.10754008338763026,9.29885832797322,59.6578457803912,59.22176167224994,40.80019940712624,45.29017620997433,49.467082153907924,41.78462899353416,20.47385708726418,0.8446956475728407,0.41388851324530235,43.98811188811189,3.320279720279721,246841.4308305633,5300.723638675375,164.0320661157025,48.599999999999994,0.7299145299145299,1.7999999999999998,0.19680921253817968,33.895384615384614,0.8076660937266997,0.4802233750366035,-0.3987089351883034,0.37417145004426194,0.9334246575342466,0.9870538092701118,0.9357142857142857,0.9780487804878049,9.144947416552355e-05,0.8807303807303809,0.4135567083699368,53.15801652892563,467.6664413891553,0.9188007993415237,33.71208884520607,38.53305049598887,1.0419401890251194,40.71551014000459,0.9969501859205576,0.957740251302314,0.3658186799561812,495.5151631222874,0.9734574249689307,0.9864341085271319,0.014167331356582134,0.9898511185966474,37.987771750837865,0.9482739335006803,397.4212962962963,0.9199567043895748,34.02734375,38.8125,1.7685185185185186,72.20601851851852,1.6852892903603132,0.9583842922499578,323.7037037037037,0.7493141289437586,0.8885071051954733,35.64241335519547,0.8507926649836963,0.990144984572774,0.8372093023255814,0.34182098765432095,1.361848353379265,292.95348837209303,0.5677393185505679,0.3910972898263325,473.79457364341084,33.87138318009735,38.72674418604651,2.2209302325581395,118.8546511627907,2.0777004705880042,0.9574168920403064,0.7801598837209303,30.687863372093023,0.7475500419572498
1183,4,111.61599667358381,20.394666058861905,257.1933054584599,12.610812293575364,0.002789665761176038,0.0027650729300179315,0.14035746963997556,7.124665346027209,57.40522518449714,56.00571278451832,40.99560710657047,44.80000066757202,55.689679264674446,38.99444650434993,15.59209734209124,0.7002095723881323,0.2799818125722579,1.0,1.0,0.0,0.0,0.0,0.0,1.0,0.0,-3.2034265038149176e-16,0.0,1.0,-3.2034265038149176e-16,0.0,0.0,1.0,1.0,1.0,1.0,0.0,1.0,-3.2034265038149176e-16,0.0,215.3846153846154,1.0,0.0,1.0,1.0374415161340766,1.0374415161340766,1.0374415161340766,1.0,0.08903963827861425,210.39656749988626,0.9766774571508309,0.988002822865208,0.012723542486855626,0.9910466213734813,0.9910466213734813,0.9910466213734813,186.0,1.0,0.0,1.0,1.5806451612903225,1.5806451612903225,1.5806451612903225,1.0,138.81720430107526,0.7463290553821251,0.88788082437276,0.88788082437276,0.88788082437276,0.7028942821742277,0.8532110091743119,0.20696034223609663,1.0172964037440722,128.12844036697248,0.5877451392980388,0.30637151754902786,218.0,0.0,1.0,2.0275229357798166,2.0275229357798166,2.0275229357798166,1.0,0.7916985219164118,0.7916985219164118,0.7916985219164118
1186,18,77.31200345611578,15.87200070953354,175.36329163189356,11.048593988945663,0.0038561037012392854,0.005283231678966756,0.1741672729620726,5.741606807024901,47.658787937712006,45.99130421109922,34.54851712551571,36.80869517353978,43.17648639930794,35.84734155958635,9.255009832082646,0.8302514759552304,0.21435301025863443,119.63636363636364,5.7727272727272725,97329.54545454546,1636.3636363636363,111.36363636363635,68.18181818181819,0.7696969696969697,2.272727272727273,0.1743905303685896,38.63636363636363,0.8573232323232323,0.33362954558566427,-0.11141352052282447,0.15335478798042035,0.9243265059025325,0.9633628059205706,0.9266862170087976,0.9627421758569299,8.417508417508418e-05,0.8939393939393938,0.2578719698280886,44.88636363636363,139.9317231925741,0.9371992281493058,28.260347332812486,32.16151796320692,1.0354875693969654,35.17081010640847,0.9999669424073592,0.9675738626813662,0.2844781634650239,146.13794238482157,0.9785396396879364,0.9887926642893531,0.012265970754322435,0.9917216499109672,31.40978846966675,0.960069135010077,123.13953488372093,0.9545700378583017,20.443482963764193,23.325581395348838,1.573643410852713,83.43410852713178,1.4884608248836402,0.9767683856447983,97.15503875968992,0.7531398353464335,0.8910422049956933,16.60163652024117,0.8746940319309218,0.8268090553329046,0.8543046357615894,0.20347334895739438,1.1492609280313022,90.28476821192054,0.5979123722643743,0.2594623042848998,141.33112582781456,28.814525678698303,32.788079470198674,1.9271523178807948,122.72185430463576,1.8014554375615905,0.9669218736002094,0.797645327446652,17.398086828550404,0.7803711947712056
1327,9,55.8089837877112,8.874823109972546,124.04287712692056,13.97694078967443,0.003624324065656629,0.0046671987099321825,0.16711628161797523,5.983857409453267,50.72945705743916,48.484542285408,33.686190054773235,40.87053093233325,49.962392539946045,41.39216807391082,9.634661657436565,0.8284664918882109,0.19283827630419098,1.0,1.0,0.0,0.0,0.0,0.0,1.0,0.0,-3.203426503814917e-16,0.0,1.0,-3.203426503814917e-16,0.0,0.0,1.0,1.0,1.0,1.0,0.0,1.0,-3.203426503814917e-16,0.0,98.46555291003546,0.9110652789030191,45.247714647655116,50.99445210252894,1.0257608435178527,51.02021294604678,0.9795535612154741,0.9537927176976215,0.36905401331835574,106.25657001357935,0.9830664935162172,0.9915314043754412,0.008466753241891292,0.9935597891205368,50.98801189164947,0.9473525068181582,87.43298969072166,0.9013710277393985,50.1643107662876,56.70103092783505,1.5154639175257731,57.21649484536083,1.4639823400231806,0.9485184224974075,82.05154639175258,0.8458922308428101,0.9345475372279497,56.635578465063006,0.8830659597253571,0.8219289399423546,0.8899082568807339,0.25273674141779146,1.1080497971309078,75.1651376146789,0.6895884184832927,0.2450972140392223,99.38532110091744,44.8790505849676,50.56880733944954,1.7339449541284404,51.30275229357798,1.688131073231638,0.9541861191031975,0.8572884811416921,50.426095820591236,0.8114746002448896
1152,7,181.76872928710262,27.820002698402707,411.4137628070089,14.788415632706977,0.0018808926428343959,0.0012569854816229177,0.1079220253819073,9.265949155988004,60.55366106519683,60.55366106519683,45.81912669003046,43.67150483931639,50.26936863039679,48.18806104346024,16.311156110602866,0.9585969021763676,0.3244750541931387,1.0,1.0,0.0,0.0,0.0,0.0,1.0,0.0,-3.2034265038149176e-16,0.0,1.0,-3.2034265038149176e-16,0.0,0.0,1.0,1.0,1.0,1.0,0.0,1.0,-3.2034265038149176e-16,0.0,347.0997106597328,0.9886711194151261,6.548092978057028,7.973000339787126,1.0340377814746065,8.007038121261733,1.0283455362992702,0.9943077548246635,0.13698570506659916,343.48313013964474,0.9783244732618921,0.9889490790899242,0.011489520049086238,0.9917354545897155,7.964735794376841,0.9860432094143788,301.0262295081967,0.9869712442891696,7.530620800859984,9.026229508196721,1.6360655737704919,9.662295081967214,1.629513549682168,0.9934479759116761,239.77377049180328,0.7861435098091911,0.9067850637522769,8.933014571948998,0.9002330396639531,0.7113619854885501,0.8591549295774648,0.2813222252082774,1.0253091189749237,218.85352112676057,0.6164887919063677,0.3061773457647292,351.0225352112676,6.475984923626264,7.895774647887324,1.963380281690141,8.859154929577464,1.9577510778959473,0.9943707962058063,0.8125586854460093,7.708333333333334,0.8069294816518155
1453,12,92.67176248168231,13.055966537474172,205.51674057008537,15.74121226338904,0.0025001340024214556,0.0022208990557851457,0.1304696827893961,7.664615860331307,53.14425405941628,50.96187500550519,40.00789550905267,41.72289601501654,49.53740263679439,46.41984151053295,12.089404088363473,0.9370665202388742,0.24404598232576588,14.444444444444445,1.7037037037037035,17161.613168724274,451.6213991769547,35.654320987654316,5.333333333333333,0.9710843373493976,0.4444444444444444,0.10203287045049847,3.5555555555555554,0.9444444444444444,0.1390699074875355,-0.11111111111111088,0.10646868353784242,0.9632183908045976,0.9934959349593496,0.9658119658119659,0.9883040935672516,0.00025720164609053495,0.9629629629629629,0.10203287045049847,10.246913580246915,152.1926691340943,0.8462341915931906,15.30646985010932,19.93337572378488,1.0201955870589354,19.953571310843817,0.9371940469930764,0.9169984599341412,0.49296980279011243,177.71207101994875,0.9880871672755114,0.9936251593710157,0.007238305789570017,0.9954312722547611,19.928806996039647,0.9124297321889023,138.5421686746988,0.8345913775584265,16.46309333720424,21.512048192771083,1.2951807228915662,21.80722891566265,1.2052584810925868,0.9100777582010204,141.7710843373494,0.8540426767310205,0.9395917001338688,21.451639892904954,0.8496694583348892,0.9031533364722,0.9171270718232044,0.10629264044128321,1.0993443588187717,133.08839779005524,0.7352950154146699,0.16037361496901803,153.3314917127072,15.216934770000915,19.8121546961326,1.5193370165745856,20.331491712707184,1.4368668942617093,0.9175298776871238,0.8824432166973604,19.694597912829956,0.7999730943844839
1164,13,130.5511927411315,26.622204009953332,299.5985449049151,11.253709301938457,0.002896406551871602,0.0029807207341771883,0.14391534270031328,6.948529470428889,52.68913666767575,47.5699677052528,36.006458846811256,41.738232496333985,45.14738710511943,39.95767989471038,17.23762794509438,0.8850496663666153,0.38180787528099813,101.33777777777779,3.9511111111111115,477652.709456534,6544.034800548696,248.84464197530866,0.0,1.0,0.0,-3.2034265038149176e-16,0.0,0.878493827160494,0.2728444764438649,-0.3999999999999991,0.3397058208367931,1.0,1.0,1.0,1.0,0.0,0.9077777777777778,0.2728444764438649,62.211160493827165,240.87392344054732,0.9558731536914571,22.59294530997393,25.56251525784025,1.036153444087663,29.63665109705135,1.0098903608434355,0.9774448895703945,0.23749119214328235,246.14608549490265,0.9764880385636842,0.9882352941176471,0.011755980718157859,0.9909616389780843,24.543981298037473,0.9693335217521343,213.08219178082192,0.9729780446612873,13.835241133420903,15.904109589041095,1.538812785388128,71.09132420091325,1.474944547173688,0.9863139489540486,164.58904109589042,0.7515481328579471,0.8906646372399797,7.65271435819381,0.8844552251913536,0.7639849192205498,0.8588235294117647,0.1830237067617439,1.120674705023645,151.3764705882353,0.5936332179930796,0.29859284890426757,243.28235294117647,23.52719723183391,26.6,2.003921568627451,155.60392156862744,1.8628747366715281,0.9764921946740129,0.7969498910675381,8.619172113289759,0.7897669505512642
1239,27,73.73155737315284,17.15282758333773,165.50397983657618,9.648787002170236,0.004545148984339541,0.007340041121702591,0.19434177470497754,5.145574087290599,49.407337752447916,48.768541468850124,39.33227933802167,39.4035537264379,47.10415474869053,41.832613211786665,10.591259945585415,0.8880875463103303,0.22484768067895,1.0,1.0,0.0,0.0,0.0,0.0,1.0,0.0,-3.203426503814917e-16,0.0,1.0,-3.203426503814917e-16,0.0,0.0,1.0,1.0,1.0,1.0,0.0,1.0,-3.203426503814917e-16,0.0,138.9021619165715,0.9723881043176033,11.610802134447784,13.587813826356625,1.0255347036495466,13.613348530006167,1.0115482438424837,0.9860135401929371,0.1658671335073151,140.72056231958726,0.9850079572423757,0.9919871794871795,0.009109051206127676,0.9942268246981141,13.582040651054736,0.9802403648910509,125.06201550387597,0.9694729884021392,12.836608376900426,14.937984496124031,1.3643410852713178,15.30232558139535,1.3488544358311798,0.9845133505598621,103.83720930232558,0.804939606994772,0.9175279931093885,14.85551248923342,0.9020413436692506,0.6485455570608466,0.8958333333333334,0.1182621236704525,0.8693266641469699,97.29166666666667,0.6756365740740741,0.17881944444444445,140.05555555555554,11.51832561728395,13.48611111111111,1.6388888888888888,14.125,1.6250154320987653,0.9861265432098766,0.8479938271604939,13.334104938271604,0.8341203703703703
1164,3,220.65711400559871,37.2881511293306,501.28605015012744,13.443574834575783,0.001874422483818464,0.00124835244492286,0.10767438636236021,9.287259800438209,61.29097904272675,60.05684063912098,46.58979624730892,46.16492243592217,53.22180213838437,49.37484842291239,18.78253660958915,0.9277184619665951,0.35291057151262645,10.488553113553111,1.8406593406593408,22573.15483119977,768.3334080885102,36.51567678353393,12.967948717948717,0.8197802197802199,0.7628205128205128,0.13304415065489364,9.108440170940172,0.8828710971568113,0.2970739510717313,-0.24015699587852612,0.22504580434624663,0.9552829354553493,0.991025641025641,0.9576210826210827,0.985042735042735,0.00015526572619998228,0.928113553113553,0.25220215619993647,12.37090637537066,385.93057142634603,0.906600212829813,18.84961384439723,22.621661467173972,1.0375254567745833,23.18909512894951,0.9872383586811291,0.9513484210577834,0.4040527541133019,415.2438530414354,0.9753776601948586,0.9876851686596465,0.012311169902570727,0.9906186358063541,22.47980305173009,0.9423759366519469,331.5245901639344,0.9058048911582908,19.834990593926364,23.704918032786885,1.6912568306010929,32.33879781420765,1.6176958175677143,0.9509532553333487,280.224043715847,0.7656394637045,0.8969516312900389,21.616213926372005,0.8540334537150694,1.0042660169512625,0.8491879350348028,0.3045253665382663,1.3361656631937715,254.54524361948955,0.5905922125742217,0.34759718132439,390.7958236658933,18.76666253949968,22.529002320185615,2.0904872389791183,37.109048723897914,2.0002638196445948,0.9514110225319371,0.7957875741170406,18.95240010311936,0.7576072071155927
1133,14,89.08958372502224,7.594801677707639,204.23007234723457,26.890770952807543,0.0014681213842419978,0.0007658190673450434,0.09149037164037259,10.930111902165704,52.09879310668204,51.50576892326981,35.3457773766056,42.089432219566035,51.1527034319996,41.03120929362827,9.922425182497399,0.8021317846509043,0.1939765548401148,1.0,1.0,0.0,0.0,0.0,0.0,1.0,0.0,-3.2034265038149176e-16,0.0,1.0,-3.2034265038149176e-16,0.0,0.0,1.0,1.0,1.0,1.0,0.0,1.0,-3.2034265038149176e-16,0.0,157.83977878468733,0.9209603517501755,29.2408211462037,33.44498082564094,1.0460935235583761,33.491074349199316,1.0053186302392696,0.9592251066808934,0.38878443864945184,166.26992565584854,0.9699552789784877,0.9849690539345712,0.015022360510756196,0.988476619110406,33.43345744475135,0.9477017257912993,129.54545454545453,0.9059122695486331,34.77920680717884,39.88111888111888,1.8041958041958042,40.68531468531469,1.7553323610942375,0.9511365568984333,101.86713286713287,0.7123575724974326,0.869403651903652,39.75052253302253,0.8205402088020853,1.1146129196970183,0.8218390804597702,0.32363440755049144,1.4269796568952187,93.0,0.5344827586206896,0.4104901572202405,160.44827586206895,28.814902893380896,32.95402298850575,2.3448275862068964,34.298850574712645,2.3046696990602067,0.9598421128533101,0.7535919540229885,32.707614942528735,0.7134340668762986
1186,12,156.67200700378427,11.946667200724121,361.35870451163714,30.247658065651496,0.000981214705688623,0.0003420820948371057,0.06993750168796155,14.298480441318532,52.355707250420586,50.37459752321971,37.49773382358526,39.069170012815285,45.48595522428394,41.879058074842376,12.535158662797844,0.92070305808339,0.27558305857245363,1.65,1.3250000000000002,5507.837806249999,240.69824999999994,14.007499999999997,16.900000000000002,0.8324786324786325,0.6499999999999999,0.09734557985284262,14.007500000000002,0.9564182692307692,0.12234557985284256,-0.004006565102307499,0.02208972074279792,0.9750369276218611,0.995,0.9759259259259259,0.9916666666666667,3.698224852071006e-05,0.9750000000000001,0.09734557985284262,7.726875000000001,291.3702096744528,0.9672628798864632,17.347817297462054,19.64185931626791,1.0482808144453852,19.690140130713296,1.0317002062336873,0.9834193917883023,0.24680345854415003,292.0465772278706,0.9693376617377646,0.9844142785319256,0.01608765594184236,0.9882137501609795,19.630073066428885,0.971633141949282,239.16867469879517,0.9605167658586152,20.91772713343333,23.550200803212853,1.9116465863453815,24.461847389558233,1.8915897863089763,0.9799431999635949,174.18072289156626,0.6995209754681376,0.8626241075412762,23.412824910754125,0.8425673075048711,0.9618492314204026,0.8137254901960784,0.4014128804374123,1.2979846706832263,160.26797385620915,0.5237515485497031,0.430560895382118,296.1372549019608,17.080022640864627,19.34967320261438,2.4052287581699345,20.754901960784313,2.388908028728546,0.9836792705586115,0.743362381989833,19.093035584604213,0.7270416525484446
1239,14,116.74163250749199,20.01163218055928,264.39791709688495,13.212211513348715,0.002626156063990271,0.0024504356866182258,0.1348179656582912,7.417409060559434,53.373823508666455,48.97763951412821,40.73895207258172,40.79215671659277,45.02434937906274,39.42719973242892,18.06222943762873,0.8756861626247816,0.4011658066519012,1.0,1.0,0.0,0.0,0.0,0.0,1.0,0.0,-3.2034265038149176e-16,0.0,1.0,-3.2034265038149176e-16,0.0,0.0,1.0,1.0,1.0,1.0,0.0,1.0,-3.2034265038149176e-16,0.0,212.43365195313206,0.9399687446501421,23.532252097144255,27.019117187924163,1.027400445251461,27.04651763317563,0.9964621370613014,0.9690616918098404,0.2663153065358562,222.20813690899132,0.9831202479619237,0.9912280701754385,0.009456298212915736,0.9935314515686977,27.012648639492866,0.9625931433785381,189.48275862068965,0.9334126040428062,26.102259215219977,29.96551724137931,1.4285714285714286,30.39408866995074,1.3941296720418455,0.965558243470417,166.2807881773399,0.8191171831396055,0.9231321839080461,29.888649425287355,0.888690427378463,0.7625460805510317,0.8903508771929824,0.16709942002960518,1.02769624530585,153.4298245614035,0.6729378270236996,0.23745767928593414,214.4298245614035,23.33117882425362,26.789473684210527,1.7456140350877194,27.535087719298247,1.714948786949538,0.9693347518618186,0.8477095516569201,26.637183235867443,0.8170443035187387
1239,85,90.11634790052014,13.56865465547576,200.42324732557302,14.7710478610118,0.0026979861200851483,0.0025863164871348493,0.13726523442756403,7.285165862793233,50.661111597637,49.89725822938436,39.59985099155793,34.483619813449664,48.249592322345535,39.77801863144797,11.168320146162863,0.8244218596853474,0.23146973080206829,1.0,1.0,0.0,0.0,0.0,0.0,1.0,0.0,-3.203426503814917e-16,0.0,1.0,-3.203426503814917e-16,0.0,0.0,1.0,1.0,1.0,1.0,0.0,1.0,-3.203426503814917e-16,0.0,172.78067478598072,0.9886214680401542,3.845943802427903,5.1656220969914415,1.0221045952917591,5.187726692283201,1.0163904360366265,0.9942858407448679,0.10402011325520075,172.48721032737774,0.9868849440292985,0.9930069930069929,0.007876165748697239,0.9949650585648193,5.160587155556261,0.9892508993096875,158.0125,0.987578125,4.19859375,5.55,1.3125,5.8625,1.306258573388203,0.9937585733882031,132.6375,0.828984375,0.9288194444444444,5.4788194444444445,0.9225780178326476,0.5358520379092395,0.9090909090909091,0.1025,0.7567275386603155,124.57954545454545,0.707838326446281,0.16012396694214875,174.01136363636363,3.8190857438016526,5.136363636363637,1.5568181818181819,5.693181818181818,1.5511441576256393,0.9943259758074574,0.8671085858585859,5.003472222222222,0.8614345616660433
1239,83,74.24358207713307,22.614424425792965,163.80572889903473,7.243417997948491,0.0060857901433615065,0.013159403119410046,0.23609061874426693,4.235661735815088,46.57337784617919,44.865511822358805,35.20169734954834,35.23634539793484,40.18323382341553,38.0113589412183,8.927297065699957,0.9459507193537111,0.2221647243457507,3.5,2.25,0.0,0.0,0.0,37.5,0.6666666666666666,2.5,-3.203426503814917e-16,0.0,0.9166666666666666,0.16666666666666627,-0.16666666666666666,0.15497891583869894,0.834070796460177,0.922037422037422,0.84375,0.9193548387096774,0.0007407407407407407,0.9166666666666666,-3.203426503814917e-16,9.375,119.02425997185588,0.8247863682733778,19.71153356924498,25.740169798632646,1.0145585048754062,25.754728303508053,0.9179172165994973,0.9033587117240912,0.4952649731813443,142.94578367641748,0.990453923306098,0.9952254641909815,0.0047730383469510125,0.9963603737811485,25.736530172413797,0.8997190855052395,110.88235294117646,0.8153114186851211,20.777465397923876,27.25,1.213235294117647,27.46323529411765,1.110696231617647,0.8974609375,120.83823529411765,0.8885164359861591,0.9548611111111112,27.204861111111114,0.8523220486111112,0.8234634664121746,0.9379310344827586,0.0765030276816609,0.9988578450246779,114.76551724137931,0.7914863258026159,0.12252080856123662,119.70344827586207,19.62663495838288,25.620689655172413,1.3862068965517242,26.00689655172414,1.290032327586207,0.9038254310344828,0.9111111111111111,25.531800766283528,0.8149365421455939
1274,9,122.37375837724673,19.88360230258379,278.38708664222196,14.000837595008965,0.002415163310994467,0.0020725033988658417,0.12749654531438268,7.843349774962032,52.934475856721726,50.502487420631034,38.01648296272166,39.20816299974425,50.9869026366732,40.946251068723285,12.946272769649163,0.8030739062637626,0.2539136935205265,34.375,2.5,47567.25,121.5,74.25,20.25,0.9,0.75,0.07652465283787377,13.5,0.9166666666666666,0.18763576394898482,-0.08954025716350306,0.1028056422587376,0.9722602739726027,0.9866159947124918,0.9732142857142857,0.9863636363636363,3.8103947568968146e-05,0.9305555555555555,0.1598579861712071,23.625,219.2894911528092,0.9273735235795576,26.472350655251304,30.549535059566644,1.033050496938476,31.345000356894595,0.9943872955864913,0.962309266505655,0.31169599183006774,231.6099892584395,0.9793766667760042,0.9893788220148052,0.011280636702549375,0.9921057813062005,30.351037140775457,0.954658164776265,190.62135922330097,0.9253464039966066,27.211235743236866,31.40776699029126,1.616504854368932,43.42718446601942,1.5631749058846842,0.9612145829205468,159.8640776699029,0.77603921198982,0.9026766450916937,28.459715480043148,0.8675273608634393,0.8712108988066282,0.8619246861924686,0.2704543312282025,1.165777009743525,147.0836820083682,0.6154128954325029,0.2584688643406103,221.67782426778243,26.418129934700026,30.485355648535563,1.887029288702929,51.02928870292887,1.824347835368457,0.9623911279993169,0.8107856810785681,25.381915388191537,0.7794449544113322
1523,9,87.03788978570365,17.83423427961994,194.46429246929262,10.90398889127057,0.003710391439953991,0.0048914960242284755,0.16975160984709176,5.8909603325752045,55.6266612925622,50.60202990641927,40.50780573408531,39.23264005737742,47.3690625083599,42.63534508367254,16.44682946786854,0.9000673187515177,0.3472061425105454,1.0,1.0,0.0,0.0,0.0,0.0,1.0,0.0,-3.2034265038149176e-16,0.0,1.0,-3.2034265038149176e-16,0.0,0.0,1.0,1.0,1.0,1.0,0.0,1.0,-3.2034265038149176e-16,0.0,162.87589121633675,0.9650785783680603,10.057369429998666,12.092686499021339,1.0220460013359425,12.114732500357283,1.004297702937508,0.9822517016015657,0.18614223388020196,166.34470066422728,0.9855252519014566,0.9927601809954751,0.007237374049271755,0.9944884996660144,12.087174998687352,0.9767402012675804,148.11688311688312,0.9617979423174229,11.002192612582222,13.155844155844155,1.3376623376623376,13.493506493506494,1.3182129870129868,0.9805506493506493,128.23376623376623,0.8326867937257547,0.9300144300144301,13.085858585858585,0.9105650793650794,0.629092820718215,0.9058823529411765,0.11907572946533987,0.8576778732825914,119.92941176470588,0.7054671280276816,0.17633217993079583,164.10588235294117,9.985328719723183,12.011764705882353,1.588235294117647,12.6,1.5706164705882353,0.9823811764705882,0.8660130718954249,11.877777777777778,0.8483942483660131
1239,36,66.05118681344942,11.861905642208272,146.5112024610187,12.351405151941796,0.0037737513340561973,0.005059980058427239,0.17167864164954663,5.824836394275145,52.16084903620237,51.55612640907278,39.59985099155793,38.40833300163373,48.204845072021676,38.456372548330904,9.790194089180481,0.7977698609107483,0.20309564473349495,1.0,1.0,0.0,0.0,0.0,0.0,1.0,0.0,-3.203426503814917e-16,0.0,1.0,-3.203426503814917e-16,0.0,0.0,1.0,1.0,1.0,1.0,0.0,1.0,-3.203426503814917e-16,0.0,120.2031326298602,0.9390847452453271,32.46892249748226,36.34507759567844,1.0235510675348274,36.36862866321327,0.9923376909878688,0.9687866234530416,0.28692241922434303,126.02539180799515,0.9844988541201543,0.9922480620155039,0.007750572939922923,0.9941122331162932,36.33918982879474,0.9628988565693345,108.22413793103448,0.9329667063020214,35.71938168846611,40.0,1.353448275862069,40.35344827586207,1.3190072230157113,0.9655589471536421,94.29310344827586,0.812871581450654,0.9212164750957854,39.92121647509579,0.8867754222494275,0.7614788030185515,0.8992248062015504,0.11675089179548157,0.9710752670748519,88.31782945736434,0.6846343368787934,0.17643170482543113,121.2015503875969,32.2233038879875,36.06976744186046,1.62015503875969,36.689922480620154,1.5891847896885465,0.9690297509288565,0.8535745047372955,35.92334194659776,0.8226042556661519
1281,37,86.0197144779257,14.933978207974073,194.91523948078466,13.05179616351045,0.0030962205099650053,0.00340616759162688,0.15046032797411618,6.646270239235626,48.19400371635402,47.119419187753216,34.41078259571701,36.07991185762208,43.07222391317092,35.06737306669098,10.770628581724585,0.8141528317038639,0.25005972766665224,1.0,1.0,0.0,0.0,0.0,0.0,1.0,0.0,-3.203426503814917e-16,0.0,1.0,-3.203426503814917e-16,0.0,0.0,1.0,1.0,1.0,1.0,0.0,1.0,-3.203426503814917e-16,0.0,164.31971931243984,0.9880453263468202,6.509319804156425,7.945595241691984,1.0317490378093233,7.977344279501309,1.0257407374272367,0.9939916996179133,0.12680595530627112,163.13116358905665,0.980736770043075,0.9899267399267401,0.011012634500925069,0.9925870969002463,7.938182338592231,0.9865787965181598,144.013698630137,0.9863951960968287,7.407815725276787,8.91095890410959,1.4931506849315068,9.404109589041095,1.486307294876049,0.9931566099445418,112.28767123287672,0.7690936385813474,0.8995433789954339,8.810502283105022,0.8926999889399757,0.6974125187214342,0.8690476190476191,0.16907487333458435,0.9440233550763233,104.6547619047619,0.6229450113378685,0.22902494331065756,166.01190476190476,6.443558673469389,7.875,1.8214285714285714,8.696428571428571,1.8154813395946614,0.9940527681660899,0.8144841269841271,7.6894841269841265,0.808536895150217
1327,7,55.8089837877112,4.010737367006063,124.56235170092849,31.05721973361518,0.00162768023330454,0.0009413268033339264,0.09800467849849538,10.203594515289925,52.147900300402654,51.55542223223709,37.90579563445782,39.208165920979994,46.504842697776326,41.87109127107873,10.604331930759177,0.9003598086158204,0.22802640145832026,3.4285714285714284,2.2142857142857144,11931.57142857143,0.0,41.285714285714285,82.57142857142857,0.8095238095238095,2.4285714285714284,0.1428571428571425,41.285714285714285,0.9107142857142857,0.21428571428571397,-0.021580805684147553,0.06660629212365951,0.9286331645882208,0.9653206935861283,0.9306122448979591,0.9648033126293996,6.178942165101335e-05,0.9285714285714286,0.1428571428571425,30.964285714285715,106.10941332739262,0.9816669789572533,10.596486162707539,12.32459272791787,1.0254426650564896,12.350035392974359,1.0161980995643118,0.9907554345078221,0.13922633637987822,106.30337911531704,0.9833253217861231,0.9916597164303588,0.008337339106938443,0.9936393337358777,12.318232061653749,0.9843947682436998,98.02,0.9802,11.444399999999998,13.24,1.29,13.53,1.2800081632653062,0.9900081632653062,85.14,0.8514,0.9386111111111112,13.178611111111111,0.9286192743764172,0.5252482226498775,0.9174311926605505,0.1019,0.8024304837764545,79.53211009174312,0.7296523861627809,0.20486491036108073,107.01834862385321,10.508206379934348,12.229357798165138,1.6055045871559632,12.8348623853211,1.5963377644635837,0.9908331773076203,0.8792048929663608,12.108562691131498,0.8700380702739811
1274,4,229.8988180392627,42.924686515862284,514.4727927906973,11.98547583103677,0.0020753367511869222,0.00153030994246089,0.1152373156681784,8.677744654166219,70.05129195717484,68.00204704347098,58.02874265261312,46.296436837807576,67.22159820764601,52.13911059104014,22.4231965461985,0.7756303328282019,0.3335713095801999,10.0,1.7857142857142858,45767.32569762598,946.0058309037898,38.46938775510204,26.0,0.8974358974358974,1.0,0.07692307692307657,13.0,0.9330847723704867,0.160897906044794,-0.08854351075300236,0.0999353187640106,0.9615952732644018,0.9814946619217082,0.962962962962963,0.9811320754716981,5.689576695493855e-05,0.9505494505494506,0.1224363675832556,16.11734693877551,420.36546690083185,0.9436638393142537,19.041622311782266,22.11925491490267,1.0239113486747744,22.523256761315,0.9944197911814405,0.9710298286489676,0.25326799859293797,438.4651560110081,0.9842408448493292,0.992119239335275,0.007879577575335398,0.9940221628313063,22.018254453299587,0.9651823380158493,380.71287128712873,0.9423585922948731,19.48279580433291,22.623762376237625,1.363861386138614,28.393564356435643,1.3267836042863546,0.9703377745181926,331.1930693069307,0.8197848250171552,0.924247112211221,21.196524339933994,0.8964387758220266,0.7127717682345299,0.8997772828507795,0.12868223703558476,0.9660909508973755,308.75055679287306,0.6876404382914767,0.1940962594431575,423.7527839643653,19.005699376491187,22.07795100222717,1.645879732739421,32.4521158129176,1.6036215213811515,0.9710864869653948,0.8558525117545162,19.501732244493937,0.830275173300827
1265,5,319.4871811523191,55.31719155503024,749.3600876615777,13.546603986865545,0.0015214208005668738,0.0008224337901584843,0.0936915265412276,10.673323799030689,68.20667153315256,64.73570189108243,49.08104362425146,52.11679269628817,61.80978723051611,52.169050822623895,23.391934543206535,0.8440257305540038,0.37845033272752804,1.1282051282051282,1.064102564102564,1520.6552706552711,64.81481481481484,2.9914529914529924,3.205128205128205,0.9204244031830238,0.12820512820512822,0.02718148730933975,2.991452991452991,0.9902564102564102,0.03230969243754485,-0.0006051183009476434,0.0044267222941800416,0.9948799868927665,0.9990064698682182,0.995069033530572,0.9983130904183535,8.205128205128205e-06,0.9948717948717949,0.02718148730933975,1.5491452991452994,598.4481674639319,0.9773614459937428,10.102208594663908,11.862323127831287,1.0601029237086883,11.922426051539976,1.0486840252827567,0.9885811015740684,0.22685784073244156,590.5464521754379,0.9641806848714266,0.9812623274161735,0.021036388318470284,0.9861265369217953,11.848449664753083,0.974707638495864,477.17515274949085,0.9718434882881687,12.563204897938867,14.543788187372709,2.1181262729124235,15.661914460285132,2.1038885136601984,0.9857622407477749,335.4928716904277,0.6832848710599342,0.8529612186014934,14.396749405974202,0.8387234593492684,1.0377951062377786,0.7868589743589743,0.5030010660317487,1.431281681243406,303.2371794871795,0.4859570184089415,0.5895792241946088,610.1378205128206,9.913297172912557,11.657051282051283,2.801282051282051,13.458333333333334,2.7900789426396755,0.9887968913576242,0.716210381054131,11.373261663105412,0.7050072724117552
2207,8,155.64858679200955,23.63742244593512,359.6054249182321,15.213394173613574,0.0019556261165156593,0.001358857460247842,0.11076213056148859,9.028356487282078,50.40010084906457,49.37375519504027,38.01487309488924,40.031987806752866,46.07626921625519,37.7897210984814,12.732737196958386,0.8201558359926764,0.27634045493567044,1.0,1.0,0.0,0.0,0.0,0.0,1.0,0.0,-3.2034265038149176e-16,0.0,1.0,-3.2034265038149176e-16,0.0,0.0,1.0,1.0,1.0,1.0,0.0,1.0,-3.2034265038149176e-16,0.0,299.15384615384613,1.0,0.0,1.0,1.0499682405407218,1.0499682405407218,1.0499682405407218,1.0,0.1151912034703226,289.9546348762935,0.9690760702832512,0.9840587044534412,0.01698805417275154,0.9880953631326552,0.9880953631326552,0.9880953631326552,248.0,1.0,0.0,1.0,1.9112903225806452,1.9112903225806452,1.9112903225806452,1.0,183.66935483870967,0.7406022372528616,0.8826870519713262,0.8826870519713262,0.8826870519713262,0.8045352262785148,0.8157894736842105,0.40868886576482827,1.229217940605415,163.55263157894737,0.5380020775623269,0.5321589335180055,304.0,0.0,1.0,2.5328947368421053,2.5328947368421053,2.5328947368421053,1.0,0.7600402046783626,0.7600402046783626,0.7600402046783626
1248,9,88.5757729797295,21.077279312131648,200.35477483327557,9.505722814896489,0.004193146818102124,0.0062471564762619685,0.1841736356784264,5.429658790827341,48.68833723460428,47.36235523629602,38.433219401994315,36.14194293240176,44.83947450831544,37.19092100237181,8.792471492662802,0.82942365873344,0.19608774610041974,4.2727272727272725,2.6363636363636362,0.0,0.0,0.0,117.81818181818181,0.8181818181818182,3.272727272727273,-3.2034265038149176e-16,0.0,0.9545454545454546,0.09090909090909055,-0.09090909090909091,0.08453395409383578,0.9091610009111938,0.9557905509125021,0.9115479115479115,0.9551681195516811,7.01459034792368e-05,0.9545454545454546,-3.2034265038149176e-16,29.454545454545453,168.78094335252894,0.9883560140926477,7.545302867964277,9.01140697595776,1.0394153658787115,9.050822341836469,1.03356335201753,0.9941479861388184,0.14650864045284695,166.39205937749858,0.9742205784409794,0.987105380168964,0.01288971077951029,0.990146158530322,9.00155313448808,0.9842941446691404,145.01360544217687,0.9864871118515434,8.756351520199916,10.306122448979592,1.6258503401360545,10.931972789115646,1.6190525881645572,0.9932022480285028,112.7687074829932,0.7671340645101578,0.8964474678760392,10.202569916855632,0.8896497159045421,0.7354955442709062,0.8497109826589595,0.24082558193345363,1.1012833053482882,101.60115606936417,0.5872899194760934,0.3731497878312005,171.01156069364163,7.448026997226772,8.907514450867051,2.1560693641618496,10.063583815028903,2.150293239654277,0.9942238754924273,0.7944765574823379,8.70199100834939,0.7887004329747651
1239,6,307.72684709211705,55.85336145918788,692.3868376027187,12.396511499288126,0.0017296218954475405,0.0010629298294005862,0.10205513581333633,9.798624949449358,74.81350725044163,67.9214819513357,53.93556332072414,54.099169006769905,63.94032455396944,53.28668144441379,26.26644509123693,0.8333814664865621,0.41079624281647936,8.076923076923077,1.2948717948717947,34896.886039886034,860.1994301994301,23.68376068376068,0.0,1.0,0.0,-3.2034265038149176e-16,0.0,0.9755333050787596,0.06563952594039556,-0.15384615384615283,0.11653848474758181,1.0,1.0,1.0,1.0,0.0,0.9865967365967365,0.06563952594039556,5.920940170940171,551.2957946159437,0.9260710508435454,20.382902317369748,23.92833422573245,1.0290451956267834,24.370767857331195,0.9899581485772326,0.9616944055704338,0.3196967248144055,584.2164761491866,0.9813076046591329,0.990528606169205,0.00973067890790432,0.9928838115949511,23.817870928334415,0.9547735803203813,491.5827067669173,0.9240276442987168,21.170766436768613,24.825187969924812,1.449248120300752,31.229323308270676,1.3985895149025684,0.960598270250295,429.9812030075188,0.8082353439990955,0.9181678153717627,23.254633980785297,0.8815803045341774,0.8226602071851963,0.8851913477537438,0.173027729097179,1.1308477928530802,396.09484193011644,0.6590596371549359,0.27546435364243177,556.6871880199667,20.31177100838591,23.846921797004992,1.8286189683860232,35.21797004991681,1.7704904239625832,0.9618004334301054,0.8392956184137549,21.050610094287297,0.8060782963072468
2086,15,119.2942187957232,26.580936448403218,269.81735735047306,10.15078448700334,0.0033836895814118957,0.004068021827062072,0.15963486824958584,6.264295582569846,53.909194670055264,53.28229512686587,38.607199842945484,40.127796450701005,49.29665779801136,40.93982760739913,11.300011118428987,0.8304787674480165,0.2292246903376243,1.0,1.0,0.0,0.0,0.0,0.0,1.0,0.0,-3.203426503814917e-16,0.0,1.0,-3.203426503814917e-16,0.0,0.0,1.0,1.0,1.0,1.0,0.0,1.0,-3.203426503814917e-16,0.0,220.29425783934678,0.9574778059051223,6.144457046709838,8.019912826287735,1.039014742516947,8.05892756880468,1.0173483449049476,0.9783336023880008,0.2437003608109659,224.48584106142908,0.9755588216972586,0.9874546054803565,0.013214977957393764,0.9906211831666849,8.01053400945442,0.9689547855546856,188.25252525252526,0.9507703295582084,7.113687378838892,9.156565656565656,1.702020202020202,9.858585858585858,1.6768456166604317,0.9748254146402295,149.14141414141415,0.7532394653606774,0.8913769211388259,9.047942577704482,0.8662023357790555,0.8356737384161508,0.8497854077253219,0.31723803693500674,1.1645313422406056,137.56652360515022,0.5904142643997863,0.4000442078505774,223.21459227467813,6.068632688021514,7.931330472103005,2.1587982832618025,9.090128755364807,2.137405287977534,0.9786070047157315,0.7920100143061517,7.723340486409155,0.7706170190218832
1082,7,109.05667927558251,29.440183372520334,249.7827228571074,8.48441464159684,0.004207479233542713,0.006289935738163371,0.18459307430158026,5.417321336586241,51.480645096453095,51.480645096453095,39.395660470242625,39.719016553703334,44.391041762032316,40.743533058015856,12.191984779145148,0.9178323247386327,0.27464966568036164,1.0,1.0,0.0,0.0,0.0,0.0,1.0,0.0,-3.2034265038149176e-16,0.0,1.0,-3.2034265038149176e-16,0.0,0.0,1.0,1.0,1.0,1.0,0.0,1.0,-3.2034265038149176e-16,0.0,203.85504510592793,0.971804365274726,14.43616497934015,16.560999721084897,1.0464089527491578,16.60740867383406,1.0321196968069313,0.9857107440577733,0.21950921492599212,203.4362251365343,0.969677874523648,0.9848320693391117,0.015161062738175952,0.9883977618127104,16.54939748289761,0.9741085058704838,167.10404624277456,0.9659193424437836,17.449296668782782,19.86705202312139,1.7976878612716762,20.664739884393065,1.7803627446296915,0.9826748833580153,118.74566473988439,0.6863911256640717,0.8553709055876685,19.722422928709054,0.8380457889456838,0.9760302953462845,0.812206572769953,0.2818002606167931,1.25243017854621,111.28169014084507,0.5224492494875356,0.3609072274019705,207.08450704225353,14.219400912517358,16.323943661971832,2.3051643192488265,17.629107981220656,2.2910927456382,0.985928426389374,0.7390779864371414,16.063021648408974,0.7250064128265153
1453,5,430.078897705045,94.25042510221579,970.5350436477963,10.29740759890726,0.0017586991325374364,0.0010989687545442136,0.10319574284815188,9.690322220670064,91.54310428554142,87.12279234939855,64.83440304159467,69.88905597852104,80.14110167347414,72.35977567677894,28.039347640919207,0.9029046789449023,0.34987474660833034,1.0,1.0,0.0,0.0,0.0,0.0,1.0,0.0,-3.2034265038149176e-16,0.0,1.0,-3.2034265038149176e-16,0.0,0.0,1.0,1.0,1.0,1.0,0.0,1.0,-3.2034265038149176e-16,0.0,826.7788606019778,0.9951966755820312,3.287875564099672,4.473962163508635,1.0337702844704315,4.507732447979066,1.0313644934984725,0.9975942090280411,0.11113358575391735,812.840656334596,0.9783802600973146,0.989010989010989,0.011359803152326821,0.9917646339605289,4.465726797469164,0.9893588429885701,725.0109739368999,0.9945280849614538,3.745525843884834,4.958847736625515,1.5281207133058985,5.486968449931413,1.5253791290007561,0.9972584156948576,561.3621399176955,0.7700440876785947,0.9000796372504193,4.858927373875933,0.8973380529452768,0.6669229510017813,0.8678571428571429,0.200409829124964,0.9852967597885988,518.6833333333333,0.6174801587301587,0.3159863945578232,836.0095238095238,3.2517630385487535,4.435714285714286,1.9690476190476192,5.404761904761905,1.9666683155256561,0.9976206964780372,0.8116941137566138,4.247408399470899,0.8093148102346509
1126,14,118.78401416015659,28.54400340270845,270.26231399035044,9.468269400665292,0.0036246135679153264,0.004667944348847312,0.16712518072965382,5.983538779937817,50.15815291610219,45.851938136621456,39.39543458295363,38.433319450986886,42.762736008146355,39.803220766203864,11.452961836988456,0.9307921915618613,0.26782574984927654,6.743589743589744,1.358974358974359,3502.3133903133885,125.08262108262102,13.4017094017094,0.0,1.0,0.0,-3.2034265038149176e-16,0.0,0.9658119658119658,0.07063814108111423,-0.07692307692307689,0.07052803160356538,1.0,1.0,1.0,1.0,0.0,0.9743589743589743,0.07063814108111423,3.35042735042735,212.15662592368028,0.9252023628605303,7.330168439668037,9.716860447772444,1.0367128918728552,9.979303940921751,0.9969680427659711,0.9612583980099002,0.32181475106775687,224.30851545525496,0.9781058301655439,0.9883952254641909,0.012944895073286427,0.9915682548949689,9.651996052348302,0.9530774646840651,185.63681592039802,0.9235662483601891,7.490507660701469,9.91542288557214,1.5422885572139304,13.800995024875622,1.487805417357656,0.9603758982863461,156.34328358208955,0.7778272815029331,0.9034687672747375,8.983070757324489,0.8675594250967386,0.880710043995645,0.8663793103448276,0.210044305834014,1.2438241798670269,142.56034482758622,0.6144842449464922,0.3572384066587395,214.69827586206895,7.308486920332939,9.689655172413794,2.0517241379310347,16.53448275862069,1.9873563218390804,0.9613793103448276,0.8117516762452107,8.053130986590038,0.7795677681992337
1265,8,219.1354383544753,36.82123896027113,497.61284048539267,13.514288343808856,0.0018714838923607469,0.001244441349819362,0.10756182057495357,9.296979120050857,65.21833672365037,61.760772750793,45.606906987593675,51.22499466277468,57.15776423939927,52.404283881306775,20.410566327173928,0.9168357891294865,0.3570917547034629,8.999999999999998,1.3076923076923077,33083.07692307692,787.6923076923077,24.61538461538461,0.0,1.0,0.0,-3.2034265038149176e-16,0.0,0.9786324786324786,0.050001724742180745,-0.07692307692307679,0.06560958707889336,1.0,1.0,1.0,1.0,0.0,0.9871794871794872,0.050001724742180745,6.153846153846152,406.912923777231,0.9631929976121689,10.60041668769539,12.703553378362054,1.0413944392179173,13.08618004506812,1.022122782248557,0.9812743145946207,0.22949486366368768,412.165616281348,0.975509410614702,0.9870596693026601,0.014783942019316331,0.9905819395385413,12.608827261028559,0.9719927470241575,347.2714681440443,0.9619708258837792,10.952402145471565,13.09972299168975,1.6786703601108033,18.96398891966759,1.6510138504155123,0.9806404432132964,272.1301939058172,0.7538232518166681,0.8908317943982764,11.694155894121266,0.8735464758387196,0.8598892890512578,0.8434579439252337,0.27303350956484373,1.2066972771473254,247.00467289719626,0.5771137217224211,0.3587649576382217,412.29906542056074,10.565114857192768,12.663551401869158,2.1448598130841123,22.55607476635514,2.112201869158879,0.9813383177570094,0.7866368120456905,10.263272326064383,0.7714741952232607
1274,7,96.26052960218571,16.768789066337252,213.54345832274788,12.734578357326278,0.0030317777244976735,0.0032658554731796624,0.14836529366499396,6.74012078766872,63.44366611944243,60.48443970338483,38.43512319147342,48.800000727176666,60.395912736031626,40.61118351672754,11.465841437146636,0.6724160903772433,0.1898446586486675,1.0,1.0,0.0,0.0,0.0,0.0,1.0,0.0,-3.2034265038149176e-16,0.0,1.0,-3.2034265038149176e-16,0.0,0.0,1.0,1.0,1.0,1.0,0.0,1.0,-3.2034265038149176e-16,0.0,173.06383537709388,0.9277631709305018,32.50657308127422,37.025634649075236,1.0235800509045287,37.04921469997977,0.9860923977837431,0.962512346879214,0.29316093280517286,183.64767407234197,0.9844537354948939,0.9922258592471359,0.00777313225255306,0.9941049872738676,37.01973963634911,0.9566173341530817,157.57309941520467,0.9214801135392087,35.3339489073561,40.29824561403509,1.345029239766082,40.64327485380117,1.3041361642051712,0.9591069244390894,145.0,0.847953216374269,0.9366877842755036,40.234933398310595,0.895794708714593,0.7102862105733861,0.9095744680851063,0.13631544748811597,0.9963941271956293,134.77659574468086,0.716896785875962,0.2570167496604799,174.5212765957447,32.26290176550475,36.744680851063826,1.702127659574468,37.4468085106383,1.6649323621227887,0.9628047025483206,0.8721187943262412,36.61679964539007,0.8349234968745619
1281,8,207.36895454499944,36.5242438457891,472.27042591497315,12.930327261776329,0.002007798713320728,0.0014323283544331168,0.11272343031849978,8.871270127022417,58.685278171095,54.41278998038474,41.183877128858285,45.907734740093964,53.072524738774476,42.92567585372968,23.49740524189601,0.8088116415228394,0.4427414252016721,69.52307692307691,2.903418803418803,519322.9800484824,8687.034197319828,208.13489078822414,0.0,1.0,0.0,-3.2034265038149176e-16,0.0,0.9099762583095916,0.20665284429003763,-0.3076923076923071,0.2630331551477578,1.0,1.0,1.0,1.0,0.0,0.944017094017094,0.20665284429003763,52.033722697056035,383.14215250653393,0.9578634520080954,24.354924739320857,27.357929026104557,1.0384259670623932,30.946699250526983,1.0140110500962995,0.9784833232439962,0.2406217066333585,390.4585941904292,0.9760523526249989,0.9876543209876542,0.01311592279880499,0.9908235525240952,26.461166514288646,0.9700314358206139,335.1449275362319,0.9714345725687881,16.510817055240498,18.73913043478261,1.6028985507246376,83.20289855072464,1.5362863058266787,0.9855190771960959,260.0608695652174,0.7537996219281663,0.8913446054750404,12.643518518518517,0.8817509941174538,0.8008631852529908,0.8518518518518519,0.2248267170762445,1.179864067649997,238.01234567901236,0.5876848041457094,0.34141137021795454,387.4,25.118024691358027,28.2,2.0864197530864197,150.1753086419753,1.9655308641975309,0.977795918367347,0.7931241426611797,12.986951303155006,0.7831699980403684
1152,1,522.2650813319568,71.96078918844408,1189.2328717178075,16.526123255868654,0.000989966785117793,0.0003482118073892099,0.07035276398505312,14.214082622431953,93.46771998098998,92.34841282845723,53.36879487817868,80.64540364162744,84.17684847150625,56.73954479520214,27.12666179543429,0.674051664150962,0.32225798765341795,1.0,1.0,0.0,0.0,0.0,0.0,1.0,0.0,-3.2034265038149176e-16,0.0,1.0,-3.2034265038149176e-16,0.0,0.0,1.0,1.0,1.0,1.0,0.0,1.0,-3.2034265038149176e-16,0.0,991.5885939417087,0.9842441863717606,10.784854428529759,12.458816117868565,1.0378790325324418,12.496695150401006,1.0299435643067716,0.9920645317743292,0.1614010761736455,983.1964558446645,0.975861321922576,0.987707390648567,0.012748584553547583,0.9907852194828087,12.449601337351371,0.9828497512571381,853.1472957422325,0.9817575324996921,12.486969003960743,14.284234752589184,1.673187571921749,14.957422324510931,1.6639879633673245,0.9908003914455754,670.1875719217492,0.771216998759205,0.8997151898734177,14.183949942462602,0.8905155813189931,0.761412527819001,0.8519607843137255,0.2954681187190546,1.108334829308524,608.5274509803921,0.596595540176855,0.3684390618992695,1004.1254901960784,10.653041138023836,12.31764705882353,2.1098039215686275,13.427450980392157,2.1019662158492203,0.9921622942805932,0.7997889433551197,12.11743600217865,0.791951237635713
2086,5,261.11610122669026,48.404610595038235,621.5527541801548,12.840775838074146,0.001762360707555509,0.0011035495783584398,0.10333892745258517,9.676895480251895,65.88174290912742,63.944473086564265,51.43001452758409,46.81880034053298,64.59810428088416,53.41658938374521,18.85632296471735,0.8269064545838727,0.29190211035801716,4.3740053050397885,1.1591511936339522,20068.677031313735,463.56575631511043,12.43354980334766,1.5278514588859418,0.9831640058055152,0.0636604774535809,0.016645917880866164,1.475166925820909,0.9853196743803164,0.046870069461620804,-0.04322019503044071,0.04734357234391991,0.9973520771943052,0.9987278505754489,0.9974535809018568,0.99870080658258,4.605069260241674e-06,0.9920424403183024,0.04421754956772163,3.4903503155584,469.04000792523925,0.9421486852813724,16.66117863896472,19.604778952859842,1.0749740825917677,20.277263408895593,1.0442504196696822,0.9702323536754243,0.35455054325636304,474.84668901440216,0.9535136080103668,0.9761689291101057,0.025054108817217265,0.98195183338381,19.437353192882657,0.9524231912086123,360.8756476683938,0.9349110043222637,18.745630755188063,22.015544041450777,2.5492227979274613,33.26424870466321,2.5000787564766838,0.9663751295336788,269.440414507772,0.6980321619372332,0.858408113005325,19.449081688134857,0.8286630352851179,1.1806195906448143,0.7568627450980392,0.8035383500228194,1.7280976293878236,229.48627450980393,0.4499730872741253,0.9533410226835831,480.88235294117646,16.442906574394463,19.352941176470587,3.5764705882352943,36.61176470588235,3.523614117647059,0.970635294117647,0.6943839869281045,15.376736928104574,0.6708922222222222
1508,3,805.8880960693382,91.73334426881092,1828.4105603121789,19.93179879013561,0.0006619751837225444,0.00015569894282729167,0.053797474445008285,18.588233189686232,92.72411292066553,83.84748654110027,56.7492739687283,81.932661419313,85.79846042679198,50.552782594341096,40.50245261996476,0.5892038428530492,0.47206502795611005,11.166010013378436,1.5948181935024037,128017.3616276558,2403.7751325540503,51.9522678248965,18.925980744401798,0.6564970549204407,0.6105155078839289,0.11149421781382648,17.91747975582271,0.9444780395000293,0.18726963993104365,-0.18750375187749738,0.1475703859021812,0.9803264233426177,0.9904655008844324,0.9809213903786271,0.9903092776526361,2.0493286827697256e-05,0.9709652920179236,0.16757559128962665,17.719562142324573,1493.4496057793783,0.961178771593185,18.653600249474582,21.258293525062548,1.0395080313093052,21.75502202271234,1.0192780371770758,0.9802165102294311,0.23939585526040175,1514.4745587087787,0.9746789153378195,0.9871469064607563,0.013247219671420913,0.9903435669377844,21.13433197541521,0.9706717032576306,1275.178947368421,0.958781163434903,19.805650969529086,22.53684210526316,1.693233082706767,30.152631578947368,1.6654407013627819,0.9789679276315789,1007.9804511278195,0.7578800384419696,0.8930192147034254,20.69922222222222,0.8736772195788951,0.8683693017427913,0.8449809402795425,0.2926587144553112,1.2134249499312912,914.6556543837357,0.5811027029121574,0.36862839438202427,1513.2210927573062,18.554170857760077,21.14803049555273,2.1486658195679795,33.99555273189326,2.117565344067662,0.9803241889691868,0.7893404983763941,18.01265688973599,0.772520853462957
1239,37,56.834742141805314,6.741658602406893,128.65101034025977,19.082990985976217,0.0026065857572827853,0.002414050116369697,0.13414734879854082,7.4544894771030865,49.02371898029696,48.00148159358324,38.47677495102122,36.22154109229268,45.5828460203296,42.678604857490114,10.785980334908029,0.9362865328429864,0.2366236704504489,1.0,1.0,0.0,0.0,0.0,0.0,1.0,0.0,-3.203426503814917e-16,0.0,1.0,-3.203426503814917e-16,0.0,0.0,1.0,1.0,1.0,1.0,0.0,1.0,-3.203426503814917e-16,0.0,100.38184744698506,0.9125558150078183,37.72405081557716,42.848661868386635,1.0289161908427964,42.877578059229435,0.983525243601258,0.954609052758462,0.36219701114626596,108.18496396569792,0.9833610341031025,0.9909909909909911,0.010417208470128463,0.9935550815137972,42.84221694990044,0.9481641342722589,90.42,0.9042,41.3179,47.03,1.45,47.48,1.4000737847222222,0.9500737847222221,85.14,0.8514,0.9379000000000001,46.9679,0.8879737847222222,0.7619805038422972,0.9009009009009009,0.21789999999999998,1.1016741494570355,78.36936936936937,0.7060303546790033,0.3595487379271163,101.37837837837837,37.39582826069312,42.468468468468465,1.882882882882883,43.351351351351354,1.8379043105605606,0.9550214276776776,0.8653028028028028,42.333771271271274,0.8203242304804804
1164,17,105.46488511636504,14.676343236259369,239.79450361323333,16.338845429888632,0.0022298933237363816,0.0017667309641849433,0.12088993392847222,8.271987315268754,52.335911877725515,50.50004789744816,36.5620716028064,39.59798033650254,44.523496399082276,39.94015582274391,10.800910635504225,0.8970579368867168,0.2425890037631199,1.0,1.0,0.0,0.0,0.0,0.0,1.0,0.0,-3.203426503814917e-16,0.0,1.0,-3.203426503814917e-16,0.0,0.0,1.0,1.0,1.0,1.0,0.0,1.0,-3.203426503814917e-16,0.0,203.30769230769232,1.0,0.0,1.0,1.040852624061014,1.040852624061014,1.040852624061014,1.0,0.0958591909055279,198.17970960699515,0.9745724658415615,0.9869305451829725,0.013838063658061292,0.9902185110830801,0.9902185110830801,0.9902185110830801,172.0,1.0,0.0,1.0,1.6744186046511629,1.6744186046511629,1.6744186046511629,1.0,124.84883720930233,0.7258653326122229,0.8766149870801033,0.8766149870801033,0.8766149870801033,0.7566318221188646,0.8349514563106796,0.2399945916711736,1.0552432048119402,115.58252427184466,0.5610802149118673,0.3117164671505326,206.0,0.0,1.0,2.1067961165048543,2.1067961165048543,2.1067961165048543,1.0,0.7718446601941747,0.7718446601941747,0.7718446601941747
2003,2,604.1661038214318,91.45692397890686,1372.6054395907283,15.008217856827317,0.001014665935900001,0.00036580396399595933,0.07151812760220812,13.982468970134576,77.68264116548211,73.13349298087522,47.74634338772549,69.54020962343195,73.5963638353806,46.26688848106881,31.517261492070688,0.6286572606298593,0.42824481875990633,14.13846153846154,1.4013986013986015,250150.43786771203,3390.2246075247076,53.30003814367452,9.046153846153846,0.9204244031830238,0.21538461538461537,0.02718148730933975,8.443076923076925,0.9775418520873066,0.06611715296996892,-0.0775281952240241,0.06325148441360949,0.994874700370451,0.9974962209116651,0.9949910554561717,0.9974660633484163,2.9071457642886215e-06,0.9878787878787878,0.060988947841763834,15.586547997457087,1145.9062183197195,0.9847799197214347,13.424110805694559,15.172146692808278,1.0428485682066564,15.579804104865692,1.0349865046389664,0.9923352370509418,0.16994000368017098,1131.9625957848489,0.9727469015044534,0.986114732724902,0.01440936583247234,0.9895812568222575,15.070525738667843,0.9819658190278575,965.1304791029562,0.9838231183516373,14.268009613855925,16.07033639143731,1.7329255861365953,22.454638124362894,1.721718602611324,0.9918494665270755,714.1213047910296,0.727952400398603,0.8777644693623288,14.53525682410239,0.8703780484024909,0.8483352640575366,0.8313559322033899,0.2860672866003506,1.179563792117218,655.2203389830509,0.5552714737144498,0.37983625395001436,1162.1372881355933,13.351620224073544,15.094915254237288,2.2322033898305085,25.723728813559323,2.2194984004179994,0.9923770063524947,0.7686322975517891,12.514395009416196,0.7622798028455346
1281,7,246.28263490406107,35.84154769913473,561.54083386101,15.66731544560411,0.0015196368096330982,0.000820506178533909,0.0936182715434125,10.681675526729649,59.492115066670415,56.36531107322951,40.47872376856557,48.35204336154404,55.560799077565356,42.399601722983455,20.59505363297809,0.7631208050804258,0.37067597973575717,22.0,1.75,120016.21064814815,2577.25,67.52777777777777,0.0,1.0,0.0,-3.2034265038149176e-16,0.0,0.9500534188034186,0.12364643962704457,-0.2307692307692299,0.18594912642697256,1.0,1.0,1.0,1.0,0.0,0.9711538461538461,0.12364643962704457,16.881944444444443,461.5013778952888,0.9719008271187495,9.497520433862626,11.376528517805005,1.0389703103513739,12.482571697923486,1.023272640409574,0.9857660788507475,0.20492041286408752,462.7272487501098,0.9744192275540502,0.9872061410522951,0.012790386222974848,0.9902574224121565,11.100017722775384,0.976389438461041,395.12345679012344,0.9756134735558604,8.242645938119189,9.987654320987655,1.6271604938271604,24.99506172839506,1.5951057596233638,0.9876712560754628,294.2987654320988,0.7266636183508611,0.8775891632373113,8.267438271604938,0.8674521960104697,0.8351980474926847,0.841995841995842,0.21663770766651425,1.1381747689991388,272.86278586278587,0.5672822990910309,0.3093088290593488,467.2037422037422,9.694667640613588,11.594594594594595,2.085239085239085,49.00415800415801,2.020878428285836,0.9854669484299113,0.7761174636174636,7.334676022176022,0.767120812645504
1395,12,137.21564831541912,16.383958007814368,313.079013430724,19.108875479380515,0.0016686411711904986,0.000989300334752773,0.09964206484459716,10.035922093340908,53.366584999016375,52.61171941297818,38.44154875544437,41.53841657336158,49.151803770747975,45.16715962649947,14.207377084576285,0.9189318837039322,0.289050980729859,17.228571428571428,1.9015873015873013,20512.051111016506,703.2494241802542,43.06527588813304,0.0,1.0,0.0,-3.203426503814917e-16,0.0,0.9158881330309901,0.18599139229368114,-0.24999999999999967,0.21865344679161694,1.0,1.0,1.0,1.0,0.0,0.9436507936507935,0.18599139229368114,10.76631897203326,216.1927878404861,0.8179576935741062,23.301415222514397,30.16899310320681,1.0420593474606235,30.969198088262694,0.9385052341706508,0.8990692280165853,0.5743008339995053,257.0530649514262,0.9724551837791089,0.9862227324913893,0.013772408110445604,0.9894851631348442,29.968941856942838,0.8892102264780688,179.1891891891892,0.8071585098612125,24.683710737764795,32.13513513513514,1.7387387387387387,44.549549549549546,1.5906044452757255,0.8922659683905358,158.57657657657657,0.7143089034980927,0.870706956956957,29.086923173173172,0.7730729908108801,1.2798301908748961,0.8283582089552238,0.28138949760571386,1.5590196930999105,146.97014925373134,0.5483960793049677,0.33437291156159504,219.4402985074627,23.192693250167075,30.01492537313433,2.1791044776119404,50.53731343283582,2.0117750348603005,0.8996023343490162,0.7613235903814263,24.940428067993366,0.6776588690056063
1497,9,102.91173623656434,25.4292681579574,230.64109278734549,9.069906823691763,0.004095942908612257,0.005960875282645502,0.18131622916011453,5.515226103212924,58.929031278782965,56.97432434572511,41.8759003091188,44.97821762021357,57.98976268064532,48.69697499920541,10.398432404363037,0.8397512379449437,0.17931496739567826,1.0,1.0,0.0,0.0,0.0,0.0,1.0,0.0,-3.2034265038149176e-16,0.0,1.0,-3.2034265038149176e-16,0.0,0.0,1.0,1.0,1.0,1.0,0.0,1.0,-3.2034265038149176e-16,0.0,195.0402031941289,0.9801004510522933,8.954797026467977,10.648766590935859,1.0303157574657935,10.679082348401653,1.020275417620907,0.9899596601551135,0.15719567037757304,195.06231150041634,0.9801049762027811,0.990049751243781,0.009947511898609457,0.9924210606335517,10.641187651569409,0.9823807207886652,172.04545454545453,0.9775309917355371,10.111053719008266,11.909090909090908,1.5625,12.471590909090908,1.5511481884400717,0.988648188440072,141.5340909090909,0.8041709710743802,0.9161931818181818,11.825284090909092,0.9048413702582537,0.6651175117196432,0.8756218905472637,0.25823217975206614,0.9940425750092509,129.62686567164178,0.6449097794609044,0.2813296700576718,197.03980099502488,8.866117175317443,10.552238805970148,1.8656716417910448,11.417910447761194,1.8557317470918042,0.9900601053007595,0.8307421227197346,10.382980928689884,0.8208022280204942
1118,3,308.22516200259787,41.5148231767054,712.7255255028747,17.167976904760028,0.0012309623980504992,0.0005383835971308031,0.08135119557991334,12.292382341420842,66.42420158228275,61.68318301638814,47.746169130856984,49.477268244680666,56.95302055281958,50.34984964191052,18.54902878586754,0.8840593379101793,0.32568999160746415,4.191025641025641,1.207051282051282,11128.24153203348,337.4930890313391,12.118183760683761,2.314102564102564,0.9197324414715718,0.12179487179487179,0.03183206540797147,2.121260683760684,0.9741346153846154,0.07431890594048024,-0.07772788724451038,0.06556428496371342,0.9936074514803797,0.9987704024632824,0.9939102564102564,0.9979000884173298,1.7756942964699198e-05,0.9858974358974358,0.06790864953022385,3.608071581196581,552.8938793953519,0.9347906248351182,13.539716962160124,16.335892067552127,1.0553695497793192,16.546796960366784,1.0213762609984598,0.9663955495767291,0.3480651626974775,571.8053899514979,0.9667214808704675,0.9824942499361102,0.019329766215349407,0.9871748952735021,16.28418312706679,0.9536676544396283,445.42323651452284,0.9241145985778482,15.85563265095298,19.053941908713693,2.1659751037344397,22.703319502074688,2.120442235398747,0.9606756378883733,361.0207468879668,0.7490056989376904,0.885766194098663,18.31885748040572,0.8479939585430528,1.0621319480385436,0.8006644518272426,0.6060673886468896,1.5025601784120193,314.13953488372096,0.5218264699065132,0.6001479012372932,563.2657807308971,13.35306729506297,16.11794019933555,2.7176079734219267,21.812292358803987,2.674523517379063,0.9668574044222524,0.7495907161314137,14.873344868955334,0.7189335856699451
2168,10,253.95360070805532,46.59229367829053,587.2218935691318,12.603412436051526,0.0018472930472930031,0.0012124779170211042,0.10663291440732452,9.377967446150107,58.59713589647387,54.35310584747505,45.82427626837854,43.08131909903771,47.5881465271823,43.07080535627526,19.82837132425398,0.9050742359060624,0.4166661820486753,34.18977732793522,2.6171558704453446,105519.66537084697,2883.8251106740017,106.04714455039418,8.009615384615385,0.8871794871794871,0.3814102564102564,0.08052482907501829,7.06076388888889,0.8546731431827808,0.37034132683075516,-0.4099518346476041,0.3735246632777879,0.9818786982248521,0.99650235136043,0.9826631701631702,0.9940404647435896,4.1184564994088804e-05,0.9139113810166442,0.352178933668362,28.5141899837524,441.20477790218234,0.9045393750614585,23.625548541649614,28.020042939439595,1.0520808227368788,29.83448959989874,0.9983921663979196,0.9499525953918717,0.418770205264607,472.20094147117646,0.9679948253256796,0.9834057071960298,0.017871242241254557,0.9876939331088213,27.653690594002647,0.9383780290762007,359.9145728643216,0.9043079720209085,24.25717153607232,28.701005025125628,1.9748743718592965,55.1608040201005,1.8720683051783462,0.9498487362593712,281.18090452261305,0.7064846847301836,0.8654546827106051,25.60838809979603,0.8214151371684065,1.1601459377414973,0.8024193548387096,0.42178227822529735,1.5332686994421314,253.84274193548387,0.5117797216441207,0.47110757023933403,448.4233870967742,23.68338644640999,28.096774193548388,2.5201612903225805,86.09677419354838,2.353165246613883,0.9496978379228671,0.7379278673835126,21.35629144265233,0.701010851211916
1296,14,112.13127149997396,17.02449670033801,252.20069075560755,14.813988054671848,0.0023981698443449745,0.0020434410874490294,0.12689778469094234,7.880358214569979,48.70231407167023,46.88075967762733,36.80976422958746,37.223649014666776,41.88085376940268,39.492739164914404,11.59547418163336,0.9429783686446005,0.2768681423133925,59.80769230769231,4.326923076923077,276066.8491586539,4914.149038461538,190.2596153846154,102.5,0.737437117974793,3.269230769230769,0.12481201914755856,43.64423076923077,0.8306623931623931,0.38147291669440314,-0.31135060465067776,0.30202338965500497,0.8847874264006759,0.9723283706189189,0.8888165680473373,0.9591234591234591,0.00017232572254438145,0.8717948717948717,0.26608830130978756,73.18990384615384,199.6509862508362,0.921359915703618,30.73496043302623,35.12591889630294,1.0320022313270625,36.49125446096333,0.9891066489031812,0.9592377509094521,0.3479857511592637,212.13386423528956,0.9789286186051254,0.9894625922023181,0.010535690697437343,0.9919994421682344,34.78458500513783,0.95177052641102,176.45263157894738,0.9286980609418283,29.79448753462604,33.857894736842105,1.5526315789473684,54.11578947368421,1.4843136842105262,0.9632105263157896,148.73684210526315,0.782825484764543,0.9059122807017544,28.837491228070174,0.8770049122807019,0.8682900490113222,0.867579908675799,0.22407202216066482,1.198416704984835,136.76255707762556,0.6244865619982902,0.2811033965096641,201.66666666666666,30.793561435332876,35.205479452054796,1.904109589041096,70.3013698630137,1.8083671232876712,0.9589643835616439,0.8172564687975646,26.474790715372908,0.7898975646879757
1239,75,52.22651980598326,5.162915765134399,122.09697874839463,23.64884191466491,0.0021590501327469857,0.0016562568960713335,0.11831575148770757,8.45196000892489,46.24202133121729,43.855118143609786,35.21078664710961,38.01473455211719,47.98192365953488,33.20315717904198,7.205628969576892,0.6919930391837033,0.1501738242240107,37.666666666666664,2.666666666666667,34962.96296296296,474.0740740740741,75.55555555555557,0.0,1.0,0.0,-3.2034265038149176e-16,0.0,0.9055555555555556,0.1918295834054486,-0.19999999999999996,0.18467379058785435,1.0,1.0,1.0,1.0,0.0,0.9166666666666666,0.1918295834054486,18.88888888888889,83.98583008041076,0.8406591759779952,31.868164804400987,39.42546962633047,1.0654163303215158,43.15198676060992,0.9699819302528347,0.9128674158133095,0.557684719780452,96.02563004949197,0.9606989591442182,0.9795008912655973,0.022346198647004125,0.9846872586671477,38.49488168400813,0.899630128450955,69.88888888888889,0.8628257887517147,27.434842249657063,33.592592592592595,2.2222222222222223,94.5679012345679,2.0128215895411663,0.9260938943478626,58.20987654320987,0.7186404511507393,0.8716511295876375,24.56163741216651,0.8179323398312228,1.1793561757241287,0.7941176470588235,0.6364883401920438,1.668125715522991,51.78431372549019,0.5076893502499039,0.5417147251057286,85.58823529411765,32.179930795847746,39.8235294117647,2.6470588235294117,127.74509803921569,2.3633898003645903,0.9119647859143657,0.735686274509804,22.783616557734206,0.6856909677451227
2122,1,251.9007080384765,40.19147475816784,576.6281877096405,14.347027352920318,0.0016376278034276007,0.0009528678025804824,0.09840357669886231,10.162232243450166,61.781211302128746,57.203858066893496,43.99942696094513,48.51061469574662,58.220721684592114,49.915437968988094,18.21180527331574,0.8573483207474225,0.31280624400324847,6.29532967032967,1.9306318681318682,34911.099599963105,960.947610929674,43.066934305773586,39.66346153846154,0.6562548562548562,1.5865384615384615,0.2179854456761382,30.311832264957268,0.8853167517006804,0.3100033169562054,-0.08869356878434353,0.11246345984693017,0.9366398377979848,0.9877050646191996,0.9389792899408284,0.9791244939271255,0.00010153846153846153,0.9310439560439561,0.24654177849466707,20.68259896105878,463.37462751205635,0.955867132629998,17.572504077913074,20.180494506183557,1.046285222091085,20.55265678009312,1.0233020727732287,0.9774989173268456,0.2726114512196398,471.1748470723403,0.9718110004088506,0.9853033145716074,0.015975140500426623,0.9891432177053938,20.088168460934334,0.9667626516934148,386.44827586206895,0.9518430439952438,19.55352592880196,22.366995073891626,1.832512315270936,28.1871921182266,1.8005372806571485,0.9754031972339408,298.48275862068965,0.735179208425344,0.8810721127531472,21.00114600437876,0.85831986794902,0.958827836936705,0.8252032520325203,0.3639981557426776,1.3287673244447038,269.7845528455285,0.5483425870844074,0.4393548813536916,470.4512195121951,17.412750347015667,20.004065040650406,2.3495934959349594,29.585365853658537,2.3150895388344828,0.9776731247295138,0.7658615627822946,17.71199977416441,0.7465789579693057
2095,9,202.23948165891997,49.23720713805841,463.06679441769677,9.40481439410816,0.0027877448019805436,0.0027612661919002445,0.14029302896309992,7.127937912460507,55.868330562438196,53.02970853017287,44.00715806209894,39.23264005737742,45.21201982486502,44.81790113659437,17.48978432538889,0.9912828780975211,0.38683926073504293,1.0,1.0,0.0,0.0,0.0,0.0,1.0,0.0,-3.2034265038149176e-16,0.0,1.0,-3.2034265038149176e-16,0.0,0.0,1.0,1.0,1.0,1.0,0.0,1.0,-3.2034265038149176e-16,0.0,381.0053578716148,0.9796413365434448,4.926796556486344,6.430542603502383,1.047764541109666,6.4783071446120495,1.0374988651106067,0.9897343240009409,0.1968574108919621,377.2705343750787,0.9699865529244692,0.9846153846153846,0.01617756929630515,0.9885022900364752,6.419044893538859,0.9782366140374156,314.0993788819876,0.97546390957139,5.937733883723621,7.559006211180124,1.8726708074534162,8.43167701863354,1.8602719299275559,0.9876011224741397,229.96273291925465,0.7141699780101076,0.8701639061421671,7.4291701173222915,0.8577650286163068,0.9252761501243223,0.8151898734177215,0.36785810732610624,1.265624521351204,209.29367088607594,0.5298573946482935,0.4273417721518987,387.08101265822785,4.851632751161672,6.346835443037975,2.3873417721518986,7.734177215189874,2.3772343327510708,0.9898925605991721,0.7506504922644164,6.097485935302391,0.7405430528635885
1316,1,1600.3857885094212,250.96687462423745,3701.5325686140773,14.74908819801909,0.0006287371230371361,0.00014045605079088253,0.05198126183714709,19.23770152277018,112.1292092218686,106.51477270930444,74.40048451132245,99.82064063586805,107.87323014165605,64.5908672083476,53.787455552771135,0.5987664142765422,0.49861727031015,16.243125597547508,1.6471999837318214,144120.95123683417,2852.454555527702,61.380468011655495,9.02570683570961,0.6880579788399623,0.2611610319018754,0.06015990355187278,8.865446400252946,0.947524082194313,0.18331747312359573,-0.48886891995382104,0.3106530096193596,0.9916670001944344,0.9980386989292934,0.9919319777983764,0.9970677829624717,1.0109751206818258e-05,0.9725228494894325,0.1749743769752833,17.601543711841273,2934.6823023101633,0.9553707506004324,18.4598328690979,21.160407588073664,1.0539133871385642,21.921170602995538,1.0302260955579265,0.9772143023323513,0.2893167930343913,2967.7813173044483,0.9660654239039701,0.9826517053004576,0.018149134062563237,0.9869712967623738,20.970666477890212,0.9644109975729722,2375.659975913288,0.9536973006476467,19.57848414871619,22.3781613809715,2.095543958249699,36.046969088719386,2.0558504237704716,0.9763437917318672,1765.398233641108,0.7087106518029338,0.8666039252802042,19.799964021627055,0.8460660859975621,1.0489244314754351,0.7968650031989764,0.520725515106088,1.4501007220566768,1585.8131797824697,0.5072978822080837,0.5483082265882211,2987.0946896992964,18.351289046238406,21.04126679462572,2.653870761356366,41.73160588611644,2.60690487207359,0.9773153203219868,0.7345829778915193,16.573354570981728,0.7172586237256687
2095,6,259.0713359985152,55.8505235214158,597.1716394527735,10.692319459168345,0.0021592530942974083,0.0016565683036321153,0.11832316622124568,8.45143036597041,65.8676760882165,65.25266853438983,44.065300201314884,51.030971748635324,57.19099344958556,47.812572869183995,16.077630691524604,0.8360157777523355,0.2811217242745958,1.0,1.0,0.0,0.0,0.0,0.0,1.0,0.0,-3.2034265038149176e-16,0.0,1.0,-3.2034265038149176e-16,0.0,0.0,1.0,1.0,1.0,1.0,0.0,1.0,-3.2034265038149176e-16,0.0,491.11313542098037,0.9880020718326297,3.7493525523032476,5.073888706436197,1.0545330730273899,5.128421779463586,1.0485066104439043,0.9939735374165146,0.18178604041103424,479.8546517356777,0.9653240532620704,0.9823654606263301,0.018253179519150065,0.9867141711149823,5.060602877551177,0.9806877085314968,398.04455445544556,0.9852587981570434,4.606625575923928,6.012376237623762,1.9702970297029703,6.982673267326732,1.962882271955006,0.9925852422520358,281.1831683168317,0.6959979413782963,0.8598996149614961,5.8722758525852585,0.852484857213532,0.9516532673256046,0.7984189723320159,0.4016027840407803,1.3432716012335961,252.6324110671937,0.49927353965848553,0.5210048586917465,500.0355731225296,3.6835640300582724,5.0019762845849804,2.6482213438735176,6.650197628458498,2.6423012606122978,0.9940799167387796,0.7290398550724638,4.731016139657443,0.7231197718112434
2095,15,84.99178216552079,11.562637031554504,194.8865835122074,16.854856118060333,0.0023977783968791664,0.0020427740499960835,0.12688397550284966,7.88121585911013,51.231172300831496,45.99125453293566,38.14069572032688,36.712941044933494,46.60791737200863,39.87957445669582,10.835293995806678,0.8556394858493794,0.2324775404428185,1.0,1.0,0.0,0.0,0.0,0.0,1.0,0.0,-3.2034265038149176e-16,0.0,1.0,-3.2034265038149176e-16,0.0,0.0,1.0,1.0,1.0,1.0,0.0,1.0,-3.2034265038149176e-16,0.0,163.46153846153845,1.0,0.0,1.0,1.0476891031631916,1.0476891031631916,1.0476891031631916,1.0,0.11200427614299854,158.62548898684366,0.9703251631840524,0.9847080630213161,0.016235540176465942,0.9886053173293875,0.9886053173293875,0.9886053173293875,139.0,1.0,0.0,1.0,1.856115107913669,1.856115107913669,1.856115107913669,1.0,108.19424460431655,0.778375860462709,0.9021662669864109,0.9021662669864109,0.9021662669864109,0.6921468806840134,0.8373493975903614,0.4298949329744838,1.1896085562922933,95.855421686747,0.5774422993177529,0.6611990129191465,166.0,0.0,1.0,2.6144578313253013,2.6144578313253013,2.6144578313253013,1.0,0.7882262382864791,0.7882262382864791,0.7882262382864791
1281,57,75.26725016818499,18.262121922892337,168.53422236807535,9.22862212177056,0.004709167621570809,0.007879352767807943,0.19898950954192585,5.025390545974014,46.42862589595435,43.85546694295034,36.83635001295626,33.638074173522384,46.85514069945443,40.18165231282569,8.527489832734707,0.8575719059422983,0.1819968888244956,80.2,4.6,45619.2,1036.8,57.6,28.8,0.8666666666666666,1.2,0.09999999999999964,14.4,0.9,0.23112781244591285,-0.11510656397890326,0.13621271472997198,0.9500866551126517,0.9760199833472107,0.952,0.9755102040816327,8.680555555555555e-05,0.925,0.1811278124459129,21.6,134.2408310787568,0.9228669671198257,22.214313469490246,26.07690897781199,1.0331163116028552,28.103319666270863,0.9898039862353867,0.9598769456355011,0.31604905937572403,142.58776040056844,0.9800716207151244,0.9895342752485609,0.011543546607631015,0.9923228241096389,25.570908207707625,0.9529970874958825,120.25,0.939453125,17.4375,20.5,1.7578125,60.2578125,1.6642124999999999,0.9688,109.109375,0.8524169921875,0.9359775811366213,16.10264424780329,0.9117109144699547,0.6914373565227042,0.8707482993197279,0.43890380859375,1.1625855855278031,97.95238095238095,0.6663427275672174,0.38854181128233606,135.48979591836735,22.5506039150354,26.46938775510204,2.006802721088435,86.9047619047619,1.870965986394558,0.9592489795918367,0.8434901738473167,16.172288359788357,0.8189640967498111
1281,5,238.6023032542463,43.777890403937796,538.4881041170765,12.300458042826108,0.0019765860361019676,0.001388141352439823,0.11155213773350961,8.964418076764527,66.44443966870722,62.09772233832254,45.04392230900486,52.97546706918616,59.58441500685553,46.040466189830546,23.807341929500225,0.7726930974237697,0.399556527101274,16.23076923076923,1.6923076923076923,32537.846153846152,934.1538461538462,42.76923076923077,0.0,1.0,0.0,-3.2034265038149176e-16,0.0,0.9465384615384616,0.11793893994973007,-0.15384615384615374,0.1361496118477412,1.0,1.0,1.0,1.0,0.0,0.9653846153846154,0.11793893994973007,10.692307692307692,418.067812123031,0.9058166859458704,24.121939962587117,28.43904017388433,1.0300660425457366,29.1327625782554,0.9793340156957735,0.9507728628593914,0.3786151604383094,453.1712983928479,0.9818299050077586,0.9904258831297459,0.010573749818432475,0.9930397008035878,28.266165784231585,0.9441887860903179,371.77560975609754,0.9067697798929208,24.598786436644854,28.917073170731708,1.4634146341463414,39.0390243902439,1.3928350201869366,0.951321829544826,323.98536585365855,0.7902082093991671,0.9099891598915989,26.412428184281843,0.8667863503124827,0.8950783829908973,0.8798283261802575,0.1715883402736466,1.185270631026003,299.9871244635193,0.6437491941277238,0.24275635948350494,422.0901287553648,24.079868850043287,28.394849785407725,1.8025751072961373,46.1931330472103,1.7147844831781067,0.9507483966404874,0.8292352169766333,23.97515796375775,0.7896183688067501
1453,10,96.76775198363512,26.282599304194207,215.7881769729124,8.210305779705612,0.00467791050210001,0.007775101431350551,0.19810800344550417,5.047751643588097,59.83436658755681,56.02849634905149,40.3899950975338,40.17561509303041,47.59070371346555,33.74298523904201,17.610528541447252,0.7090247171422809,0.3700413561328458,1.0,1.0,0.0,0.0,0.0,0.0,1.0,0.0,-3.203426503814917e-16,0.0,1.0,-3.203426503814917e-16,0.0,0.0,1.0,1.0,1.0,1.0,0.0,1.0,-3.203426503814917e-16,0.0,179.93965957538973,0.9583005219619657,13.031086886885753,15.379930519661634,1.0197854091289433,15.399715928790577,0.9985133225613966,0.9787279134324532,0.20075886894119221,185.33911539640073,0.9869786320146292,0.9934879934879935,0.006510683992685385,0.9950536477177641,15.374984167379397,0.9737815611502173,165.1849710982659,0.9548264225333288,14.116742958334724,16.606936416184972,1.2890173410404624,16.895953757225435,1.2659301569928514,0.976912815952389,145.43930635838151,0.8406896321293729,0.9341682723185614,16.541104688503534,0.9110810882709504,0.6115756485857334,0.9153439153439153,0.09549266597614355,0.8199575293254611,136.85185185185185,0.7240838722320204,0.15122756921698718,181.16931216931218,12.947565857618766,15.285714285714286,1.5185185185185186,15.804232804232804,1.4973858050781126,0.9788672865595942,0.876249265138154,15.161963550852441,0.8551165516977483
1453,33,34.30391207885478,4.095989501953519,76.78208320972968,18.74567382878048,0.0034347415363550015,0.004191701714376498,0.16123653508544808,6.202068281050849,47.638575712747745,43.00692369372377,32.83891626109511,31.698580882199977,42.622643032793206,35.07942033159023,7.405665907178357,0.8230231124944706,0.1737495701869204,1.0,1.0,0.0,0.0,0.0,0.0,1.0,0.0,-3.203426503814917e-16,0.0,1.0,-3.203426503814917e-16,0.0,0.0,1.0,1.0,1.0,1.0,0.0,1.0,-3.203426503814917e-16,0.0,66.3,1.0,0.0,1.0,1.032097902097902,1.032097902097902,1.032097902097902,1.0,0.07362928386868176,64.9337062937063,0.9791178378730827,0.9895522388059701,0.010441081063458686,0.9919755244755246,0.9919755244755246,0.9919755244755246,60.0,1.0,0.0,1.0,1.35,1.35,1.35,1.0,47.63333333333333,0.7938888888888889,0.9125,0.9125,0.9125,0.5197027865043049,0.8955223880597015,0.10305555555555557,0.7394809367166373,44.850746268656714,0.6694141234127868,0.16529293829360658,67.0,0.0,1.0,1.626865671641791,1.626865671641791,1.626865671641791,1.0,0.8432835820895522,0.8432835820895522,0.8432835820895522
1152,4,250.89204887515575,27.60665911942039,567.0525984827414,20.54042816371932,0.0011534636133322554,0.00047272660405557967,0.07789986075710377,12.836993420540987,65.56711303211713,63.946430267292826,45.94474181501823,49.9151323833315,58.67790534567089,48.98998849654666,15.645138792032713,0.8348966822852176,0.2666274247498675,1.2967032967032968,1.1483516483516483,3166.8864255278245,132.42655303879792,6.866562009419152,8.010989010989011,0.9171597633136095,0.29670329670329665,0.04551329066017869,6.866562009419151,0.9803767660910517,0.05650230164918965,-0.0016441563518745901,0.009651994062434811,0.9890260424506999,0.9978660125170514,0.9894034536891679,0.9963816671133744,1.5074089148163222e-05,0.989010989010989,0.04551329066017869,3.7193877551020407,465.29840468551623,0.959529228857069,19.168703813601493,21.768823601787695,1.0327649900303553,21.801588591818057,1.0121669409117782,0.9794019508814231,0.23438550941940864,475.49946262470417,0.9805140412888714,0.9896389324960754,0.011630354264907104,0.9925151548119311,21.76133875659963,0.971917105693354,406.42723004694835,0.9540545306266394,21.760414600277723,24.640845070422536,1.5258215962441315,25.166666666666668,1.502375141244951,0.9765535450008196,332.8075117370892,0.7812382904626507,0.9052353938445488,24.546080464267085,0.8817889388453682,0.8043165616533015,0.8693877551020408,0.2027816350371399,1.0775083289310325,306.9959183673469,0.6265222823823406,0.27028738025822574,470.37142857142857,18.973431903373598,21.553061224489795,1.8816326530612244,22.43469387755102,1.861248592184386,0.9796159391231615,0.8182823129251701,21.37134353741497,0.7978982520483315
1316,10,292.84090563896,41.85269936361092,667.2171060553177,15.942032800766816,0.001370085844236254,0.0006669569532399244,0.08737072406771887,11.445481431800026,60.1944732750355,57.15703823735007,45.315299623186874,43.26661595029068,50.57265894219995,48.205455059304754,21.15764161376683,0.953192022479959,0.4183612658758586,5.531468531468532,1.2517482517482519,26966.289187897015,647.1386464774896,18.30896376350922,4.027972027972028,0.9194139194139195,0.1678321678321678,0.033807460532423755,3.661792752701844,0.9742530197075652,0.07460792805785481,-0.07782386915544409,0.0648955080841041,0.993019112603168,0.9966461515170923,0.9932867132867133,0.9965748537177108,1.2140637140637142e-05,0.9860139860139859,0.06761492106484784,5.584233947870311,526.2521890183898,0.9319276116890838,19.604847833543843,23.015432109342857,1.0399782232150527,23.312094824536523,1.0043428366529383,0.9647753086250516,0.31656241458479123,550.8835636240633,0.9755068534834349,0.987224314147391,0.01386433679653072,0.9906118899173799,22.94187287626558,0.9554898723392229,444.5010395010395,0.9241185852412463,21.85384745052105,25.64864864864865,1.683991683991684,30.224532224532226,1.6383268191268192,0.9605621621621622,356.4594594594595,0.7410799572961735,0.8847528297528297,24.560428505428504,0.8468717486717486,0.9796309933267493,0.8409090909090909,0.26982075630724284,1.2713094528043152,327.55594405594405,0.572650251846056,0.33022397183236346,533.3986013986014,19.435669225879018,22.818181818181817,2.104895104895105,30.46853146853147,2.059513286713287,0.9650909090909091,0.7812621406371406,20.963080322455323,0.7489712315462316
2086,32,70.65494503781031,11.349163876846267,161.80010047502964,14.256565702176735,0.0031111485653295833,0.003439091626386016,0.15094355778888668,6.624992908929735,48.68811344702333,47.03661292348218,34.989778415157794,36.3185908222009,43.896694356553525,37.891352143445,11.750182311192034,0.8631937483872982,0.26767806741324246,1.0,1.0,0.0,0.0,0.0,0.0,1.0,0.0,-3.203426503814917e-16,0.0,1.0,-3.203426503814917e-16,0.0,0.0,1.0,1.0,1.0,1.0,0.0,1.0,-3.203426503814917e-16,0.0,130.51661557562352,0.9569680913517177,22.03233722792065,24.93603463614321,1.0406058289032682,24.976640465046476,1.018625999118013,0.9780201702147446,0.22694995237827206,133.8127699065678,0.9809228022196803,0.988294314381271,0.016297816581197208,0.9924048959497309,24.92843953209294,0.9704250661644758,112.15254237288136,0.9504452743464522,25.372019534616488,28.661016949152543,1.6271186440677967,29.28813559322034,1.6017182611943783,0.9745996171265817,92.49152542372882,0.7838264866417696,0.904719868173258,28.5657368173258,0.8793194852998397,0.8337992165391656,0.855072463768116,0.2594082160298765,1.1583361609605203,83.92753623188406,0.608170552404957,0.3421550094517958,132.1304347826087,21.776937618147446,24.652173913043477,2.0434782608695654,25.695652173913043,2.021759092905338,0.9782808320357728,0.8078200483091788,24.459993961352655,0.7861008803449515
1523,3,488.43615797388986,67.7956896419189,1104.3426601370406,16.289275409246848,0.001042248726104766,0.00038596239452212114,0.07280842962569474,13.734673376983414,83.229508957389,78.72465329719726,66.21024205561535,53.81449699019332,79.63849212031232,63.14701139495675,21.588651606408003,0.7929207310901695,0.2710831286684002,9.517704517704518,1.3951770451770453,91045.68989606676,1543.0227205451533,32.30604318080509,3.8571428571428568,0.8399603616994923,0.21428571428571427,0.060388398226500335,3.55690737833595,0.9556621266740315,0.13218077726507804,-0.15531150382676703,0.12257292485725367,0.988131868131868,0.9976190476190475,0.9887218045112782,0.9960317460317459,3.674309229864785e-05,0.976129426129426,0.1202760153603162,9.040796509486986,879.1803784124442,0.9325511867087013,13.618977443684981,16.440866397009327,1.0360983271723851,16.884250018201033,1.0008585120703315,0.96525032474286,0.3245171057973672,920.8944646341629,0.9767751368656972,0.9882277052088374,0.012096670766757136,0.9911567875479302,16.330201861052423,0.9565296472520183,752.2241379310345,0.926384406319008,14.05713557717974,17.04679802955665,1.6773399014778325,23.838669950738915,1.631887316113265,0.9619234921426709,618.6748768472906,0.7619148729646437,0.8954591714559387,15.41362419608648,0.8592266829754193,0.9325070952551819,0.8511530398322851,0.2970042951782378,1.2328830608452364,567.2012578616352,0.594550584760624,0.30673452614831515,890.0943396226415,13.583768442704006,16.39308176100629,2.0125786163522013,27.81446540880503,1.9655206157611471,0.9654983409935949,0.7970824598183088,13.587962962962962,0.7657198862080661
2115,22,98.80909115528426,20.777213900096882,222.10820215198504,10.689989679075758,0.003541322505095324,0.004455877111119281,0.16455499448348163,6.076995737132622,51.84985123632301,51.84985123632301,43.20438240320631,36.035541231111864,47.322619833881795,40.622605242463905,8.842997935459536,0.8584183501476212,0.18686619562698373,20.791666666666664,2.2152777777777777,40614.75212191362,771.6049382716059,59.31712962962964,26.041666666666668,0.8888888888888888,1.0416666666666667,0.08333333333333298,13.020833333333334,0.9108796296296297,0.2015246528378737,-0.09592213664908604,0.1152590379759972,0.9583998935037273,0.9799833461439919,0.9599358974358975,0.9795751633986928,6.666666666666667e-05,0.9305555555555555,0.15985798617120708,21.339699074074076,173.91170107221922,0.9108994727607276,27.843914762272654,32.547089803362226,1.0327561713721811,33.399684031414566,0.984876100573302,0.953332707391476,0.35444135639901114,186.83001199860524,0.978482736928892,0.9892387405340772,0.010758631535553983,0.9918109571569548,32.33394124634915,0.9454468590960197,151.76646706586826,0.9087812399153788,28.505862526444112,33.33532934131737,1.622754491017964,46.08383233532934,1.5569836658044858,0.9521666725720157,135.562874251497,0.8117537380329162,0.9179457751164338,30.221837990685295,0.874596822134823,0.8883008998837114,0.8652849740932642,0.28713829825379183,1.2317187147360222,122.64766839378238,0.6354801471180435,0.3258610969421998,175.83937823834196,27.78598083170018,32.476683937823836,1.9637305699481866,54.424870466321245,1.8861253334150903,0.9534368580801422,0.8254533678756477,27.056023316062177,0.7866507496090995
1523,1,686.0633665461346,58.707909973102595,1559.1378147063729,26.557542508679017,0.0005380156712483751,0.00010284711129217314,0.04685227668458293,21.34367998234453,91.78346565360249,87.232315301916,59.46327099736314,78.46935824578925,91.35753293080643,57.91181760993764,38.67270536679807,0.6339030373532487,0.42331162112366266,9.883746086413387,1.4944043017393815,38305.52816456388,1041.671418846169,32.46710278346613,3.9862971037060104,0.9431756649147953,0.19931485518530054,0.05297813942681078,3.7189973232196505,0.9451357568329857,0.17288712020108424,-0.28751094880244127,0.226315830084176,0.9900591094670672,0.9980844319540096,0.9905088164197478,0.9967325433576181,2.4914356898162566e-05,0.9702969135333984,0.16292137744181925,9.113349971793035,1211.7672297527167,0.9176830826665074,19.94270731668976,23.62192649390405,1.045293246859542,24.0521382753329,1.0016362937721561,0.9572158780567624,0.3801351743346863,1283.0483990206526,0.9716193106201214,0.9854190585533869,0.015397816045690398,0.989133001975074,23.514829862236788,0.9465670878178736,1011.5220522052206,0.9104608930740059,22.026036987137054,26.058505850585057,1.9477947794779478,32.94689468946895,1.8876194749584587,0.9532954303090958,847.7560756075608,0.7630567737241771,0.8949870473158427,24.468344383049416,0.8516501613320847,1.0240307602997427,0.8291044776119403,0.4930678486390493,1.4318724609607707,754.3537313432836,0.5629505457785698,0.48762307863666743,1230.5328358208956,19.768099799509915,23.417910447761194,2.3895522388059702,34.658208955223884,2.324769095636396,0.9575541499566315,0.7780163764510781,20.73324025704809,0.7411548496892608
1265,9,205.82347247312867,45.09855107879275,475.6062021218852,10.54593087238972,0.0024531064180616513,0.002138134511977273,0.12882841823672483,7.762262501449638,62.8750349566751,61.78664002214733,45.851818044248716,45.60000067949295,50.521250619224006,47.88409726733804,13.198273770451259,0.9478011070675576,0.26124202407272046,10.758391608391607,1.638811188811189,21809.611340228443,650.8476441079582,33.673560076287345,9.86853146853147,0.833943833943834,0.46993006993006997,0.0893403909083747,8.231252383979657,0.9319675778766688,0.1741240228597764,-0.08045848342651282,0.0886623553731733,0.9776730057273043,0.9893313173313173,0.9786395422759059,0.9890713937225565,5.074290788576504e-05,0.9583916083916084,0.15174640048215413,10.885522886204704,370.4604525614758,0.9367752037063273,13.941067582754842,16.784932726765152,1.0505079144506821,17.115494757953368,1.017315792873197,0.9673865026306506,0.32544811415782493,382.92230631611096,0.9682200653226134,0.9837351703023344,0.017043332923545842,0.9878090932519729,16.70272829083274,0.9553402519346571,299.89164086687305,0.9284570924670993,15.775211111004614,18.944272445820435,1.9133126934984521,24.343653250773993,1.8669690146611055,0.9629250569301231,225.90402476780187,0.6993932655349903,0.8617561059511524,17.68451152390781,0.8269983468231428,1.0937850416127968,0.8034825870646766,0.3643282308849888,1.4246260811179403,206.09452736318408,0.5126729536397614,0.43808321576198606,376.8407960199005,13.80001113833816,16.619402985074625,2.462686567164179,25.291044776119403,2.4155205378068336,0.9677285062291846,0.7369402985074627,14.55410447761194,0.7083924386332798
1126,10,107.00801275634797,23.253336105346232,242.80890587284952,10.441895510082302,0.003467475607665535,0.004271978668933855,0.16225933503185758,6.162973611371343,56.61943407758212,56.028566939392846,36.878180997036964,41.72289601501654,46.7343044706943,38.03387390272739,12.351444265650324,0.813832030528609,0.2642907475684281,1.0,1.0,0.0,0.0,0.0,0.0,1.0,0.0,-3.203426503814917e-16,0.0,1.0,-3.203426503814917e-16,0.0,0.0,1.0,1.0,1.0,1.0,0.0,1.0,-3.203426503814917e-16,0.0,197.01105947053958,0.952803946305166,19.845940578677627,22.740400247660116,1.0332823834553637,22.773682631115484,1.009126383180186,0.975843999724822,0.24498777325712856,202.5260258533798,0.9793768499894954,0.9893264630106734,0.011420804859276913,0.9920963313823544,22.732496579042472,0.9679403311071767,171.27624309392266,0.9462775861542688,22.590275022129973,25.834254143646408,1.5082872928176796,26.34254143646409,1.480693677102517,0.9724063842848374,138.48066298342542,0.76508653582003,0.8974831184775937,25.731737262124003,0.869889502762431,0.8272868571627122,0.8660287081339713,0.1749641341839382,1.090668952651162,128.23444976076556,0.6135619605778256,0.25791534076600814,199.23923444976077,19.638286669261237,22.507177033492823,1.8899521531100478,23.39712918660287,1.8660552897395004,0.9761031366294525,0.8094098883572567,22.31658692185008,0.7855130249867092
1316,3,1004.9767443518854,89.95557248537699,2295.888895469138,25.522475506921523,0.0004613460793369394,7.562335043530459e-05,0.04228814531709384,23.647289151642624,92.92579594665469,89.64432193531302,60.358362324834275,82.7758431198423,85.54734251379207,55.189786007311916,37.81941346384923,0.6451373518518607,0.4420875313309929,7.066433566433566,1.2360139860139863,128422.64876722645,1805.8916806334166,28.571996185632557,7.6923076923076925,0.9205955334987593,0.19230769230769232,0.025945389739769946,7.211538461538462,0.9841601934996821,0.05127346572461804,-0.07748079613058398,0.05360870113356643,0.9951953106231682,0.9976554990270322,0.9953095684803002,0.9976258309591644,3.0048076923076923e-06,0.9916958041958043,0.04646577341692577,9.066075969485059,1901.2192129995008,0.9826587047829183,13.87303617366532,15.695269168468872,1.0444943592874798,15.939501965516428,1.035633557618099,0.9912580195309525,0.18084915176306812,1880.4055204945084,0.9718508388148355,0.9856185587209532,0.01501546401354977,0.9892310673290443,15.6345656263579,0.9805187921600803,1591.3154651879236,0.9804777974047588,15.617762076192928,17.56192236598891,1.796056685150955,21.463339494762785,1.784356933330841,0.9901475774146408,1182.868145409735,0.7288158628525786,0.8780659957554597,16.66364825083864,0.8686754054787893,0.869797708755457,0.8267957208354559,0.3331940083420364,1.2145687802777814,1076.7850229240958,0.5485405109139561,0.4032320808103247,1929.2944472745796,13.736343443879889,15.549159449821701,2.290881304126337,21.975038206826287,2.2791715141782705,0.9913449378644725,0.7648723608988509,14.03028244750099,0.7569809807164583
2087,5,179.1995407104354,39.63723174285406,415.3277693807213,10.478223405588812,0.002642055431551135,0.002480196534310843,0.13536156455106427,7.3876214663783415,55.19994748938833,54.35285664194965,41.738128493681664,44.434221708517704,52.47063708674153,46.2331638842464,12.723674173218878,0.8811245003146485,0.24249132237873935,1.0,1.0,0.0,0.0,0.0,0.0,1.0,0.0,-3.2034265038149176e-16,0.0,1.0,-3.2034265038149176e-16,0.0,0.0,1.0,1.0,1.0,1.0,0.0,1.0,-3.2034265038149176e-16,0.0,336.93895401020956,0.9770690949532702,7.165907827103093,8.830013842195747,1.045450025139263,8.87546386733501,1.0338671644259558,0.9884171392866926,0.1996180030455562,334.8818696571427,0.9709945588249944,0.9852747252747254,0.01516390076520547,0.9888845170835949,8.818898359279343,0.9773016563702875,283.10996563573883,0.9728864798478998,8.472975047531325,10.278350515463918,1.8144329896907216,11.092783505154639,1.8007076191057156,0.9862746294149942,218.20274914089347,0.7498376259137233,0.8885252004581902,10.166875715922108,0.8747998298731843,0.8590912126263353,0.8314285714285714,0.3678274937707396,1.247955422137006,196.56,0.5616,0.5105632653061225,342.0914285714286,7.061224489795919,8.714285714285714,2.422857142857143,10.137142857142857,2.4114454775993237,0.9885883347421809,0.7754666666666665,8.489752380952382,0.7640550014088475
1327,4,100.86577803834042,16.170951724420995,227.6991591510092,14.08075189582956,0.002655330011074468,0.002505181835751814,0.1358145872250557,7.362979341408441,51.636167837254625,51.02520614641057,39.27408341335121,41.60769531664422,48.99197039752881,45.30290874101638,11.691341537077877,0.924700688162187,0.23863791233976572,1.0,1.0,0.0,0.0,0.0,0.0,1.0,0.0,-3.2034265038149176e-16,0.0,1.0,-3.2034265038149176e-16,0.0,0.0,1.0,1.0,1.0,1.0,0.0,1.0,-3.2034265038149176e-16,0.0,191.11793735179222,0.9797031590593388,7.398198522871,9.028544305637793,1.0307435567730905,9.059287862410882,1.0205030665873283,0.9897595098142377,0.15488719986337612,191.45211587066132,0.9812136024778583,0.9902381882077312,0.010568977714627507,0.9927663334811723,9.021310639118964,0.9825258432954099,170.04597701149424,0.9772757299511164,8.282996432818074,10.0,1.4885057471264367,10.488505747126437,1.4770261552897022,0.9885204081632653,144.19540229885058,0.8287092086140838,0.9259658365261813,9.925965836526181,0.9144862446894466,0.6420718431715934,0.883248730964467,0.20666534548817544,0.9663034348617865,131.31472081218274,0.6665721868638718,0.30106418614238967,193.04060913705584,7.325878017985518,8.949238578680204,1.8730964467005076,9.82233502538071,1.8629571117787218,0.989860665078214,0.8437676254935138,8.793006204173716,0.8336282905717278
1265,19,127.9996719360253,22.57060881805244,292.23432268343373,12.94756047739832,0.0025490097950280253,0.0023085817324346486,0.13216458144902604,7.566323662786202,52.81204160494784,52.09216465825493,40.286867633645194,40.39009839822524,53.690617078979955,40.48689348535751,10.269168251286894,0.7540776338219487,0.1912656030043526,17.776923076923076,2.1192307692307693,21503.25505384615,687.4324615384614,49.50692307692308,11.215384615384616,0.8266178266178267,0.6230769230769231,0.11793893994973002,8.660769230769231,0.8795619658119658,0.28559847522000853,-0.16013906507559247,0.1703867282302946,0.965491124260355,0.9836271757439642,0.9672064777327936,0.9831600831600832,0.00010683760683760682,0.9205128205128206,0.2509830906046239,15.180576923076924,218.52760972148323,0.8877986370474557,18.176620798312225,22.481387111583782,1.047661052144306,23.90091180256875,0.9843556484035181,0.940494772544089,0.43554504514781645,238.75903863985084,0.9698524453897441,0.9846153846153846,0.01600050060068202,0.9884307696986201,22.12685197157223,0.9298755863139287,184.18048780487806,0.8984414039262344,16.45249256395003,20.317073170731707,2.4097560975609755,42.8,2.2978717654212555,0.9464901020201337,156.9512195121951,0.7656157049375372,0.8967348262535879,14.945515314058465,0.8578185368136854,0.9811244188915245,0.82,0.9225461035098157,1.4981156029352252,138.96,0.55584,0.56,221.8,18.273600000000005,22.6,2.52,58.68,2.364432132963989,0.9401662049861497,0.7722644444444445,13.732264444444445,0.7363641674361342
2086,6,120.3182035064161,25.25828953042756,268.18083723870797,10.617537538147316,0.0032447959212842984,0.0037409079416815456,0.15523596306637552,6.441806268644218,55.55214915134755,50.24074437752541,40.8621794093414,42.76073028484138,47.11823605518553,44.90439051324342,24.004342840316486,0.9530151014280497,0.5094490976318016,1.0,1.0,0.0,0.0,0.0,0.0,1.0,0.0,-3.2034265038149176e-16,0.0,1.0,-3.2034265038149176e-16,0.0,0.0,1.0,1.0,1.0,1.0,0.0,1.0,-3.2034265038149176e-16,0.0,233.15384615384616,1.0,0.0,1.0,1.0238561922285925,1.0238561922285925,1.0238561922285925,1.0,0.06326353360761991,229.50670088504359,0.9842908416516079,0.9921440261865795,0.00785457917419605,0.9940359519428519,0.9940359519428519,0.9940359519428519,211.0,1.0,0.0,1.0,1.3601895734597156,1.3601895734597156,1.3601895734597156,1.0,171.20853080568722,0.8114148379416455,0.9204844655081622,0.9204844655081622,0.9204844655081622,0.5281969134677056,0.8978723404255319,0.11976370701466725,0.763841161893408,160.2595744680851,0.6819556360344047,0.1795563603440471,235.0,0.0,1.0,1.6297872340425532,1.6297872340425532,1.6297872340425532,1.0,0.8520094562647754,0.8520094562647754,0.8520094562647754
1201,13,68.60825865174105,11.776044395447732,153.71224107171986,13.05296039229781,0.0034862764017197,0.004318429943685764,0.1628453241025338,6.140796522781095,53.28873535949014,52.68481103986638,36.80883223184053,41.669173878856405,50.16074361459102,39.90225759271517,9.22877583645776,0.795487760295248,0.18398403156394288,3.5833333333333335,2.2916666666666665,0.0,0.0,0.0,80.08333333333333,0.8333333333333334,2.5833333333333335,-3.203426503814917e-16,0.0,0.9583333333333334,0.08333333333333298,-0.08333333333333333,0.07748945791934947,0.9167532917532918,0.9596557514693534,0.9192708333333334,0.958994708994709,8.671522719389526e-05,0.9583333333333334,-3.203426503814917e-16,20.020833333333332,126.80234935570877,0.9557952357149615,21.240389238961047,24.13389848167759,1.0302467219401732,24.164145203617764,1.00765502420416,0.9774083022639867,0.2342240771638675,130.03537382665547,0.9801036647655635,0.990049751243781,0.009948167617218244,0.9924383195149566,24.126336801192547,0.9698466217789434,113.15126050420169,0.9508509286067368,23.61612880446296,26.789915966386555,1.411764705882353,27.201680672268907,1.3865792410714286,0.9748145351890757,95.47058823529412,0.8022738507167573,0.915732959850607,26.70564892623716,0.8905474950396826,0.7307993632487386,0.8880597014925373,0.14377515712167221,1.0100926097164076,88.26865671641791,0.6587213187792381,0.2414791713076409,128.13432835820896,21.03324793940744,23.902985074626866,1.7761194029850746,24.67910447761194,1.7537532066231343,0.9776338036380597,0.8391376451077943,23.74212271973466,0.8167714487458541
1296,8,155.1405263218818,25.51541109474172,355.8351077027068,13.945889657879674,0.0021446401968588514,0.0016342222890711523,0.11778872202707762,8.489777143266034,56.02343887918971,55.622256424256456,39.27453817976065,44.828562995842475,51.842406702675376,44.42365007146535,12.962089394697502,0.8568979122871783,0.25002869695145885,5.615384615384615,1.2307692307692308,10467.692307692309,332.3076923076923,13.846153846153847,0.0,1.0,0.0,-3.2034265038149176e-16,0.0,0.9786324786324786,0.05000172474218074,-0.07692307692307679,0.06560958707889336,1.0,1.0,1.0,1.0,0.0,0.9871794871794872,0.05000172474218074,3.4615384615384617,277.49207303199745,0.9295020821257418,11.42066269562987,14.171832916050706,1.0459732262772767,14.497526422048262,1.008711306067385,0.9635129282103857,0.3347900771817255,290.06176646976184,0.9715444020051375,0.9852754506219854,0.015755620401464977,0.9890822560867805,14.09098510220742,0.9527888964022359,230.8,0.9232,12.441600000000001,15.4,1.796,20.516,1.7441440443213296,0.9601108033240997,181.824,0.727296,0.8771322222222221,14.197132222222223,0.8402347152970144,1.0348481992055119,0.8250825082508251,0.327056,1.3868098367733879,165.2970297029703,0.5455347514949515,0.4342929342439195,281.7986798679868,11.335359278502109,14.069306930693068,2.3465346534653464,22.544554455445546,2.2905844601080605,0.9637969337099915,0.7628520352035203,12.049980748074807,0.7315857506803312
1239,105,42.49805043035893,10.496506431594051,93.2654614206719,8.885381248369145,0.006574891267780419,0.015359581981260794,0.24857634545339607,4.022908930357105,47.45150174798172,43.05274418643995,32.88926507269419,32.80975513595925,45.37081361627696,30.233914112909712,7.759560722534472,0.6663736376564156,0.17102538182719956,1.0,1.0,0.0,0.0,0.0,0.0,1.0,0.0,-3.203426503814917e-16,0.0,1.0,-3.203426503814917e-16,0.0,0.0,1.0,1.0,1.0,1.0,0.0,1.0,-3.203426503814917e-16,0.0,78.55856139449048,0.9526653127062453,6.058839973600612,7.98565117254509,1.0198387881314712,8.00548996067656,0.9956669847662631,0.9758281966347921,0.21209299140091925,81.40543858430038,0.9870303703719048,0.9935125115848008,0.006484814814047608,0.9950403029671322,7.980691475512223,0.9708684996019245,72.10526315789474,0.9487534626038782,6.5595567867036015,8.578947368421053,1.2763157894736843,8.855263157894736,1.2500910580950646,0.9737752686213804,63.28947368421053,0.8327562326869806,0.930921052631579,8.509868421052632,0.9046963212529594,0.6153030369294532,0.9156626506024096,0.08362188365650969,0.8120160015941863,59.72289156626506,0.7195529104369285,0.14022354478153579,79.09638554216868,6.020031934968792,7.9397590361445785,1.5060240963855422,8.44578313253012,1.482011089340059,0.975986992954517,0.8734939759036144,7.813253012048193,0.8494809688581315
1453,14,79.87179528807978,16.383958007810175,175.58695139515808,10.717004481545692,0.003972880773824382,0.0056080685077134216,0.17766604585289034,5.628537491221098,51.85202084717556,49.831646682627735,39.232537920455094,38.53310322632332,47.918574108067865,43.39593748895652,11.120202122258888,0.9056182972199525,0.2320645455179899,15.966666666666665,1.7166666666666663,25324.451851851867,588.9407407407411,41.08888888888889,7.5,0.9691287445689458,0.5,0.09182958340544858,4.999999999999999,0.95,0.12516291673878194,-0.09999999999999978,0.09582181518405818,0.9668141592920353,0.9933333333333334,0.96875,0.9888888888888889,0.00014814814814814815,0.9666666666666666,0.09182958340544858,12.147222222222222,141.57990718958462,0.9129643516154561,16.484632859149094,19.816764624953212,1.017904675969192,19.834669300922403,0.9729227064636491,0.955018030494457,0.3539217077517221,153.24670168541135,0.9881666741977296,0.9940828402366864,0.005916662901135245,0.9955238310077019,19.81228845596091,0.9505418615021592,130.54166666666666,0.9065393518518519,17.695987654320987,21.26388888888889,1.2638888888888888,21.52777777777778,1.2154475308641974,0.9515586419753086,123.54166666666667,0.8579282407407407,0.9417438271604939,21.205632716049383,0.8933024691358025,0.7396042251624504,0.9230769230769231,0.09027777777777778,0.9337714083145108,116.5,0.7467948717948718,0.14299802761341224,142.5,16.39086127547666,19.705128205128204,1.4743589743589745,20.17948717948718,1.4296438746438747,0.9552849002849003,0.8885327635327636,19.59366096866097,0.8438176638176638
1164,15,114.16829796577382,24.57434216303746,255.86625949613514,10.411927114817601,0.0033875634172854246,0.004077341753912086,0.1597566842590246,6.259518996892991,56.95030530480627,53.97925836172602,37.902627682895876,43.200000643730164,48.30432199937963,44.32720068350781,10.581051346726285,0.917665311275399,0.21904978496255836,1.0,1.0,0.0,0.0,0.0,0.0,1.0,0.0,-3.2034265038149176e-16,0.0,1.0,-3.2034265038149176e-16,0.0,0.0,1.0,1.0,1.0,1.0,0.0,1.0,-3.2034265038149176e-16,0.0,209.09539138858534,0.9471175361966876,8.566959136136607,10.7848185806367,1.0319937218503865,10.816812302487088,1.0048889612392047,0.972895239388818,0.2541321683575,216.67815259769966,0.9813218907602206,0.9899965505346671,0.011416904643865244,0.9927893289897907,10.777607909626491,0.9656845683786088,182.37113402061857,0.9400573918588585,9.710702518864915,12.1340206185567,1.541237113402062,12.675257731958762,1.5103949510237886,0.9691578376217267,154.05154639175257,0.7940801360399617,0.9108676975945018,12.044888316151203,0.8800255352162284,0.8163660565616845,0.8699551569506726,0.21992241470932083,1.0760891542594928,141.56502242152467,0.6348207283476442,0.2552233103420539,211.32286995515696,8.482937521365804,10.68609865470852,1.84304932735426,11.52914798206278,1.8162180291417713,0.973168701787511,0.8241155954160438,10.510214250124564,0.7972842972035549
1186,9,118.78400531005867,20.522667584100542,266.75389615218603,12.998012809935458,0.002657618983668275,0.002509502778237355,0.13589262679572556,7.358750975527205,50.14538936871194,48.352043076538614,38.48324368002323,39.33039595657049,46.103449408115225,40.263826646270594,17.48828381797543,0.8733365325845505,0.37932701440983946,132.1818181818182,4.363636363636363,0.0,0.0,0.0,0.0,1.0,0.0,-3.2034265038149176e-16,0.0,1.0,-3.2034265038149176e-16,0.0,0.0,1.0,1.0,1.0,1.0,0.0,1.0,-3.2034265038149176e-16,0.0,218.2630965324767,0.9495999607903377,51.27753666690192,55.73255280408515,1.028234697406211,57.20234594304979,1.0014795464566246,0.9742431582204678,0.2600852800963543,225.59773576292986,0.981436389325009,0.9907161803713529,0.009281805337495381,0.9929413256484474,55.36510451934397,0.9674340611614285,195.2048780487805,0.9522189173111243,51.5451279000595,55.863414634146345,1.4439024390243902,77.42439024390244,1.4049025866364726,0.9756241595031706,163.55609756097562,0.7978346222486615,0.9135840108401084,50.49773035230353,0.8928641733160513,0.7616944362390516,0.8836206896551724,0.16314098750743602,1.052960207772516,151.57758620689654,0.6533516646848989,0.2434601664684899,220.26724137931035,51.2374405469679,55.69827586206897,1.7844827586206897,93.80172413793103,1.7327922428602558,0.9741536431850242,0.8351592432950192,46.20369372605364,0.8157739262164079
1265,15,143.35963256834833,34.47457830810432,333.45678397176044,9.67254134311981,0.003194219012273052,0.003625197124007105,0.15361862572763163,6.509627301138708,53.28857044422891,52.68464737027214,42.21837310410673,38.607771813744314,50.947145920389865,40.60642278499214,12.854276641191932,0.7970303743499947,0.2523061186053102,17.527272727272727,1.9,10170.265745454546,38.17309090909093,32.10545454545455,2.9454545454545453,0.9043062200956938,0.16363636363636364,0.04263596305357066,2.650909090909091,0.9377272727272726,0.14263596305357062,-0.09211476669587314,0.09244244922970894,0.9909370629370629,0.9957000663570007,0.9913875598086125,0.9955773955773957,2.8058361391694725e-05,0.9454545454545454,0.13354505396266156,8.762727272727274,261.30051548117456,0.9443632273150532,9.013157174961377,11.310297828364615,1.036223880072496,11.6453595612318,1.0068356925900603,0.971439618203976,0.27300440462557396,270.2233294084044,0.9763887403223228,0.9881868131868132,0.011805629838838521,0.9909440299818759,11.226532395147817,0.962590599607455,226.40833333333333,0.9433680555555556,9.174375000000001,11.5,1.575,16.575,1.533448753462604,0.9709141274238228,183.025,0.7626041666666666,0.8957465277777777,10.270746527777778,0.8697769986919052,0.8734848891842493,0.8571428571428571,0.21388888888888888,1.200844533601273,167.46428571428572,0.5980867346938775,0.31994897959183677,264.45714285714286,8.992653061224491,11.285714285714286,2.0285714285714285,20.02857142857143,1.9787099327265534,0.9715077166600712,0.8005208333333333,9.157663690476191,0.7773708531196413
1183,3,108.03199678039533,20.735999382017642,241.72660807402082,11.657340628764066,0.0031128869431968987,0.0034429359371869798,0.1509997797927724,6.622526214093624,56.59681835061151,55.43717040590802,43.29618687589835,42.588261928074274,52.1371439396377,43.90685626324878,14.602029340355484,0.8421415702034307,0.28006960560135646,40.875,3.4166666666666665,58940.083333333336,0.0,70.08333333333333,70.08333333333333,0.8333333333333334,2.4166666666666665,-3.203426503814917e-16,0.0,0.9166666666666666,0.16666666666666632,-0.16666666666666666,0.15497891583869894,0.9167656373713381,0.9597453570744783,0.9194444444444444,0.9590395480225989,9.908838684106222e-05,0.9166666666666666,0.08333333333333297,35.041666666666664,201.6092741113483,0.9632198344978412,15.466059593657851,17.84995338238138,1.0243235003862534,18.866915822775,1.0044983978058215,0.9812778295751318,0.19757830909407567,205.9599672594612,0.9839612511727984,0.9919795843966459,0.008019374413600625,0.9939191249034367,17.595712772282972,0.9754726875174592,183.0952380952381,0.9687578735197783,13.137314184933233,15.26984126984127,1.3915343915343916,29.93121693121693,1.3598236331569664,0.9841446208112875,155.83597883597884,0.8245289885501526,0.9256319811875368,11.628012933568488,0.9137404467960024,0.6370871804775613,0.8957345971563981,0.14518070602726685,0.9167278079763745,144.8009478672986,0.6862604164326946,0.2029604007097774,203.15165876777252,15.640888569439142,18.04265402843602,1.6635071090047393,44.27014218009479,1.6161664033701948,0.9810637177461822,0.8551869404949974,11.506845708267509,0.8433517640863614
1101,6,181.24341673265135,44.4148768405554,411.071800829042,9.255272784043626,0.0030066093068252444,0.0032118572953977165,0.14754304663961873,6.777683006929835,54.35809265231863,53.22193556019212,39.40256584295048,41.669173878856405,45.36178809707258,39.69770811867817,12.318930816216662,0.8751354341175113,0.27157066184989437,59.38675213675214,3.4839743589743586,29174.28301949787,735.8996616809119,30.38194444444445,17.36111111111111,0.8813186813186813,0.6944444444444445,0.10111818917190571,13.762761158594493,0.9397851377018044,0.16606276648469848,-0.02762279615935164,0.06165860323691901,0.9722665956691515,0.9866555640959945,0.9732905982905984,0.9863834422657951,4.444444444444444e-05,0.9636752136752137,0.1382849887069208,11.93576388888889,331.7569295135608,0.950589507992693,15.44077875228339,18.110535278538997,1.0440131887981141,19.046021164676947,1.017382999484684,0.9746885572802676,0.27399455204628775,339.4645705015329,0.9725940983377322,0.9858757062146892,0.015009782293811783,0.9894914738367612,17.877158578040802,0.9645097177654532,278.33561643835617,0.9532041658847814,14.623698161005816,17.181506849315067,1.726027397260274,31.777397260273972,1.681572708113804,0.9760628596903623,205.13013698630138,0.702500469131169,0.8643930745814308,13.578434170471843,0.8455853214810012,0.9691327493809432,0.8248587570621468,0.2562863576656033,1.2750901022938332,191.68926553672316,0.5414951003862236,0.3397171949312139,336.45762711864404,15.485851766733699,18.161016949152543,2.209039548022599,42.25141242937853,2.149805268612309,0.9746138802527329,0.7544334588826115,12.195111424984306,0.7375093790511
2168,14,33.28020977020886,4.6080290451067585,72.60787495987036,15.7568179907573,0.004202083538670826,0.006273813584913953,0.18443522509202767,5.4219577605147276,53.582219222169606,49.79332170106018,36.834996830159454,37.83754805305689,50.97872803422156,37.970909164469276,11.834594441577117,0.7448383007708578,0.23214769959801,1.0,1.0,0.0,0.0,0.0,0.0,1.0,0.0,-3.203426503814917e-16,0.0,1.0,-3.203426503814917e-16,0.0,0.0,1.0,1.0,1.0,1.0,0.0,1.0,-3.203426503814917e-16,0.0,64.66666666666667,1.0,0.0,1.0,1.015625,1.015625,1.015625,1.0,0.038705025101589484,64.01041666666667,0.98974609375,0.9948717948717949,0.005126953125,0.99609375,0.99609375,0.99609375,62.0,1.0,0.0,1.0,1.1451612903225807,1.1451612903225807,1.1451612903225807,1.0,56.29032258064516,0.9079084287200833,0.9637096774193549,0.9637096774193549,0.9637096774193549,0.2795055456366793,0.9538461538461539,0.04604578563995838,0.44412604507959896,54.10769230769231,0.8324260355029586,0.08378698224852071,65.0,0.0,1.0,1.2769230769230768,1.2769230769230768,1.2769230769230768,1.0,0.9307692307692308,0.9307692307692308,0.9307692307692308
1296,18,88.06656939723983,18.94455271917175,199.05270910783798,10.507121073721528,0.0038058991903822865,0.005146557240640029,0.17265226061477348,5.791989032980157,52.05601655803774,50.60335548613193,36.8791996604103,38.69883781284893,47.49130002769685,43.870984302627726,12.645123952381601,0.9237688645508174,0.26626190365407953,1.0,1.0,0.0,0.0,0.0,0.0,1.0,0.0,-3.2034265038149176e-16,0.0,1.0,-3.2034265038149176e-16,0.0,0.0,1.0,1.0,1.0,1.0,0.0,1.0,-3.2034265038149176e-16,0.0,168.0117660417098,0.9883031861417518,6.760758410067464,8.200817526393129,1.0365490933977939,8.237366619790922,1.030670875008901,0.9941217816111076,0.13617864542034086,166.2349621027255,0.9776372506213685,0.9883720930232557,0.012530713351773751,0.9913684668012621,8.19218599319439,0.9854902484123698,144.013698630137,0.9863951960968287,7.863576656033026,9.383561643835616,1.6164383561643836,10.0,1.6095946323734973,0.9931562762091137,109.06849315068493,0.7470444736348283,0.8879851598173517,9.271546803652967,0.8811414360264654,0.7750156664732228,0.8488372093023255,0.22856070557327826,1.0285478086607172,101.24418604651163,0.5886289886425095,0.26906435911303406,170.01162790697674,6.681855056787453,8.116279069767442,1.9651162790697674,9.081395348837209,1.9593070716658758,0.9941907925961082,0.7910206718346252,7.907299741602068,0.7852114644307334
1296,4,75.77821087669473,20.224590065063417,170.49022627534418,8.429848304804668,0.005125728049117675,0.009334979470287181,0.2105576972810776,4.749292060622606,59.84036163417746,55.57018674147738,40.20065963566884,47.30835093538837,56.96236204862216,46.620715503364366,15.354166409439282,0.8184477227887719,0.2695493279638441,1.0,1.0,0.0,0.0,0.0,0.0,1.0,0.0,-3.203426503814917e-16,0.0,1.0,-3.203426503814917e-16,0.0,0.0,1.0,1.0,1.0,1.0,0.0,1.0,-3.203426503814917e-16,0.0,146.3846153846154,1.0,0.0,1.0,1.0334249397549113,1.0334249397549113,1.0334249397549113,1.0,0.08011108936123296,143.2210043122282,0.978182087595435,0.989085239085239,0.010908956202282574,0.9916437650612722,0.9916437650612722,0.9916437650612722,128.0,1.0,0.0,1.0,1.515625,1.515625,1.515625,1.0,97.859375,0.7645263671875,0.8971354166666666,0.8971354166666666,0.8971354166666666,0.6543904876888139,0.8648648648648649,0.1787109375,0.9541168680661206,90.33783783783784,0.610390796201607,0.27081811541271006,148.0,0.0,1.0,1.9189189189189189,1.9189189189189189,1.9189189189189189,1.0,0.8078078078078078,0.8078078078078078,0.8078078078078078
1126,9,117.24801397705112,29.3546701660165,265.70707757751137,9.051611756316609,0.003823821268310146,0.005195141908028064,0.17319385208808988,5.773877005122444,52.66650067482325,52.00000325441364,41.3298958300856,40.50876508737855,49.06976987379144,41.086886611281926,13.537981376486863,0.8373156572153962,0.27589249779053093,1.0,1.0,0.0,0.0,0.0,0.0,1.0,0.0,-3.2034265038149176e-16,0.0,1.0,-3.2034265038149176e-16,0.0,0.0,1.0,1.0,1.0,1.0,0.0,1.0,-3.2034265038149176e-16,0.0,220.84860880175876,0.9738907139521337,6.318447223583704,7.985266862468696,1.0302726445145924,8.015539506983288,1.0170679812585077,0.9867953367439157,0.17681620840289977,222.51612276910117,0.9811898852263717,0.990258649647296,0.010417183493547219,0.9928083590716608,7.978075221540355,0.9796036958155762,194.09,0.97045,7.1511000000000005,8.92,1.485,9.405,1.4700283553875237,0.9850283553875236,155.57,0.77785,0.9039236111111112,8.82392361111111,0.8889519664986348,0.7329565851699988,0.8733624454148472,0.173975,0.9734167365700408,144.72052401746726,0.6319673537880666,0.22406132606166929,223.07860262008734,6.257546576152246,7.91703056768559,1.794759825327511,8.7117903930131,1.7816841531768766,0.9869243278493657,0.8207180980106745,7.737748665696263,0.8076424258600401
1395,7,122.87968505858429,27.946595039370006,278.45230609646325,9.963729238005245,0.003393342816509315,0.0040912660317519054,0.1599383360262039,6.2524096776657885,64.64670166123331,59.57178433523317,40.03188358197123,58.26834561908245,70.61598258734885,39.219673248397584,14.15842672382976,0.5553937198265928,0.20049889847976568,1.0,1.0,0.0,0.0,0.0,0.0,1.0,0.0,-3.2034265038149176e-16,0.0,1.0,-3.2034265038149176e-16,0.0,0.0,1.0,1.0,1.0,1.0,0.0,1.0,-3.2034265038149176e-16,0.0,227.36469127607674,0.9587201377483414,16.18170600265014,18.710990267373013,1.0361697601210882,18.747160027494104,1.015110318661667,0.9789405585405789,0.23797455123579442,231.55639238860482,0.976290175811382,0.9881410256410258,0.011854912094309052,0.9909575599697278,18.701947827342742,0.9698981185103073,198.2403846153846,0.9530787721893491,18.39312130177515,21.192307692307693,1.5480769230769231,21.740384615384617,1.5240670447269733,0.9759901216500503,162.9903846153846,0.7836076183431953,0.9060496794871795,21.09835737179487,0.8820398011372299,0.799076061475868,0.8666666666666667,0.21671597633136094,1.1423345262591755,148.60833333333332,0.6192013888888889,0.40493055555555546,230.20833333333334,15.993055555555555,18.5,2.1166666666666667,19.616666666666667,2.0958581054300436,0.979191438763377,0.8142939814814815,18.31429398148148,0.7934854202448584
1201,5,73.21627602387292,12.28804632568314,165.20422454927154,13.444303526426296,0.0032649473362454094,0.0037875171421118364,0.15587801583419622,6.415272831440686,57.49443237814546,56.850767385248986,42.08958239869311,44.46301900363942,57.860119482185716,45.80520199608056,13.24518838151117,0.7916541204202545,0.2289174045966008,2.0833333333333335,1.5416666666666667,2380.0833333333335,0.0,14.083333333333334,28.166666666666668,0.8888888888888888,1.0833333333333333,0.08333333333333297,14.083333333333334,0.9479166666666666,0.12499999999999967,-0.012588803315752739,0.03885367040546805,0.9583948793697686,0.9799525504151839,0.9598765432098766,0.9795597484276729,6.16370808678501e-05,0.9583333333333334,0.08333333333333297,10.5625,139.55259247564175,0.9859689080733218,4.7425090712171665,6.143661133592209,1.031086025152552,6.174747158744761,1.0240302485632622,0.9929442234107102,0.14086404519365006,138.6558420901843,0.9795635389328894,0.989779451317913,0.010218230533555302,0.9922284937118617,6.1358896273040715,0.9851727171225725,122.01612903225806,0.9840010405827263,5.407648283038501,6.870967741935484,1.4919354838709677,7.362903225806452,1.4838820301783266,0.9919465463073587,94.1774193548387,0.7594953173777316,0.8949372759856631,6.765905017921146,0.8868838222930219,0.7141727045979473,0.8671328671328671,0.1620057232049948,0.9491489256860061,88.17482517482517,0.6166071690547215,0.22309159372096438,141.01398601398603,4.694214876033057,6.090909090909091,1.8251748251748252,6.916083916083916,1.8181914107840034,0.9930165856091783,0.8092463092463092,5.9001554001554,0.8022628948554875
1395,3,2362.361945251283,218.7727726175624,5659.434748389741,25.869008655309326,0.000289907031515326,2.9862058657679577e-05,0.031024627899802697,32.23245749246713,113.32353899873182,99.40616107792006,81.7409315558153,97.43592911722091,99.96165288225524,70.99247627209702,63.4971753714418,0.7101971028402162,0.6352153404889681,9.449738355800964,1.3758297866111562,66513.22878304085,1443.0923919300872,32.692787298891375,2.6436721921781814,0.830108024182249,0.11015300800742422,0.03636499902949111,2.611353492132216,0.9647923902123837,0.1381562877272185,-0.6952786183285001,0.35569589207318686,0.9954182457674554,0.9991119676882169,0.995593879679703,0.9984910546848298,7.968244213500016e-06,0.9820455712243804,0.13356657906024266,8.834114872767389,4255.720039498376,0.9474321673904035,16.636916120620214,19.422879953572927,1.0850793297533678,20.24939056438469,1.0569460369718198,0.9730529972681452,0.3631570611816972,4265.604278278313,0.9494896637084234,0.9735253909506185,0.029690019718529505,0.9803634922885232,19.217885625596846,0.9537130620690917,3100.071558520315,0.93998531186183,19.31522678904575,22.453001819284413,3.174651303820497,37.68283808368708,3.1228832219443636,0.969120214060798,2099.496058217101,0.6365967429402976,0.8250115209558622,19.644902363890978,0.7983447125788188,1.331657433646705,0.7147811009969658,1.2173671604269047,1.8171497444095066,1860.8188123103598,0.40329839885356733,0.9592181801339996,4374.351538794972,16.41666596207731,19.174252275682704,3.8097095795405287,42.54052882531426,3.7502027017712423,0.9733836293828592,0.644687701496579,14.731669351547147,0.6246109638804495
1152,5,143.36688507151757,18.77423494983957,318.22413607970657,16.95004547082361,0.0018658968777873948,0.001237022281044002,0.10734764156071072,9.315528366167667,70.70502195846221,68.34393040238899,43.9365323461175,57.74426880756317,66.38194157803571,42.948136629754025,16.730257027126488,0.6469852434078939,0.25203024541635516,25.979166666666668,2.1458333333333335,137030.609375,2467.8958333333335,88.22916666666667,30.25,0.9,0.9166666666666666,0.07652465283787377,20.166666666666664,0.9270833333333334,0.17190894098724588,-0.08954025716350304,0.09997310954223006,0.9722477064220184,0.9865256124721604,0.9730392156862745,0.9863184079601991,2.5507601265177022e-05,0.9513888888888888,0.1441311632094682,29.619791666666668,266.32986142255686,0.9582890849278767,22.71159325677127,25.613571062680542,1.0224821111752238,26.60177223740092,1.0003546975712223,0.9787079835097922,0.20907725178074824,273.812045368093,0.9851666691267849,0.9925824175824176,0.007416665436607512,0.9943794722061943,25.366520769000452,0.9732963049944345,243.19762845849803,0.9612554484525614,21.096408317580345,23.82608695652174,1.359683794466403,37.88142292490119,1.3280905945265806,0.980254250037611,212.15415019762847,0.8385539533503101,0.9320377689942907,20.33421168203777,0.91525388152626,0.6302815308623934,0.9035714285714286,0.1348560358699558,0.8981634496371704,197.57857142857142,0.7056377551020409,0.19137755102040815,268.25714285714287,22.835663265306128,25.75,1.6142857142857143,51.114285714285714,1.5714656450815618,0.9785899653979239,0.8662698412698412,19.42876984126984,0.8502123153182841
1234,3,465.38790895482873,79.48456860860755,1064.9814510036406,13.398593835839371,0.0012903122478544263,0.0005915505813892623,0.08394547583070325,11.912494272076636,77.28909596587862,75.2245691664248,47.33387662197266,66.74608759368965,74.11140205192758,48.75143883083455,29.739629451398844,0.6578129340567045,0.4012827800850563,8.528846153846153,1.2596153846153846,48066.02794471154,993.6129807692307,24.533653846153847,0.0,1.0,0.0,-3.2034265038149176e-16,0.0,0.9831730769230769,0.04181264947689168,-0.0769230769230767,0.06262581671992686,1.0,1.0,1.0,1.0,0.0,0.9903846153846154,0.04181264947689168,6.133413461538462,868.4962712743625,0.9673086887432644,11.915982953080105,14.015072474640265,1.0382784852037492,14.253897361278318,1.0214218284740624,0.9833991422517343,0.21567620690323647,876.6198351927426,0.9762761210922443,0.9877295421849877,0.01313312296042023,0.9909119780307053,13.95584785231239,0.9743750700277948,746.5064599483204,0.9644786304241866,12.947539210383992,15.162790697674419,1.644702842377261,18.842377260981912,1.6227670331698572,0.9819352159468439,593.3617571059432,0.7666172572428206,0.897381208728108,14.301450976169967,0.8802841809635138,0.8269708998979098,0.8514851485148515,0.26544378342647673,1.1641515255974881,539.6446644664467,0.5936684977628676,0.3536641893012184,879.4950495049505,11.831193020292126,13.92079207920792,2.0935093509350935,20.182618261826182,2.070436507936508,0.9835193978581531,0.7978242268671311,12.42653709815426,0.7829916849394689
1118,4,183.8086929550376,5.376020267482827,416.94352144324375,77.5561662155835,0.0003562625038821843,4.509646271342251e-05,0.03559433028248862,28.094361997083872,63.124104122825365,60.058738152324736,46.818960037233296,49.1723506867389,54.971116634424504,51.45946358188604,20.33343317460415,0.9361182150275011,0.36989303509746724,6.6000000000000005,1.2,36951.7824,778.7519999999998,18.720000000000002,0.0,1.0,0.0,-3.2034265038149176e-16,0.0,0.9861538461538462,0.03607658412225205,-0.07692307692307655,0.06000920431143518,1.0,1.0,1.0,1.0,0.0,0.9923076923076923,0.03607658412225205,4.680000000000001,336.98812421837306,0.9509143167526353,16.59096093760926,19.328987012174522,1.0396857475339771,19.850048117874685,1.013882781319518,0.9748573566362491,0.26592656031496975,345.45764028001383,0.9747036433149419,0.9871437754446111,0.013292356456514443,0.9903234630748726,19.198966635707848,0.9653459004237986,288.42105263157896,0.9487534626038782,17.321329639889196,20.157894736842106,1.7664473684210527,28.10855263157895,1.7303127933001226,0.97372030900296,236.89473684210526,0.7792590027700831,0.9027606451023391,18.264602750365498,0.8789446751362716,0.850804168680482,0.8467966573816156,0.37187283587257614,1.2431723747221954,212.61559888579387,0.592244008038423,0.40080384230414096,341.4512534818941,16.522218170250074,19.250696378830085,2.181058495821727,32.598885793871865,2.139333081146761,0.9749647511950205,0.7979727638502012,16.00688641287527,0.7771100565127183
1252,14,41.98415827942363,7.338694333393977,94.8135061866928,12.91966961415107,0.004484753239670698,0.00714626884840268,0.19261633580418971,5.191667652823496,56.233896188961054,48.16647926838717,36.93900554370522,36.712941044933494,46.31127496308795,40.35860429923069,10.655129594940892,0.8714639001279539,0.23007636052847782,1.0,1.0,0.0,0.0,0.0,0.0,1.0,0.0,-3.203426503814917e-16,0.0,1.0,-3.203426503814917e-16,0.0,0.0,1.0,1.0,1.0,1.0,0.0,1.0,-3.203426503814917e-16,0.0,79.29733858775744,0.9756915785481332,9.528901209131815,11.336752312670805,1.027191748710736,11.363944061381543,1.014900723368678,0.9877089746579418,0.16034853380245018,79.85011862648994,0.9822729230792068,0.991130820399113,0.008863538460396619,0.9932020628223159,11.329954375493124,0.9809110374802579,72.02702702702703,0.9733382030679328,10.451424397370344,12.35135135135135,1.3513513513513513,12.702702702702704,1.337853906224893,0.9865025548735418,61.16216216216216,0.8265157048940833,0.9271771771771772,12.278528528528529,0.913679732050719,0.6089157050615854,0.9024390243902439,0.12344777209642074,0.8425156535636388,57.146341463414636,0.6969066032123736,0.18143961927424151,80.02439024390245,9.444378346222488,11.24390243902439,1.6097560975609757,11.853658536585366,1.597575476349294,0.9878193787883182,0.8611111111111112,11.105013550135501,0.8489304898994293
2122,3,165.88583212289916,29.738278032321173,383.42219557866116,12.893221159676331,0.0022347297289703545,0.0017744029841796737,0.12106466921212983,8.260048175143464,53.689056520893644,52.8541058616951,42.217945539125125,37.35237395109874,45.76610610207788,43.12791967011769,11.346585870014756,0.9423550164815002,0.2479255247258101,10.600000000000001,1.3692307692307693,33973.86240000002,816.6793846153851,28.356923076923085,0.0,1.0,0.0,-3.2034265038149176e-16,0.0,0.9753846153846154,0.0555329303759506,-0.07692307692307683,0.06723552704511787,1.0,1.0,1.0,1.0,0.0,0.9846153846153847,0.0555329303759506,7.089230769230769,307.18964051385734,0.9634390776395985,15.554019926370973,17.85879353544008,1.048682347361108,18.35888654110839,1.0294082691891981,0.9814481788813816,0.26126153485260056,308.7461562607686,0.9682018240817535,0.9840930674264007,0.01589908795912328,0.987829413159723,17.733770284022995,0.9694581563044278,252.16030534351145,0.9624439135248528,16.927291533127438,19.31679389312977,2.053435114503817,27.515267175572518,2.022945168044953,0.9809421146098387,184.7175572519084,0.7050288444729328,0.8654961832061069,17.396030534351144,0.8492963130831213,0.9580371304467634,0.808641975308642,0.5241536041023251,1.3521775865676555,168.3641975308642,0.519642584971803,0.44006249047401313,312.19135802469134,15.441119875019048,17.737654320987655,2.4382716049382718,30.73148148148148,2.4012902284807955,0.9815075124314128,0.7419358710562414,14.590701303155008,0.7280656057098766
1178,3,368.13391340654806,57.38758849462224,852.4124111755137,14.853602207999955,0.0013009733266121282,0.0006013662225967486,0.0844072355995093,11.847325562760325,68.34794452094134,64.8450576862501,54.89851291157988,46.178783695035285,62.59475422943884,47.717407817410106,21.754047295710013,0.7623227921385176,0.34753786580855206,5.923076923076923,1.1538461538461537,50451.692307692305,896.0,17.23076923076923,0.0,1.0,0.0,-3.2034265038149176e-16,0.0,0.9904273504273504,0.02718148730933975,-0.07692307692307608,0.05475820470314667,1.0,1.0,1.0,1.0,0.0,0.9948717948717949,0.02718148730933975,4.3076923076923075,680.627152448456,0.9640605312255783,16.17276094848979,18.572750974732337,1.0570973948766667,18.94453368429432,1.0384840376556284,0.9817140988816522,0.2615066420861122,681.5396243506791,0.9652954422830108,0.9819193324061195,0.019826711098117875,0.9866426647626767,18.480722310823687,0.9684386276700016,543.5079365079365,0.9585677892556199,18.644494834971024,21.317460317460316,2.2945326278659612,27.691358024691358,2.2681051300544883,0.9788580017508217,404.5590828924162,0.7135080827026741,0.8688150090684696,19.916434056687514,0.848994385709865,1.014275658716214,0.7885952712100139,0.6865118246658517,1.4410005013004616,359.1835883171071,0.4995599281183687,0.5773394898261184,693.4700973574409,15.978381347915995,18.357440890125172,2.7385257301808066,28.10709318497914,2.712127637095689,0.9819381468364983,0.7295217122546747,16.084180961211562,0.713543919071577
2115,2,332.77673187012834,55.59077969572991,750.8741622670818,13.50717090814178,0.0015243233009705085,0.0008255747902335558,0.0938106490969107,10.659770608419459,67.70560794599544,65.34889527109398,47.0953171590213,54.6465048463697,59.99068233924307,50.716887213388446,27.434491966016633,0.8454127413752027,0.4573125508204178,27.461538461538456,1.7445054945054943,348109.7824884665,4863.447914330569,88.42189952904239,2.659340659340659,0.9202279202279203,0.12087912087912088,0.028556332818528547,2.4693877551020402,0.953934458398744,0.12137677845010504,-0.15450669350533439,0.13144445628913468,0.9945168233828028,0.9989010989010989,0.9947443860487338,0.9981684981684982,1.1352284079556807e-05,0.973901098901099,0.11588227295559958,22.770310047095766,602.2623918414873,0.9368675544652683,25.38444937836067,28.897662836251918,1.0339284770185415,29.81584389010018,1.0008333045881614,0.9676223109288089,0.31712181510391607,629.0239396702741,0.9784568230316706,0.9889940828402367,0.011482668504151548,0.9917839356472533,28.668383627691735,0.9595856174158593,525.0711743772242,0.9342903458669469,25.2804169146794,28.864768683274022,1.5800711743772242,42.59252669039146,1.535654167557843,0.9662463016071641,442.5800711743772,0.7875090234419524,0.907702155001977,25.485549130090945,0.8766142837157772,0.8815576167844774,0.8646153846153846,0.24238548144020466,1.2040404734501864,403.5784615384615,0.6208899408284023,0.3119621301775148,609.1107692307693,25.376002366863908,28.88153846153846,1.9661538461538461,52.58307692307692,1.9154573380305895,0.9677428129097231,0.8158867521367522,23.01357905982906,0.7882393953047201
1546,9,77.3107016524881,10.410491833999815,175.21389507526683,16.83051078365314,0.0025324652518248832,0.00227871093448953,0.13159207812724094,7.59924164304986,49.502800841313345,47.03665893789009,32.95517868276112,37.81216791735392,42.32617519877455,37.31706154128519,9.797285977549516,0.8816544695105267,0.2314710916244842,1.0,1.0,0.0,0.0,0.0,0.0,1.0,0.0,-3.2034265038149176e-16,0.0,1.0,-3.2034265038149176e-16,0.0,0.0,1.0,1.0,1.0,1.0,0.0,1.0,-3.2034265038149176e-16,0.0,145.36127867204226,0.9735657938679758,8.934761672624155,10.752718311685742,1.0343278813143137,10.787046193000055,1.0209496668949922,0.986621785580678,0.1848592346356366,145.99413492410247,0.9775974261212579,0.9887926642893531,0.011201286939371101,0.9914180296714213,10.744136341357164,0.9780398152520995,125.06201550387597,0.9694729884021392,10.318129920076919,12.286821705426357,1.558139534883721,12.844961240310077,1.542656926234302,0.9845173913505811,94.90697674418605,0.7357129980169461,0.8822674418604651,12.169089147286822,0.8667848332110463,0.7783001988313859,0.8543046357615894,0.18796947298840216,1.0250663860772815,89.30463576158941,0.5914214288846981,0.23297223805973424,147.05298013245033,8.835051094250252,10.642384105960264,1.900662251655629,11.543046357615895,1.8874353873127483,0.986773135657119,0.789551140544518,10.431935246504782,0.776324276201637
1183,7,120.83199639892558,25.727999233246877,273.4404001171252,10.628125321294833,0.003210236708196015,0.0036616460317420206,0.1541317536625647,6.487955766657047,53.36065895906171,51.62944810099103,39.232637485571296,41.97523141698338,51.69741141285139,40.29190231478429,17.20728570614361,0.7793794933563769,0.33284617616011003,1.0,1.0,0.0,0.0,0.0,0.0,1.0,0.0,-3.2034265038149176e-16,0.0,1.0,-3.2034265038149176e-16,0.0,0.0,1.0,1.0,1.0,1.0,0.0,1.0,-3.2034265038149176e-16,0.0,223.82942226796652,0.9581087577224024,20.128741914385696,22.89605185912958,1.030773160559872,22.926825019689456,1.009390297416191,0.9786171368563187,0.2280857689195711,228.91856700500966,0.9797972687742896,0.9898956975228163,0.010101365612855174,0.9923067098600319,22.88835856898962,0.9709238467163507,197.2415458937198,0.9528577096314966,22.65187052206586,25.71014492753623,1.4879227053140096,26.198067632850243,1.4637917044082125,0.9758689990942029,165.20289855072463,0.7980816355107471,0.9130770263016641,25.623221953837895,0.888946025395867,0.7646400269162301,0.8771186440677966,0.1881024061238302,1.056756281097771,151.35593220338984,0.6413386957770756,0.27844010341855785,226.21186440677965,19.928809968399886,22.673728813559322,1.8728813559322033,23.546610169491526,1.851715605137712,0.9788342492055084,0.8288606403013182,22.50258945386064,0.8076948895068268
2086,10,155.1336836699748,31.658193972256356,354.6382560219588,11.20210004186423,0.0026744397928529433,0.0025413699894227698,0.13646542509068643,7.327863444791691,57.83796540232956,51.52347277623662,41.60706934404965,43.14811763547481,51.19992023695833,42.40552731503531,20.326317871273407,0.8282342456546475,0.3969990143969206,1.3599999999999999,1.1800000000000002,11035.077120000009,335.9232000000002,11.664000000000005,12.959999999999999,0.8947368421052632,0.36,0.04689955935892776,11.664,0.9814999999999999,0.05689955935892772,-0.0013262433654604507,0.008699344649460478,0.9900077101002314,0.9951369606003752,0.9902702702702703,0.9950684931506849,7.71604938271605e-06,0.99,0.04689955935892776,6.156000000000001,282.46326439790505,0.9417805845628406,37.72618120327937,42.05424808693791,1.03209851456632,42.086346601504225,1.0021100207117268,0.9700115061454067,0.2691760927651167,294.1735912035164,0.9806718695552585,0.9898451383599899,0.011196546346688523,0.9925568005112777,42.046804887449184,0.9625683066566848,246.61363636363637,0.9341425619834711,42.67561983471074,47.63636363636363,1.5416666666666667,48.178030303030305,1.5076006596276867,0.96593399296102,211.04545454545453,0.7994146005509641,0.9131355218855218,47.54949915824916,0.8790695148465419,0.8179550252237153,0.8712871287128713,0.2243887741046832,1.1008598047181875,193.0858085808581,0.6372468930061322,0.2735243821411844,285.53465346534654,37.35163219292227,41.633663366336634,1.8712871287128714,42.504950495049506,1.841605855253166,0.9703187265402946,0.8261826182618263,41.45984598459846,0.7965013448021209
1101,4,535.0264702983635,91.85901041089433,1214.7093388697367,13.223627529147366,0.0012241602420992597,0.000532449945813423,0.0810512273529573,12.337876089713689,84.980058156374,78.72902224423112,59.13924393558045,65.60487884501576,75.04387674510866,62.935974263315146,28.54421367011659,0.8386556904180367,0.3803669920607759,3.7676767676767677,1.202020202020202,23669.732645922617,530.4839353642539,14.160595857565559,5.777777777777777,0.9185520361990951,0.2222222222222222,0.03871217959812624,5.135802469135802,0.9776553412917048,0.0677795718222906,-0.078095377297817,0.056916924598497634,0.9914656162809782,0.9958877026492684,0.9917695473251029,0.9958071278825996,1.2643503767764121e-05,0.987956487956488,0.05923256327528206,4.984593408835834,1003.9913796700785,0.9733680828476072,9.00158799750876,10.826702311576586,1.0397754838524713,11.03070066932935,1.0260705110328872,0.9865202986123779,0.20228838823288192,1005.0965535599119,0.9743784223131621,0.9870445344129555,0.01325266614748413,0.990223312525347,10.775869905626859,0.9767999289957154,853.3845278725825,0.9708583934841667,9.849863002351674,11.766780432309442,1.6689419795221843,14.920364050056882,1.650764445817747,0.9852307538651447,646.8612059158135,0.7359058087779448,0.8822269624573379,11.027846985210468,0.868309788214878,0.8571221122077866,0.8411483253588516,0.25557535776641416,1.1666079644534106,594.0047846889952,0.5684256312813352,0.3305565348778645,1017.3751196172249,8.935128774524394,10.75311004784689,2.1177033492822965,16.05071770334928,2.098590846738995,0.9866212482196888,0.7786217437533226,9.48675571504519,0.766676429663759
2098,2,166.3917877188684,29.22522425318597,375.41117190764635,12.84545051409558,0.0022668465737610034,0.0018257718213794422,0.1222218444367145,8.181843471670009,56.010480599749386,53.47961234121894,41.7593312440742,45.05641307930959,56.6307500136732,43.89421559974262,14.561950218512806,0.7750950780122917,0.25713857250693123,1.0,1.0,0.0,0.0,0.0,0.0,1.0,0.0,-3.2034265038149176e-16,0.0,1.0,-3.2034265038149176e-16,0.0,0.0,1.0,1.0,1.0,1.0,0.0,1.0,-3.2034265038149176e-16,0.0,312.4844990411376,0.9753408708073977,15.97911571680621,18.080105265298457,1.0433301596611835,18.12343542495964,1.0308538227252462,0.9875236630640624,0.2038129166591604,311.31127818299996,0.9716074351206188,0.9857988165680474,0.01419628243969065,0.989167460084704,18.06927272538316,0.9766911231487665,259.1198501872659,0.9704863302893855,19.12485797247822,21.49438202247191,1.8314606741573034,22.325842696629213,1.8164903439728826,0.9850296698155793,196.19850187265916,0.734825849710334,0.8803058676654182,21.37468789013733,0.8653355374809976,0.8950548623673473,0.8215384615384616,0.3498155395643086,1.2163518980281764,178.02769230769232,0.5477775147928994,0.37443786982248517,317.09846153846155,15.754452071005918,17.836923076923078,2.249230769230769,19.086153846153845,2.2369320672023374,0.9877012979715681,0.7647222222222222,17.6016452991453,0.7524235201937906
1257,3,323.07117196652786,47.914543861376664,729.1681969711065,15.218097433645406,0.0013729377425605674,0.000669736447786106,0.08749192623348612,11.429626058653012,66.06171927845314,65.17415433592677,49.418926936922624,52.15362001877068,55.6773714446772,53.00278825303731,30.818601069278117,0.9519628329743001,0.5535211212314586,1.0,1.0,0.0,0.0,0.0,0.0,1.0,0.0,-3.2034265038149176e-16,0.0,1.0,-3.2034265038149176e-16,0.0,0.0,1.0,1.0,1.0,1.0,0.0,1.0,-3.2034265038149176e-16,0.0,606.4902950248136,0.9715795741151076,13.6560146376908,15.749715961520868,1.032854304823879,15.782570266344752,1.018450285330206,0.985595980506327,0.19318357290816238,611.0184188685391,0.9787865114626165,0.9892722174814093,0.010972984040024432,0.9919238355070047,15.741639797027876,0.9775198160133323,530.2956204379562,0.9676927380254675,15.523639378762857,17.80109489051095,1.5273722627737227,18.32846715328467,1.5109649435447081,0.9835926807709854,426.492700729927,0.7782713516969471,0.9038392133008922,17.70493410381184,0.8874318940718776,0.7599157209386416,0.8684627575277337,0.20151246736640202,1.056776835568953,391.53565768621235,0.6205002498989103,0.2835335454753228,613.256735340729,13.511313262725377,15.591125198098256,1.919175911251981,16.510301109350237,1.9049267655507132,0.9857508542987322,0.8151633210072196,15.406288519105475,0.8009141753059518
1292,2,339.45512997433906,36.1385740432789,769.6032424015505,21.295894007325458,0.0009549832244395898,0.00032403634997487654,0.06868542299628316,14.559129963487505,67.48028816635525,61.188164131774265,48.84578841152899,50.507821929151895,52.68148541264501,50.4903396501791,29.06438680192635,0.9584076693110865,0.5517002144922455,28.29010989010989,2.2725274725274724,163180.97070548811,3436.354511773941,98.1505808477237,19.226373626373626,0.881895881895882,0.712087912087912,0.1010462210361296,15.838869701726843,0.8977676996724616,0.2756793764113345,-0.2546972353857357,0.23484840973416224,0.9736625018816801,0.9872925488259263,0.974568288854003,0.9870529470529471,3.617781395559173e-05,0.9396825396825398,0.2493057500377082,29.344238618524336,619.5732481554464,0.9473595623073787,19.1874395389604,22.182134652742118,1.0416310943644878,23.331091832135364,1.0132006597499839,0.9729819711061963,0.2813118001188248,636.4434165736625,0.9730841446520399,0.9864253393665159,0.013806439676111094,0.9897233154970225,21.895026446981948,0.9630583880333935,528.8064516129032,0.9476818129263499,19.069979188345474,22.048387096774192,1.689964157706093,38.17383512544803,1.6434286080023408,0.9731525674786043,419.3297491039427,0.7514870055626213,0.8896201712465154,19.63827608522501,0.8657060693154203,0.9138794204350854,0.8416289592760181,0.27821135391374724,1.2869896578427262,378.7918552036199,0.5713300983463347,0.4033359950314968,627.9773755656108,19.254519768227514,22.257918552036198,2.233785822021116,58.92156862745098,2.161479976606027,0.9728853079693416,0.7832558236970001,17.12035989609519,0.7624176807475127
2060,4,166.91200746154706,22.314667664215587,373.13630730614335,16.721571341370005,0.001746683521019281,0.001084003518961231,0.10272517678789922,9.734711891172891,54.985088447956926,49.79317119401323,42.528109238001,42.241210678769164,46.73039889692188,42.78376346254801,19.557340226568602,0.9155445806683702,0.4185143009309265,38.333333333333336,2.2444444444444445,128892.60436543215,2488.97738271605,99.88740740740741,0.0,1.0,0.0,-3.203426503814917e-16,0.0,0.9362962962962963,0.13668532741182063,-0.16666666666666652,0.1492438552027402,1.0,1.0,1.0,1.0,0.0,0.9555555555555556,0.13668532741182063,24.971851851851852,310.1366367097434,0.958581059467813,16.23622468861738,18.77297895548049,1.022871694782613,19.99987564063687,1.000306886285759,0.9788668502312957,0.20906522343668824,318.66308935839555,0.9849001283206864,0.9924492685228883,0.0075499358396568595,0.9942820763043467,18.466254784191392,0.9735068412176797,286.1689189189189,0.9667868882395909,13.019539810080351,15.18918918918919,1.3310810810810811,32.5472972972973,1.2939631069833208,0.9831281935919273,247.97297297297297,0.8377465303140978,0.9322447447447448,10.864677177177176,0.9204344802590938,0.5966180171137873,0.9079754601226994,0.11810628195763331,0.8972689748360408,230.88343558282207,0.7082313974933193,0.20685761601866837,312.3006134969325,16.47288193006888,19.03680981595092,1.638036809815951,50.59509202453988,1.5798239023073612,0.9785531393389407,0.8677573278800274,11.174505794137696,0.8555019789308506
1497,7,224.25542523191632,32.04258454131353,520.8735745853522,16.255666702346474,0.0015207370084806397,0.0008216946818993385,0.09366345176432647,10.67652303180299,59.68443201036663,58.29023723250427,43.656736945904306,45.81702808521124,60.21017228321602,46.44653044664202,19.728967154616118,0.771406702312149,0.3276683391938358,13.0,1.4615384615384615,33496.61538461538,797.5384615384615,33.23076923076923,0.0,1.0,0.0,-3.2034265038149176e-16,0.0,0.9711538461538461,0.0624060095737791,-0.0769230769230769,0.06891408480262333,1.0,1.0,1.0,1.0,0.0,0.9807692307692307,0.0624060095737791,8.307692307692308,416.06964909156704,0.9682886554911199,9.132867218557466,11.056301576997033,1.0591760818287237,11.447274893848798,1.0425551237294912,0.9839099174768047,0.25132435085727545,413.80702947118095,0.9627576588637399,0.9810326659641728,0.019676207824299567,0.9856096303763653,10.958961898617636,0.9696522667471792,335.20749279538904,0.9660158293815246,9.787441138120906,11.789625360230547,2.363112391930836,18.54755043227666,2.3372172910662825,0.982736599423631,250.7406340057637,0.7225954870483103,0.8740111197899662,10.314933309991696,0.8589056442856435,0.9648248880818404,0.7922374429223744,0.7698427858382679,1.4723348561872294,219.66666666666666,0.5015220700152208,0.7020078814036405,424.2237442922374,9.058359917432915,10.972602739726028,2.9315068493150687,21.45205479452055,2.90187397260274,0.9840438356164383,0.7330479452054794,8.568664383561643,0.7205109589041095
1453,8,138.2396456909073,26.282599304197362,314.2223182165333,11.955526718635918,0.002662182566531038,0.0025181286623352497,0.13604814944364724,7.350338862302657,59.74335844113474,58.874700594690715,46.296319715325055,41.08138325685716,51.378640373395804,44.6125211052505,14.600004219601729,0.868308713135024,0.2841648613800552,14.575757575757576,1.8484848484848486,8278.195286195281,295.64983164983147,31.67676767676767,0.0,1.0,0.0,-3.2034265038149176e-16,0.0,0.9191919191919191,0.16696287891899775,-0.18181818181818174,0.16670262015388182,1.0,1.0,1.0,1.0,0.0,0.9393939393939393,0.16696287891899775,7.919191919191918,244.6618512693092,0.9150137608215716,10.638596129573394,13.449264904549317,1.030148255443532,13.866621457313508,0.9843054332924452,0.9558781036147829,0.3512805431987905,262.39643533160756,0.9811983131810251,0.9903133903133904,0.010258673455551186,0.9927830488187804,13.345245879037934,0.9490913838750306,217.76793248945148,0.9188520358204704,10.563834143388704,13.29957805907173,1.4430379746835442,19.41350210970464,1.375813408345054,0.95797937177684,183.91139240506328,0.7759974363082839,0.9033052039381154,11.785161744022504,0.8675855602437881,0.8752787924040761,0.8777777777777778,0.14516904342252843,1.1519513395180385,171.25185185185185,0.6342661179698217,0.22545953360768178,246.98518518518517,10.64061728395062,13.455555555555556,1.7925925925925925,24.203703703703702,1.7040864197530865,0.9557407407407408,0.8224279835390946,10.789094650205762,0.7892304526748971
1282,2,1004.0416948862556,64.85395955412336,2295.943266201466,35.40174388713159,0.00033259815186674366,3.9304466838484315e-05,0.034000134612640134,29.411648259422854,97.35724414132137,92.00368553245741,61.26174317219901,86.90593304216597,94.6740474572264,53.34116529985634,42.07298573646699,0.5634190861434948,0.44439829991926255,12.135992616208284,1.5182835650151398,101707.83918932089,2061.808472523104,45.8917164776599,7.788461538461538,0.7637567994803979,0.28846153846153844,0.06206020666036986,7.412884615384616,0.9530137536029556,0.15366556532151174,-0.308851538583478,0.2048977474119645,0.9893308746048473,0.9979252899471333,0.9896978021978022,0.9964821763602251,1.4655364449603132e-05,0.9754624320649664,0.1429818046377511,13.42004450403036,1839.0330843227978,0.9510110758886172,20.061651871522372,22.970846558687814,1.042722704998187,23.57757116784093,1.0169346921690965,0.9749313773547806,0.28071630461885,1880.903532426745,0.9726134691842374,0.9861138351704389,0.014281849019176876,0.989541384522766,22.819387467171847,0.9646526094235142,1561.1483282674772,0.9490263393723266,21.169360963036183,24.19209726443769,1.7428571428571429,34.45471124620061,1.7046069709905616,0.9738923751218188,1239.6200607902736,0.7535684260123243,0.8906452212090511,22.231678655859504,0.86689864713417,0.9212040609593456,0.8388577256501785,0.3217612549773191,1.3066320723721896,1118.0586435492096,0.5701471920189748,0.4469064139813565,1865.35288118307,19.953126247392746,22.850586435492097,2.2993370729219786,39.322794492605816,2.255027577523902,0.975043656367474,0.7822019661170605,19.2832218539294,0.7615180287953505
1239,15,97.28469375624333,18.176876991301302,215.76068438141175,11.870063514467631,0.0032358312535448923,0.0037202658605099146,0.15494990903783568,6.453698528831146,56.08121129435127,52.09337328523189,39.21005225242711,42.76821313209174,50.17094024379866,43.935569241376704,13.543015966403892,0.8757174776449864,0.2699374558378516,1.7272727272727273,1.3636363636363635,372.3636363636364,0.0,5.818181818181818,11.636363636363637,0.8787878787878788,0.7272727272727273,0.09090909090909055,5.818181818181818,0.9431818181818182,0.13636363636363602,-0.01373323998082117,0.042385822260510596,0.9547223204810753,0.9786488740617181,0.9572192513368983,0.977961432506887,0.0001775568181818182,0.9545454545454546,0.09090909090909055,4.363636363636363,168.0512480000854,0.8902447354028733,14.048673868432207,17.782771022096494,1.0196273619302405,17.802398384026734,0.9615554898814636,0.941928127951223,0.3740728070300723,186.33228635731763,0.9870461494166349,0.9935222672064778,0.006476925291682569,0.9950931595174398,17.777864181613936,0.9370212874686631,154.38285714285715,0.8821877551020408,15.079967346938778,19.102857142857143,1.2914285714285714,19.394285714285715,1.22878892733564,0.9373603559070687,152.33714285714285,0.8704979591836735,0.9461904761904762,19.04904761904762,0.8835508320975449,0.7482228697547302,0.9210526315789473,0.11265306122448979,0.9937721034209854,142.5157894736842,0.7500831024930747,0.19268698060941827,169.2736842105263,13.962991689750694,17.673684210526314,1.5578947368421052,18.231578947368423,1.5002003278091423,0.9423055909670369,0.889766081871345,17.56345029239766,0.8320716728383819
2168,4,355.84224292761786,71.33911632793392,857.1292542201802,12.014856621998248,0.0016039222500213316,0.000914047721303829,0.09704867792016049,10.304107396730071,66.87075466391293,65.12034521197258,42.790887835996784,55.71355393893312,70.02428354709151,44.92884008678424,20.724856438602234,0.6416179903728607,0.29596670453136037,2.538119658119658,1.0796011396011396,9515.039079407004,231.80152936561416,6.041108536456685,0.7446153846153846,0.9222999222999223,0.033846153846153845,0.010880041733985855,0.7297230769230769,0.9914822623192994,0.02999836049964181,-0.0770618256197738,0.047905167235179576,0.9984647105471848,0.9992649403903106,0.9985284280936455,0.9992478632478632,3.178639542275906e-06,0.9956125356125356,0.028459898961180292,1.6964309802680175,655.6764904383908,0.9710375748971178,7.0089068748974475,8.760222746248985,1.0900597300161452,9.032686898190509,1.0750453119288592,0.9853303917840284,0.2980430757773147,638.0191888536536,0.9445777850692856,0.9715550636413945,0.030040305339625366,0.9783983540403635,8.693019994808003,0.9638149482922204,457.341052631579,0.9628232686980609,8.996768975069253,11.00421052631579,3.614736842105263,16.953684210526315,3.5895214406526716,0.9810884489105561,289.86315789473684,0.6102382271468144,0.8087846133190119,9.979310929108486,0.791449024820355,1.3467926690166938,0.6834532374100719,1.4739058171745152,1.7906966690361275,262.6863309352518,0.3779659437917292,0.9350530510843125,675.2877697841726,6.863826924072253,8.597122302158274,3.9611510791366906,16.116546762589927,3.938173015462866,0.9856387102038595,0.6142470023980815,7.071800959232613,0.6020399060713622
2095,32,59.391847778315736,12.501301292418338,137.61194990307894,11.007810041866316,0.0043691410245960995,0.006782571362045878,0.1892916501807129,5.2828532005786855,48.13973002600093,48.11313341386073,35.42645304450148,35.34515578168309,44.54490993970061,43.1869705412758,7.870637119896896,0.9695152734563157,0.1766899322627701,1.0,1.0,0.0,0.0,0.0,0.0,1.0,0.0,-3.2034265038149176e-16,0.0,1.0,-3.2034265038149176e-16,0.0,0.0,1.0,1.0,1.0,1.0,0.0,1.0,-3.2034265038149176e-16,0.0,114.08333333333333,1.0,0.0,1.0,1.0523164490897525,1.0523164490897525,1.0523164490897525,1.0,0.1126234690675801,110.51169233584535,0.9684056795989041,0.9834770114942528,0.0179709059684765,0.9877331034520584,0.9877331034520584,0.9877331034520584,94.0,1.0,0.0,1.0,1.9148936170212767,1.9148936170212767,1.9148936170212767,1.0,66.55319148936171,0.7080126754187415,0.8666341607565012,0.8666341607565012,0.8666341607565012,0.8272793899000873,0.8103448275862069,0.39203259393390666,1.1739186356657136,61.05172413793103,0.526307966706302,0.39447086801426867,116.0,0.0,1.0,2.3448275862068964,2.3448275862068964,2.3448275862068964,1.0,0.7455100574712644,0.7455100574712644,0.7455100574712644
1265,36,98.81574673461152,9.173309822082196,226.18081269060053,24.656401787077225,0.001521484334366618,0.0008225024804704923,0.09369413486508475,10.673026667463807,50.4126472114105,48.767148064119844,35.77699786256715,38.14079237973478,43.6267381610528,38.85940569452294,11.034667958744372,0.8907245265751765,0.25293360044495433,52.0,2.4166666666666665,111361.33333333333,0.0,96.33333333333333,0.0,1.0,0.0,-3.203426503814917e-16,0.0,0.9583333333333334,0.08333333333333297,-0.08333333333333333,0.07748945791934947,1.0,1.0,1.0,1.0,0.0,0.9583333333333334,0.08333333333333297,24.083333333333332,184.3983298842106,0.969727287558636,17.497627791108325,19.818700325804635,1.0450563016195655,21.34261284973592,1.028486867702736,0.9846377956524044,0.22143946428796146,184.56647491094822,0.9705173351065528,0.9852530888800318,0.014741332446723586,0.9887359245951086,19.437722194821813,0.9736755276398216,154.0506329113924,0.9750040057683064,14.447684665918924,16.49367088607595,1.7658227848101267,40.5,1.734203048307931,0.9873521053991217,110.18987341772151,0.697404262137478,0.8615066807313642,10.545050984528833,0.8536017466058152,0.922156556389819,0.8186528497409327,0.2737141483736581,1.2365250515512587,102.20207253886011,0.5295444172997933,0.3503986684206287,187.09326424870466,17.689602405433703,20.025906735751295,2.2642487046632125,59.3419689119171,2.2176546473511687,0.984468647562652,0.7472654001151411,10.26021876799079,0.7394997238964671
2095,8,215.5514475402666,29.695923889153136,497.5496297088764,16.754812261982313,0.0015096187943922717,0.0008097236689158025,0.09320637366521387,10.728880018354541,59.399599449258545,56.613712164989195,41.86063400021233,45.04220310401071,54.07577645228794,43.61112090244993,23.00129910750726,0.806481640461119,0.4253530992347698,8.153846153846153,1.2167832167832169,70647.05416296699,1239.641680633416,24.437380801017163,0.0,1.0,0.0,-3.2034265038149176e-16,0.0,0.9872854418308964,0.033807460532423755,-0.07692307692307646,0.058824762119429455,1.0,1.0,1.0,1.0,0.0,0.9930069930069931,0.033807460532423755,6.109345200254291,404.8095591187387,0.9765323456870235,11.276207897385119,13.148366890125867,1.0485973390335053,13.772761602517726,1.0361713973699465,0.9881363604588616,0.20388853547877955,402.4578006638497,0.9706897883298531,0.9846519276448018,0.0168581734852816,0.9886953826027121,12.993112929388994,0.9769723185921785,340.0919540229885,0.9772757299511164,10.919011758488574,12.758620689655173,1.985632183908046,22.563218390804597,1.9655368848778736,0.9885169719827587,264.0287356321839,0.7587032633108733,0.8928894586783203,10.44676876902315,0.8835594984143116,0.8317586462602128,0.8266033254156769,0.5220884528999867,1.2908289098845025,233.32779097387174,0.5542227814106216,0.5200941091508172,411.1187648456057,11.27775176172556,13.149643705463182,2.477434679334917,29.20665083135392,2.451331929186461,0.9881351135688836,0.7725943520717868,9.277344945896015,0.7642889315700053
1248,18,107.00772573851715,17.279955711362376,246.25866892678314,14.251116903318021,0.002522785912291778,0.002261325293455646,0.13125655863859306,7.618666909845161,47.57135278037623,47.57135278037623,37.01665811406333,33.83725807630499,42.964020101411094,36.42615714669262,9.692753470196044,0.8478293479221292,0.22560164172992972,1.0,1.0,0.0,0.0,0.0,0.0,1.0,0.0,-3.2034265038149176e-16,0.0,1.0,-3.2034265038149176e-16,0.0,0.0,1.0,1.0,1.0,1.0,0.0,1.0,-3.2034265038149176e-16,0.0,205.3846153846154,1.0,0.0,1.0,1.0549295580168372,1.0549295580168372,1.0549295580168372,1.0,0.11825962064632324,198.64732704740666,0.9668327400196421,0.9827015090172984,0.01880055215189584,0.9871118881693365,0.9871118881693365,0.9871118881693365,168.0,1.0,0.0,1.0,1.9821428571428572,1.9821428571428572,1.9821428571428572,1.0,120.51190476190476,0.7173327664399093,0.8708878968253968,0.8708878968253968,0.8708878968253968,0.849191436359006,0.8038277511961722,0.43448837868480716,1.2776019995793786,106.8755980861244,0.511366498019734,0.5345573590348206,209.0,0.0,1.0,2.6363636363636362,2.6363636363636362,2.6363636363636362,1.0,0.7404306220095693,0.7404306220095693,0.7404306220095693
2207,12,114.68843237305968,15.616058872224306,265.82672556291635,17.022651344875005,0.0020328181924077282,0.0014682476810274378,0.11365793846740609,8.798329562230904,46.716234789990736,44.138052601678616,35.777217188200765,34.40930158090905,42.15096986985335,38.89109930245231,10.037438339057054,0.9226620270549808,0.23813066152567697,1.0,1.0,0.0,0.0,0.0,0.0,1.0,0.0,-3.2034265038149176e-16,0.0,1.0,-3.2034265038149176e-16,0.0,0.0,1.0,1.0,1.0,1.0,0.0,1.0,-3.2034265038149176e-16,0.0,220.30769230769232,1.0,0.0,1.0,1.0533796490556164,1.0533796490556164,1.0533796490556164,1.0,0.11689938066514355,213.51493753962285,0.9690258453097008,0.9835164835164836,0.019306121230923012,0.9880450365671052,0.9880450365671052,0.9880450365671052,182.0,1.0,0.0,1.0,2.0,2.0,2.0,1.0,131.3186813186813,0.7215312160367106,0.8738648504273504,0.8738648504273504,0.8738648504273504,0.7920227156671954,0.8125,0.485207100591716,1.2533095015927858,117.52678571428571,0.5246731505102041,0.5306122448979591,224.0,0.0,1.0,2.5714285714285716,2.5714285714285716,2.5714285714285716,1.0,0.7493105158730158,0.7493105158730158,0.7493105158730158
1265,57,77.31180184935928,13.439965553283509,178.80970566163984,13.304327675003227,0.003171294591205447,0.0035733488774625155,0.15288274550328787,6.540960503476137,47.06414350569336,44.48453210821017,34.437100105087055,34.7332698713139,42.796305768251166,35.886696152791885,7.0506722093404335,0.8385465873415355,0.16474955215809864,1.0,1.0,0.0,0.0,0.0,0.0,1.0,0.0,-3.2034265038149176e-16,0.0,1.0,-3.2034265038149176e-16,0.0,0.0,1.0,1.0,1.0,1.0,0.0,1.0,-3.2034265038149176e-16,0.0,144.59232859884784,0.9734292382324166,7.027966487525768,8.74338993053555,1.0502222943761774,8.793612224911726,1.0367789090801087,0.9865566147039313,0.2169373782296034,143.74801865950957,0.9674261291821942,0.9836984207845136,0.01628693540890293,0.9874444264059554,8.730834356941504,0.9740010411098871,116.06666666666666,0.9672222222222222,8.669722222222221,10.583333333333334,1.8916666666666666,11.475,1.8750289351851852,0.9833622685185186,79.61666666666666,0.6634722222222222,0.8418981481481481,10.425231481481482,0.8252604166666667,1.012976388830543,0.7947019867549668,0.3082638888888889,1.2732091959522212,75.58278145695364,0.5005482215692294,0.36340511381079776,147.05298013245033,6.913819569317137,8.6158940397351,2.390728476821192,10.006622516556291,2.377506438557763,0.9867779617365711,0.7185430463576159,8.334437086092715,0.705321008094187
