subid,lesion_index,shape_VoxelVolume,shape_MeshVolume,shape_SurfaceArea,shape_SurfaceVolumeRatio,shape_Compactness1,shape_Compactness2,shape_Sphericity,shape_SphericalDisproportion,shape_Maximum3DDiameter,shape_Maximum2DDiameterSlice,shape_Maximum2DDiameterColumn,shape_Maximum2DDiameterRow,shape_MajorAxisLength,shape_MinorAxisLength,shape_LeastAxisLength,shape_Elongation,shape_Flatness,glcm_Autocorrelation,glcm_JointAverage,glcm_ClusterProminence,glcm_ClusterShade,glcm_ClusterTendency,glcm_Contrast,glcm_Correlation,glcm_DifferenceAverage,glcm_DifferenceEntropy,glcm_DifferenceVariance,glcm_JointEnergy,glcm_JointEntropy,glcm_Imc1,glcm_Imc2,glcm_Idm,glcm_Idmn,glcm_Id,glcm_Idn,glcm_InverseVariance,glcm_MaximumProbability,glcm_SumEntropy,glcm_SumSquares,glrlm_GrayLevelNonUniformity,glrlm_GrayLevelNonUniformityNormalized,glrlm_GrayLevelVariance,glrlm_HighGrayLevelRunEmphasis,glrlm_LongRunEmphasis,glrlm_LongRunHighGrayLevelEmphasis,glrlm_LongRunLowGrayLevelEmphasis,glrlm_LowGrayLevelRunEmphasis,glrlm_RunEntropy,glrlm_RunLengthNonUniformity,glrlm_RunLengthNonUniformityNormalized,glrlm_RunPercentage,glrlm_RunVariance,glrlm_ShortRunEmphasis,glrlm_ShortRunHighGrayLevelEmphasis,glrlm_ShortRunLowGrayLevelEmphasis,glszm_GrayLevelNonUniformity,glszm_GrayLevelNonUniformityNormalized,glszm_GrayLevelVariance,glszm_HighGrayLevelZoneEmphasis,glszm_LargeAreaEmphasis,glszm_LargeAreaHighGrayLevelEmphasis,glszm_LargeAreaLowGrayLevelEmphasis,glszm_LowGrayLevelZoneEmphasis,glszm_SizeZoneNonUniformity,glszm_SizeZoneNonUniformityNormalized,glszm_SmallAreaEmphasis,glszm_SmallAreaHighGrayLevelEmphasis,glszm_SmallAreaLowGrayLevelEmphasis,glszm_ZoneEntropy,glszm_ZonePercentage,glszm_ZoneVariance,gldm_DependenceEntropy,gldm_DependenceNonUniformity,gldm_DependenceNonUniformityNormalized,gldm_DependenceVariance,gldm_GrayLevelNonUniformity,gldm_GrayLevelVariance,gldm_HighGrayLevelEmphasis,gldm_LargeDependenceEmphasis,gldm_LargeDependenceHighGrayLevelEmphasis,gldm_LargeDependenceLowGrayLevelEmphasis,gldm_LowGrayLevelEmphasis,gldm_SmallDependenceEmphasis,gldm_SmallDependenceHighGrayLevelEmphasis,gldm_SmallDependenceLowGrayLevelEmphasis
1293,1,1286.1407036131823,118.42102981962758,2928.499565116305,24.7295566469641,0.00042158597177425003,6.315017361100542e-05,0.03982216336058451,25.11164426063773,112.43339159707756,104.8487859131608,61.68295097946027,100.45974467800427,106.81796396012994,55.565724792323934,38.493802808487715,0.5201908249539747,0.36036825063297045,8.51236049446239,1.4265879167732636,61015.41981540159,1370.3328916885632,34.32065467523665,10.102562221746465,0.7999130209515085,0.2982437784702053,0.06312802163425811,9.778183891886842,0.9593378551991628,0.14069203418335172,-0.22912995196598435,0.164357153918903,0.990091214222436,0.9974143818559558,0.990426018091961,0.9963716321962751,1.4054955436195986e-05,0.9785160978265744,0.13076921649068304,11.105804224245784,2343.2049391992546,0.9452507752186083,21.49603794787907,24.574964495753765,1.040505826578164,24.90624535086217,1.011998525036431,0.9719579385039154,0.3001996656102203,2414.7531208642426,0.9740876792727478,0.9868324350808428,0.013599579725186146,0.9901151796496565,24.492385918270863,0.9621894281649838,1991.5590179414542,0.9403017081876555,23.87983389821138,27.23229461756374,1.664778092540132,32.316336166194525,1.6270625118035884,0.9693552407932011,1574.7601510859301,0.7435128192095988,0.8860185185185185,26.013497272059592,0.857141464694156,0.9495200384775964,0.8431528662420382,0.25812385586559206,1.2830383361409519,1438.7133757961783,0.5727362164793703,0.37562629315590895,2375.5063694267515,21.30294332427279,24.35987261146497,2.1775477707006368,32.98964968152866,2.13779872611465,0.9721745222929937,0.7825003317409766,22.27931561836518,0.7576557457537155
1074,3,131.07249414063963,29.056109540941694,308.95031235638726,10.632886413133145,0.0030187668333397817,0.0032378847462409405,0.14794051581775094,6.759473525372235,54.193850960317924,54.09929280132945,41.7920201205028,37.73592509053551,48.09850484282986,41.173401334621246,10.1166693593494,0.8560224786438252,0.2103323043493214,1.0,1.0,0.0,0.0,0.0,0.0,1.0,0.0,-3.2034265038149176e-16,0.0,1.0,-3.2034265038149176e-16,0.0,0.0,1.0,1.0,1.0,1.0,0.0,1.0,-3.2034265038149176e-16,0.0,247.02390721785156,0.9841571253769482,9.059550076014672,10.634608794188265,1.063258885982412,10.697867680170676,1.0553001040065102,0.9920412180240985,0.2098669571148567,241.81999213337446,0.9632441132057477,0.98046875,0.022649755212206947,0.9857627485736783,10.620371542761943,0.9778039665977769,192.03061224489795,0.9797480216576426,11.577051228654728,13.33673469387755,2.193877551020408,14.53061224489796,2.183686646146062,0.9898090951256536,128.1122448979592,0.653633902540608,0.8356632653061224,13.172397959183673,0.8254723604317761,1.0951900229332467,0.765625,0.48792169929196166,1.4080814060838664,117.96875,0.4608154296875,0.49993896484375,252.0234375,8.8828125,10.4453125,2.7734375,12.21875,2.7656350884555785,0.9921975884555786,0.6914605034722222,10.136773003472221,0.6836580919278008
1080,3,131.07249414063963,29.056109540941694,308.95031235638726,10.632886413133145,0.0030187668333397817,0.0032378847462409405,0.14794051581775094,6.759473525372235,54.193850960317924,54.09929280132945,41.7920201205028,37.73592509053551,48.09850484282986,41.173401334621246,10.1166693593494,0.8560224786438252,0.2103323043493214,1.0,1.0,0.0,0.0,0.0,0.0,1.0,0.0,-3.2034265038149176e-16,0.0,1.0,-3.2034265038149176e-16,0.0,0.0,1.0,1.0,1.0,1.0,0.0,1.0,-3.2034265038149176e-16,0.0,247.02390721785156,0.9841571253769482,9.059550076014672,10.634608794188265,1.063258885982412,10.697867680170676,1.0553001040065102,0.9920412180240985,0.2098669571148567,241.81999213337446,0.9632441132057477,0.98046875,0.022649755212206947,0.9857627485736783,10.620371542761943,0.9778039665977769,192.03061224489795,0.9797480216576426,11.577051228654728,13.33673469387755,2.193877551020408,14.53061224489796,2.183686646146062,0.9898090951256536,128.1122448979592,0.653633902540608,0.8356632653061224,13.172397959183673,0.8254723604317761,1.0951900229332467,0.765625,0.48792169929196166,1.4080814060838664,117.96875,0.4608154296875,0.49993896484375,252.0234375,8.8828125,10.4453125,2.7734375,12.21875,2.7656350884555785,0.9921975884555786,0.6914605034722222,10.136773003472221,0.6836580919278008
2131,1,243.71137536619216,51.49853467559208,547.4638496339675,10.630668485669359,0.0022682283024467813,0.001827998253618392,0.12227150528242896,8.178520397619618,61.74522186534748,60.65766039845224,45.290068756218474,48.066621150807826,54.27156017166146,47.062350826469434,19.65974395045006,0.8671641404376577,0.3622476281917472,1.0,1.0,0.0,0.0,0.0,0.0,1.0,0.0,-3.2034265038149176e-16,0.0,1.0,-3.2034265038149176e-16,0.0,0.0,1.0,1.0,1.0,1.0,0.0,1.0,-3.2034265038149176e-16,0.0,458.5933268529952,0.9747727075515702,4.383273423497198,5.884672960764353,1.0353842419371175,5.9200572027014715,1.0226741184352102,0.9872898764980929,0.1977816031253949,459.53629174907087,0.9767341887951909,0.9883645765998708,0.01163290560240455,0.9911539395157207,5.875826900280073,0.9784438160138133,397.1515892420538,0.9710307805429188,5.033076081563358,6.618581907090465,1.5941320293398533,7.212713936430318,1.5795122440403424,0.985380214700489,313.3765281173594,0.7662017802380425,0.8978198859005705,6.516401792991036,0.8832001006010595,0.7851619794584586,0.8592436974789915,0.23966858160819218,1.104761886140404,287.453781512605,0.6038944989760611,0.32864910670150416,464.1302521008403,4.332762516771414,5.8277310924369745,2.0252100840336134,6.852941176470588,2.0126481256565127,0.9874380416228992,0.8035860177404295,5.631317110177404,0.7910240593633286
1011,7,73.21159561939834,14.420465803823825,164.08878634526565,11.37888252553914,0.0038706686805515303,0.005323217888468465,0.17460556485240109,5.727194324220581,53.23891976129507,50.373183106284394,37.221461492219575,40.35839218260342,48.604610571741375,40.57981620995982,12.734822326290013,0.8348964374493486,0.26200852504502964,1.0,1.0,0.0,0.0,0.0,0.0,1.0,0.0,-3.2034265038149176e-16,0.0,1.0,-3.2034265038149176e-16,0.0,0.0,1.0,1.0,1.0,1.0,0.0,1.0,-3.2034265038149176e-16,0.0,136.1754668895952,0.9584606119209228,13.933305626962246,16.225019057842186,1.0207628751230788,16.245781932965265,0.9996902147460724,0.9789273396229935,0.21463611984151532,140.4065003221731,0.9881452489842386,0.9935449166218397,0.007552179275541656,0.9954197818297307,16.22043883967192,0.9743471214527244,125.10687022900764,0.9550142765573102,15.086416875473454,17.51145038167939,1.3053435114503817,17.81679389312977,1.2824903258548137,0.9771468144044322,112.2824427480916,0.8571178835732184,0.9406276505513147,17.452078032230702,0.9177744649557469,0.6200498731046451,0.916083916083916,0.11374628518151622,0.8480500659920626,105.20979020979021,0.7357327986698616,0.16763655924495086,137.0979020979021,13.844295564575283,16.125874125874127,1.5314685314685315,16.657342657342657,1.510533095713151,0.9790645642446196,0.8826728826728827,16.00854700854701,0.8617374469175023
1529,5,168.95956695555338,17.877287513727712,381.72883760914505,21.352726878505532,0.0013523659691263177,0.0006498164683177162,0.08661575682712422,11.54524345952311,55.845441477233344,55.014119378942276,41.8759003091188,43.67150165541585,49.46370462558001,46.002801808246986,12.98890744641722,0.9300314676482354,0.26259471555432273,7.729166666666667,1.3541666666666667,9135.109375,307.0625,18.0625,0.0,1.0,0.0,-3.203426503814917e-16,0.0,0.96875,0.06760651037159404,-0.08333333333333331,0.07465692520284194,1.0,1.0,1.0,1.0,0.0,0.9791666666666666,0.06760651037159404,4.515625,312.0277111623561,0.9582658413460812,8.636888529537178,10.635663440901842,1.0407210153009012,10.905030043744034,1.018809889273008,0.9787945702299502,0.25787661771998205,317.03554644312135,0.9734429975753194,0.9867132867132866,0.013278501212340312,0.9898197461747746,10.568321790191293,0.9687907404691856,263.22545454545457,0.9571834710743802,9.270928925619835,11.323636363636364,1.6872727272727273,15.534545454545455,1.6546382097620194,0.9782409033647129,198.54181818181817,0.7219702479338843,0.8747727272727273,10.3175,0.8557324858562954,0.9383613485660481,0.8333333333333334,0.24727272727272728,1.231187563811082,184.1090909090909,0.5579063360881543,0.3230853994490358,316.26060606060605,8.587731864095499,10.581818181818182,2.1333333333333333,17.587878787878786,2.09405410110172,0.9788464692274217,0.7689604377104378,8.882596801346802,0.752338332302618
2041,1,454.6585947876747,83.88314539718704,1026.5473584997428,12.237826247919495,0.0014389022309231586,0.0007356391230950625,0.09027238970878033,11.077584222883768,71.0787712514532,69.76554821044677,58.31801371725517,51.53018609646093,59.86753551955688,54.4430124315203,31.313543048126295,0.9093912411633421,0.5230471369227672,12.253846153846155,1.4697802197802199,53256.80416693365,1189.6727068849518,36.52503924646782,2.776923076923077,0.9866220735785952,0.14615384615384616,0.03607658412225205,2.4992307692307696,0.9632574568288853,0.10716618627140252,-0.14186253446350533,0.1234167227707924,0.9923289417764557,0.9985244829559389,0.9926923076923077,0.9974801061007957,2.1308331557639037e-05,0.9791208791208792,0.09947387857909486,9.825490580847724,844.3033885771983,0.9622953572381754,8.016358214470088,9.938708389676247,1.0366981571146088,10.185509620746133,1.017018234047792,0.9808453346180717,0.23577960715167143,856.7384839396849,0.9764355224013126,0.9880457380457379,0.01230250565679942,0.9910202674341275,9.877202888621555,0.971996916473421,732.5538057742782,0.9613567004911787,8.368397847906806,10.325459317585302,1.6456692913385826,14.11286089238845,1.6181767158296534,0.9803617551997321,596.2782152230972,0.7825173428124634,0.9052334752798757,9.445259721999037,0.8875588131567733,0.8056841086315858,0.8581081081081081,0.28761857523715045,1.169157586836649,540.5653153153153,0.6087447244541839,0.37411736060384715,854.6148648648649,7.98230155831507,9.9009009009009,2.0923423423423424,16.385135135135137,2.0597642538988694,0.9809016412862567,0.8081284409409409,8.36105636886887,0.7924000146596301
1348,1,454.6585947876747,83.88314539718704,1026.5473584997428,12.237826247919495,0.0014389022309231586,0.0007356391230950625,0.09027238970878033,11.077584222883768,71.0787712514532,69.76554821044677,58.31801371725517,51.53018609646093,59.86753551955688,54.4430124315203,31.313543048126295,0.9093912411633421,0.5230471369227672,12.253846153846155,1.4697802197802199,53256.80416693365,1189.6727068849518,36.52503924646782,2.776923076923077,0.9866220735785952,0.14615384615384616,0.03607658412225205,2.4992307692307696,0.9632574568288853,0.10716618627140252,-0.14186253446350533,0.1234167227707924,0.9923289417764557,0.9985244829559389,0.9926923076923077,0.9974801061007957,2.1308331557639037e-05,0.9791208791208792,0.09947387857909486,9.825490580847724,844.3033885771983,0.9622953572381754,8.016358214470088,9.938708389676247,1.0366981571146088,10.185509620746133,1.017018234047792,0.9808453346180717,0.23577960715167143,856.7384839396849,0.9764355224013126,0.9880457380457379,0.01230250565679942,0.9910202674341275,9.877202888621555,0.971996916473421,732.5538057742782,0.9613567004911787,8.368397847906806,10.325459317585302,1.6456692913385826,14.11286089238845,1.6181767158296534,0.9803617551997321,596.2782152230972,0.7825173428124634,0.9052334752798757,9.445259721999037,0.8875588131567733,0.8056841086315858,0.8581081081081081,0.28761857523715045,1.169157586836649,540.5653153153153,0.6087447244541839,0.37411736060384715,854.6148648648649,7.98230155831507,9.9009009009009,2.0923423423423424,16.385135135135137,2.0597642538988694,0.9809016412862567,0.8081284409409409,8.36105636886887,0.7924000146596301
1529,11,121.85568768309608,24.661270126341464,284.26346378513426,11.526716277338194,0.0029030795627177017,0.002994471079018386,0.14413630161288157,6.9378774729892845,49.45779018512636,48.351966830233216,38.40823288755435,36.80000054836273,43.61575206687344,39.89542225586436,11.488673758561305,0.9147021515230341,0.2634065266362117,1.0,1.0,0.0,0.0,0.0,0.0,1.0,0.0,-3.2034265038149176e-16,0.0,1.0,-3.2034265038149176e-16,0.0,0.0,1.0,1.0,1.0,1.0,0.0,1.0,-3.2034265038149176e-16,0.0,230.93166389992473,0.9914498931815431,4.1083263262685445,5.392238657641836,1.0668713025032848,5.459109960145121,1.0625820069391818,0.9957107044358966,0.1880460040770597,223.30794667485924,0.9586170276874598,0.9786683904330963,0.022638331883623866,0.9840158231764972,5.376254480818334,0.9797265276123936,178.01111111111112,0.9889506172839506,5.309228395061729,6.683333333333334,2.4,8.083333333333334,2.3944498697916665,0.9944498697916667,117.67777777777778,0.6537654320987655,0.8356296296296296,6.518962962962964,0.8300794994212962,1.0411474957978033,0.7563025210084033,0.6517283950617284,1.4729479583726532,107.1344537815126,0.4501447637878681,0.6671845208671704,236.00840336134453,4.0208495162770985,5.298319327731092,3.0840336134453783,7.382352941176471,3.0798360359768906,0.9958024225315126,0.6831605975723624,4.981479925303454,0.6789630201038749
1038,2,1314.3089549180545,231.1262046743991,2938.2203510936456,12.712623197498903,0.0008187432032270983,0.00023817581589933838,0.06198680051123033,16.132466779259353,115.09728843679144,106.19238383738461,73.22095124992958,101.3729762129088,99.40661466685543,67.5245649608716,54.328085991711504,0.6792763759953886,0.5465238522987927,23.862637362637358,1.6016483516483517,321833.3552626309,4808.17531957838,79.59772370486657,0.0,1.0,0.0,-3.2034265038149176e-16,0.0,0.969291001657073,0.08497867969917547,-0.23076923076922787,0.16483771345407086,1.0,1.0,1.0,1.0,0.0,0.9832875457875457,0.08497867969917547,19.899430926216642,2474.2283505081728,0.9723974615489562,17.886444916276307,20.14830872709783,1.026734012716806,20.795802307405374,1.0122934953357332,0.986012922770564,0.17810984644745453,2500.1464723741724,0.9825588012608617,0.9912199214887178,0.008900430471531367,0.9933839709753209,19.986502806175466,0.9795102537837941,2221.8962800875274,0.9723834923796618,17.895496937979118,20.157986870897155,1.4446389496717724,28.984245076586433,1.424522363749994,0.9860058532718062,1868.197374179431,0.8175918486562062,0.9227045306817111,18.650494465036196,0.9097550858794068,0.6573011447230876,0.8901441371250487,0.18258090773716892,0.9507166957096722,1725.3957927541878,0.6721448355100069,0.24083627728948329,2496.0097389949356,17.920408699369556,20.18504090377873,1.749513050253214,40.119594857810675,1.721485233008833,0.9859860913778096,0.8471025407955677,17.01227589490542,0.8352945251972403
1348,2,1314.3089549180545,231.1262046743991,2938.2203510936456,12.712623197498903,0.0008187432032270983,0.00023817581589933838,0.06198680051123033,16.132466779259353,115.09728843679144,106.19238383738461,73.22095124992958,101.3729762129088,99.40661466685543,67.5245649608716,54.328085991711504,0.6792763759953886,0.5465238522987927,23.862637362637358,1.6016483516483517,321833.3552626309,4808.17531957838,79.59772370486657,0.0,1.0,0.0,-3.2034265038149176e-16,0.0,0.969291001657073,0.08497867969917547,-0.23076923076922787,0.16483771345407086,1.0,1.0,1.0,1.0,0.0,0.9832875457875457,0.08497867969917547,19.899430926216642,2474.2283505081728,0.9723974615489562,17.886444916276307,20.14830872709783,1.026734012716806,20.795802307405374,1.0122934953357332,0.986012922770564,0.17810984644745453,2500.1464723741724,0.9825588012608617,0.9912199214887178,0.008900430471531367,0.9933839709753209,19.986502806175466,0.9795102537837941,2221.8962800875274,0.9723834923796618,17.895496937979118,20.157986870897155,1.4446389496717724,28.984245076586433,1.424522363749994,0.9860058532718062,1868.197374179431,0.8175918486562062,0.9227045306817111,18.650494465036196,0.9097550858794068,0.6573011447230876,0.8901441371250487,0.18258090773716892,0.9507166957096722,1725.3957927541878,0.6721448355100069,0.24083627728948329,2496.0097389949356,17.920408699369556,20.18504090377873,1.749513050253214,40.119594857810675,1.721485233008833,0.9859860913778096,0.8471025407955677,17.01227589490542,0.8352945251972403
1011,16,104.44171682767316,21.289385905641087,242.35754051209122,11.383961077424658,0.0031834892903618815,0.0036008831826763545,0.15327441862459137,6.524245917704364,49.81744256059616,48.16475967098582,38.92740334466459,37.35237395109874,45.62708933460344,42.66538386225999,10.011230372364132,0.9350888799716336,0.21941417956660336,1.0,1.0,0.0,0.0,0.0,0.0,1.0,0.0,-3.2034265038149176e-16,0.0,1.0,-3.2034265038149176e-16,0.0,0.0,1.0,1.0,1.0,1.0,0.0,1.0,-3.2034265038149176e-16,0.0,198.77919303184004,0.9900873636049887,7.538559978406055,8.96482895611551,1.0484523584382062,9.013281314553714,1.043474340340634,0.9950219819024279,0.1615221460147428,194.43567459374984,0.9683398159314213,0.9841628959276019,0.015830092034289516,0.9878869103904486,8.952715866505958,0.9829088922928763,163.0121212121212,0.9879522497704316,9.162314049586778,10.690909090909091,1.8666666666666667,11.557575757575757,1.8606098484848486,0.9939431818181819,116.26060606060607,0.7046097337006428,0.8645622895622895,10.555471380471381,0.8585054713804714,0.9041582529132233,0.8088235294117647,0.33807162534435264,1.2487805964361158,106.1078431372549,0.5201364859669358,0.4284890426758938,202.00980392156862,7.419333910034603,8.838235294117647,2.4215686274509802,10.259803921568627,2.4166697303921567,0.9951011029411765,0.7429874727668846,8.581222766884531,0.7380885757080611
1076,21,87.04032814026851,21.077412794754817,197.6466611705813,9.377178456160726,0.004279648902295816,0.006507565214562578,0.1866979329688668,5.356245696446768,49.81895311640601,47.638716610981206,35.236476392898304,37.608510235748575,44.296930337320966,43.689787771185074,10.19895496217152,0.9862938004617362,0.230240670956351,2.2717948717948717,1.6358974358974359,11172.762320227914,389.7443646723645,28.25504273504273,39.42564102564102,0.8222222222222223,1.2717948717948717,0.12617107145706516,28.255042735042732,0.9353846153846154,0.1671967124827061,-0.008364082421994185,0.03704631014992589,0.9590170051708513,0.9801382161079893,0.9602564102564103,0.9798127798127798,4.269057338776381e-05,0.958974358974359,0.12617107145706516,16.92017094017094,160.19048243905948,0.9535132887807175,22.336864740865206,25.35794189473343,1.0358138725107648,25.393755767244198,1.012026819879189,0.9762129473684245,0.2532656481076262,164.05890555122,0.9764765029545974,0.9882352941176471,0.011761748522701308,0.9910465318723088,25.348988426605736,0.9672594792407333,137.2206896551724,0.9463495838287753,25.779024970273483,29.220689655172414,1.6137931034482758,29.83448275862069,1.5862338362068966,0.9724407327586206,110.95862068965518,0.765231866825208,0.8965996168582376,29.11728927203065,0.8690403496168583,0.8705785790392186,0.8529411764705882,0.2392390011890606,1.163452673106699,101.65882352941176,0.5979930795847751,0.31820069204152246,162.18823529411765,22.079723183391003,25.070588235294117,2.023529411764706,26.094117647058823,2.0000229779411764,0.9764935661764705,0.7998774509803921,24.87046568627451,0.7763710171568627
1529,14,157.18359713743905,34.047912734981004,364.9367136622476,10.718328506737205,0.002755428979138945,0.002697619481940414,0.13920672932337763,7.183560772245407,51.56116384588719,49.98554524953792,37.70190025985704,39.58181459574453,44.337517196185814,37.74148572838543,14.595875231674109,0.8512313750313512,0.32919920091803734,1.0,1.0,0.0,0.0,0.0,0.0,1.0,0.0,-3.2034265038149176e-16,0.0,1.0,-3.2034265038149176e-16,0.0,0.0,1.0,1.0,1.0,1.0,0.0,1.0,-3.2034265038149176e-16,0.0,299.92970176636777,0.9933971031295002,6.98586488898877,8.31382699308805,1.0528230146576436,8.366650007745694,1.0495120925240593,0.9966890778664155,0.15026571828761295,292.422197024351,0.9683728902575865,0.9834627912803809,0.018608929305648232,0.9878150178920748,8.301642010980125,0.9845040957584904,243.0081632653061,0.9918700541441067,8.601482715535195,10.012244897959183,1.9387755102040816,10.951020408163265,1.9346957252797,0.9959202150756183,167.8734693877551,0.6851978342357351,0.85418820861678,9.866433106575965,0.8501084236923984,0.9370151617084472,0.7980456026058632,0.36861307788421493,1.2559657610706472,154.72638436482086,0.5039947373446934,0.4209912041507071,305.00651465798046,6.870056976731848,8.192182410423452,2.465798045602606,9.657980456026058,2.4625421911841254,0.9967441455815195,0.7278773072747015,7.920059717698154,0.7246214528562209
1298,5,157.18359713743905,34.047912734981004,364.9367136622476,10.718328506737205,0.002755428979138945,0.002697619481940414,0.13920672932337763,7.183560772245407,51.56116384588719,49.98554524953792,37.70190025985704,39.58181459574453,44.337517196185814,37.74148572838543,14.595875231674109,0.8512313750313512,0.32919920091803734,1.0,1.0,0.0,0.0,0.0,0.0,1.0,0.0,-3.2034265038149176e-16,0.0,1.0,-3.2034265038149176e-16,0.0,0.0,1.0,1.0,1.0,1.0,0.0,1.0,-3.2034265038149176e-16,0.0,299.92970176636777,0.9933971031295002,6.98586488898877,8.31382699308805,1.0528230146576436,8.366650007745694,1.0495120925240593,0.9966890778664155,0.15026571828761295,292.422197024351,0.9683728902575865,0.9834627912803809,0.018608929305648232,0.9878150178920748,8.301642010980125,0.9845040957584904,243.0081632653061,0.9918700541441067,8.601482715535195,10.012244897959183,1.9387755102040816,10.951020408163265,1.9346957252797,0.9959202150756183,167.8734693877551,0.6851978342357351,0.85418820861678,9.866433106575965,0.8501084236923984,0.9370151617084472,0.7980456026058632,0.36861307788421493,1.2559657610706472,154.72638436482086,0.5039947373446934,0.4209912041507071,305.00651465798046,6.870056976731848,8.192182410423452,2.465798045602606,9.657980456026058,2.4625421911841254,0.9967441455815195,0.7278773072747015,7.920059717698154,0.7246214528562209
1076,11,80.89630497742603,15.957393492383153,179.06066246381152,11.221172339284701,0.003757394001562935,0.005016210138063815,0.17118218829981557,5.841729270621068,59.124407791095386,54.3530312769633,47.084775744423766,38.80618565228891,55.49995309537707,44.39366471646468,13.649234473649466,0.7998865267538846,0.2459323605227766,1.0,1.0,0.0,0.0,0.0,0.0,1.0,0.0,-3.2034265038149176e-16,0.0,1.0,-3.2034265038149176e-16,0.0,0.0,1.0,1.0,1.0,1.0,0.0,1.0,-3.2034265038149176e-16,0.0,147.1649513397974,0.9382732267723318,31.60410789256611,35.68516730841603,1.022200239740661,35.70736754815669,0.990349764709976,0.9681495249693152,0.26192418919235433,154.56919448345218,0.985397896834934,0.9926971762414799,0.007301051582533044,0.9944499400648348,35.67961724848085,0.9625994650341497,133.34965034965035,0.9325150374101423,34.55230084600714,39.04195804195804,1.3566433566433567,39.3986013986014,1.3217104291484458,0.9650670725050889,119.1958041958042,0.833537092278351,0.930506993006993,38.97246503496503,0.895574065512082,0.6888767489053002,0.9050632911392406,0.13585016382219178,0.9332484144501011,111.26582278481013,0.7042140682582919,0.17913795866047108,148.31645569620252,31.379586604710788,35.43037974683544,1.5949367088607596,36.0253164556962,1.5633201985330871,0.9683834896723273,0.8653305203938115,35.29571026722926,0.8337140100661389
1044,2,232.44537794447186,38.48489921180376,527.2070704612452,13.69906330167924,0.001793674269390116,0.0011431136282126998,0.1045594124493003,9.563940505928999,60.19664386669903,57.97615238273476,46.599059668724394,42.880302340221114,52.51916212358888,47.735989246719924,16.80133980318943,0.9089251868563112,0.31990875565859683,19.82222222222222,1.672222222222222,117372.76899693644,2496.8607105624146,62.013209876543215,0.0,1.0,0.0,-3.2034265038149176e-16,0.0,0.9541322412155745,0.11660141319727066,-0.2307692307692299,0.1839089772524853,1.0,1.0,1.0,1.0,0.0,0.974145299145299,0.11660141319727066,15.503302469135804,419.8197205836676,0.9362984793996645,21.53111396291335,24.977580233813473,1.0380442355078119,26.14821255193709,1.0035995601766337,0.9671089434378414,0.3026266792651674,437.4774154097246,0.9755952519793354,0.9876313114198576,0.012711589046574335,0.9906814413155469,24.685114654475075,0.9581787894456438,362.7461139896373,0.9397567719938791,20.362211066068888,23.632124352331605,1.6062176165803108,41.21243523316062,1.5518880999594875,0.968954561930958,289.07253886010363,0.7488925877204757,0.8889248704663213,19.27752590673575,0.8637004520352247,0.9084456267230703,0.8502202643171806,0.2228516201777229,1.246237126949782,265.04405286343615,0.5837974732674804,0.32830056861184964,424.99118942731275,21.59686778319005,25.05286343612335,2.0748898678414096,54.991189427312776,2.002302351298925,0.9670056742988705,0.7901676456191874,17.627172050905532,0.7670716176283967
1078,1,232.44537794447186,38.48489921180376,527.2070704612452,13.69906330167924,0.001793674269390116,0.0011431136282126998,0.1045594124493003,9.563940505928999,60.19664386669903,57.97615238273476,46.599059668724394,42.880302340221114,52.51916212358888,47.735989246719924,16.80133980318943,0.9089251868563112,0.31990875565859683,19.82222222222222,1.672222222222222,117372.76899693644,2496.8607105624146,62.013209876543215,0.0,1.0,0.0,-3.2034265038149176e-16,0.0,0.9541322412155745,0.11660141319727066,-0.2307692307692299,0.1839089772524853,1.0,1.0,1.0,1.0,0.0,0.974145299145299,0.11660141319727066,15.503302469135804,419.8197205836676,0.9362984793996645,21.53111396291335,24.977580233813473,1.0380442355078119,26.14821255193709,1.0035995601766337,0.9671089434378414,0.3026266792651674,437.4774154097246,0.9755952519793354,0.9876313114198576,0.012711589046574335,0.9906814413155469,24.685114654475075,0.9581787894456438,362.7461139896373,0.9397567719938791,20.362211066068888,23.632124352331605,1.6062176165803108,41.21243523316062,1.5518880999594875,0.968954561930958,289.07253886010363,0.7488925877204757,0.8889248704663213,19.27752590673575,0.8637004520352247,0.9084456267230703,0.8502202643171806,0.2228516201777229,1.246237126949782,265.04405286343615,0.5837974732674804,0.32830056861184964,424.99118942731275,21.59686778319005,25.05286343612335,2.0748898678414096,54.991189427312776,2.002302351298925,0.9670056742988705,0.7901676456191874,17.627172050905532,0.7670716176283967
1076,2,1142.7883082887017,181.46201744148365,2625.2152814752917,14.467023559472159,0.0007611380146946086,0.00020583966784772355,0.05904407965605957,16.936499066886075,120.76830905528138,119.97343805885777,65.27747236772778,106.13802492854062,114.14478444987985,72.6002942240578,27.084891276287195,0.6360368944928542,0.2372854038563626,30.062296259439766,2.548595395369967,143212.6209985323,3401.629528769643,102.81202757604888,11.035299852056504,0.7609483532577784,0.5825000110441189,0.17805235830698513,10.42516010480708,0.8297549118329823,0.531714287819589,-0.6376728812235748,0.5797291187968155,0.9693334645966765,0.9938795403740494,0.9707902616641579,0.9897706137292442,8.575162707761638e-05,0.9069429156026403,0.5009622394085486,28.461831857026354,1987.4590532326058,0.9039906758156809,19.903707184940647,23.929628911491893,1.0466596533093326,25.260023915477994,0.993426898950472,0.9497028729756674,0.4154502547747078,2134.649444979301,0.9708890158759051,0.9850082712985937,0.015900449258093197,0.9888427838399542,23.597537857662665,0.9392795636492537,1662.188864628821,0.9073083322209722,19.343657336339884,23.233078602620086,1.8351528384279476,45.379366812227076,1.7376817904837363,0.9515357328623788,1324.075327510917,0.7227485412177495,0.8746038027656479,19.60356668486172,0.8338320605239973,1.1043118018716203,0.8207885304659498,0.3507989931542114,1.4761547691118742,1200.6129032258063,0.5379090068215979,0.4188562261533125,2016.866487455197,19.96539560610732,24.006720430107528,2.350358422939068,63.916218637992834,2.210466312835711,0.9494944691418699,0.7578342791716447,17.116574571883714,0.7221958811027187
1078,9,1142.7883082887017,181.46201744148365,2625.2152814752917,14.467023559472159,0.0007611380146946086,0.00020583966784772355,0.05904407965605957,16.936499066886075,120.76830905528138,119.97343805885777,65.27747236772778,106.13802492854062,114.14478444987985,72.6002942240578,27.084891276287195,0.6360368944928542,0.2372854038563626,30.062296259439766,2.548595395369967,143212.6209985323,3401.629528769643,102.81202757604888,11.035299852056504,0.7609483532577784,0.5825000110441189,0.17805235830698513,10.42516010480708,0.8297549118329823,0.531714287819589,-0.6376728812235748,0.5797291187968155,0.9693334645966765,0.9938795403740494,0.9707902616641579,0.9897706137292442,8.575162707761638e-05,0.9069429156026403,0.5009622394085486,28.461831857026354,1987.4590532326058,0.9039906758156809,19.903707184940647,23.929628911491893,1.0466596533093326,25.260023915477994,0.993426898950472,0.9497028729756674,0.4154502547747078,2134.649444979301,0.9708890158759051,0.9850082712985937,0.015900449258093197,0.9888427838399542,23.597537857662665,0.9392795636492537,1662.188864628821,0.9073083322209722,19.343657336339884,23.233078602620086,1.8351528384279476,45.379366812227076,1.7376817904837363,0.9515357328623788,1324.075327510917,0.7227485412177495,0.8746038027656479,19.60356668486172,0.8338320605239973,1.1043118018716203,0.8207885304659498,0.3507989931542114,1.4761547691118742,1200.6129032258063,0.5379090068215979,0.4188562261533125,2016.866487455197,19.96539560610732,24.006720430107528,2.350358422939068,63.916218637992834,2.210466312835711,0.9494944691418699,0.7578342791716447,17.116574571883714,0.7221958811027187
1044,1,308.7325174020188,27.306358642527012,706.9356433635088,25.88904850398196,0.0008196322437679304,0.00023869334794032285,0.062031665054708175,16.120798935802554,63.06280684531241,59.85022441138737,47.152013438230306,48.58312898587455,54.08443798900129,46.786030114885655,20.490364748219424,0.8650553071181059,0.3788587902565685,1.8904010519395134,1.4452005259697567,13427.948499684206,509.00547339578657,22.795236545907155,25.82163050624589,0.6759913770440087,0.8904010519395135,0.13998500061670854,22.795236545907155,0.9439908798192823,0.17068848516634683,-0.004261803793989146,0.02680989032541009,0.9693329803963825,0.9851685063146203,0.9703199649353496,0.984908456746788,3.650830505307776e-05,0.9692965154503616,0.13998500061670854,12.154216763038262,578.4461816903869,0.9734359756921757,11.170172221440168,13.103487574764934,1.0451640120483723,13.148651586813306,1.031715692520856,0.9865516804724833,0.21145687504000157,577.4334497233259,0.9716635650890447,0.9854573287409109,0.015317808188237378,0.989142391492768,13.0926299662577,0.9756940719652516,480.258064516129,0.9682622268470343,13.345733610822059,15.5,1.8044354838709677,16.304435483870968,1.7883243727598566,0.9838888888888888,355.76612903225805,0.7172704214360042,0.8720564516129032,15.372056451612902,0.855945340501792,0.925385954738944,0.8225538971807629,0.32644624739854317,1.2420421944082614,327.0696517412935,0.5424040659059595,0.397663424172669,587.212271973466,11.009518466264586,12.927031509121061,2.296849087893864,14.223880597014926,2.2835968306615073,0.9867477427676433,0.7581969780726,12.68522848719366,0.7449447208402432
1076,24,106.4964014892697,20.65074451955364,244.42956701582395,11.83635615579768,0.0030488086632618904,0.0033026502604602444,0.14892040041335206,6.714996717873054,50.4825772846754,49.83181878978871,37.11185970736787,37.634027717075746,47.91695969036743,37.859693181057864,8.006255596064314,0.7901105042077338,0.16708605153164138,28.076923076923073,2.128205128205128,42713.34472934475,970.7578347578358,66.1880341880342,0.0,1.0,0.0,-3.2034265038149176e-16,0.0,0.9316239316239316,0.14127628216222882,-0.15384615384615377,0.14105606320713077,1.0,1.0,1.0,1.0,0.0,0.9487179487179487,0.14127628216222882,16.547008547008545,189.66993827020212,0.9269712951456027,17.67294657476413,21.04445911788398,1.0505379810984534,22.895766143992002,1.0092426537583898,0.9621087729340568,0.3468634556262255,198.13013475484547,0.9681988110848825,0.9837278106508875,0.017015315548484514,0.987782431971582,20.582049288603173,0.9507422299741688,159.2958579881657,0.9425790413500927,13.895871993277547,16.62130177514793,1.9171597633136095,51.905325443786985,1.8226641760159283,0.9704701289694746,121.80473372781066,0.7207380693953293,0.8732955292570679,11.374281722550952,0.8534448937309924,0.99997288676548,0.8125,0.40236686390532544,1.4571300827247138,109.03846153846153,0.5242233727810651,0.49408284023668636,192.6153846153846,17.89940828402367,21.307692307692307,2.519230769230769,73.59615384615384,2.3848698560418784,0.9616111676603171,0.7490651709401709,11.184962606837606,0.7293375765433895
1124,1,400.38550944523513,50.1761891632259,905.3300258618643,18.043020822421887,0.0010392316174872656,0.0003837310557830949,0.07266785085872286,13.761243633641364,71.66599686536208,65.23319540533174,51.59859526176135,59.059293120985636,61.867971255625214,49.71729452962419,30.807916475300807,0.803603116775932,0.4979622872715365,20.96046176046176,2.2826118326118325,106239.75008908597,2471.848016650628,83.1778657113289,31.905339105339102,0.6911653161653161,1.227128427128427,0.19909466107349147,27.185598137632766,0.8746639045178006,0.3576157562525081,-0.13121464823044873,0.1763120976305993,0.9528724680866483,0.9772915735905059,0.9545507989952433,0.976846633450407,6.981841301367929e-05,0.927070152070152,0.31041850905526097,28.77080120416701,724.0243643462499,0.9356181352689472,21.76107027909578,25.242478767025485,1.0322447216093873,25.927022597561592,0.9980955064160372,0.9667455709642996,0.29295311238999244,758.0227882631298,0.9795334370937177,0.9895730867597875,0.011026347233389624,0.9922205203188069,25.071624510112617,0.9591897878225194,642.5400291120815,0.9352838851704244,21.87404681239658,25.372634643377,1.4992721979621544,35.409024745269285,1.4527567623691404,0.9665670306675213,550.6768558951965,0.8015674758299803,0.9148649522885332,22.903220119683002,0.8847025995211881,0.8015021126965934,0.8785166240409207,0.20358540497363176,1.1572087683595895,503.3708439897698,0.6436967314447184,0.325481910767198,731.7289002557545,21.72842930122121,25.20460358056266,1.9411764705882353,42.90281329923274,1.8849876683541553,0.9667975259525889,0.8303385194657572,20.845683788007957,0.8028826274650135
1136,5,104.44773229979664,10.453306541441801,237.6379568186025,22.733281175338576,0.0016099227418136732,0.0009208996686743196,0.09729057547084355,10.278487871620044,49.38009620256526,48.11313341386073,36.87808261865407,38.69883776849065,48.55764726261975,36.51272072846405,9.651577892411225,0.7519458373052595,0.1987653528642258,1.0,1.0,0.0,0.0,0.0,0.0,1.0,0.0,-3.203426503814917e-16,0.0,1.0,-3.203426503814917e-16,0.0,0.0,1.0,1.0,1.0,1.0,0.0,1.0,-3.203426503814917e-16,0.0,193.28310824548,0.9608697293249093,14.071080816481501,16.32750109642933,1.0433961760549715,16.370897272484306,1.0235463393338566,0.980150163278885,0.2585194024565871,195.71626953398513,0.9728499127357383,0.98604826546003,0.014711725321274282,0.9895761802920784,16.317077276721413,0.9697263435709634,161.15384615384616,0.9535730541647701,16.690171912748156,19.242603550295858,1.8698224852071006,20.11242603550296,1.8461974533403105,0.9763749681332099,127.92307692307692,0.7569412835685025,0.8916420118343196,19.13424556213018,0.8680169799675294,0.9141295293280545,0.8284313725490197,0.41273064668604037,1.274746242669039,114.95098039215686,0.5634851980007689,0.41743560169165705,196.12745098039215,13.877426951172627,16.112745098039216,2.2745098039215685,17.387254901960784,2.2549380863456494,0.9804282824240808,0.7771990740740741,15.88994417211329,0.7576273564981548
1038,1,996.8677581711928,120.57645457073608,2225.040308502614,18.4533565564187,0.0006481577957150584,0.00014926697921976986,0.053046237000255236,18.851478569444772,110.42911470374733,99.52219052469196,70.49559673435495,90.03110707730804,88.91067641601731,63.262597764161434,48.10826395723754,0.7115298219996968,0.541085344263232,24.962765176000467,2.30404930037283,151249.31480414345,3500.737389572238,97.15328153269925,22.49313186813187,0.5809789854767365,0.8997252747252745,0.17996940299402714,20.5836140545962,0.8713490867919812,0.3806135565681771,-0.35277041035682555,0.3097536479256196,0.9640684794438789,0.993027547468031,0.9653951817413355,0.9881615095430885,5.7582417582417584e-05,0.9298435224905812,0.3446245455791662,29.911603350207777,1811.1044357070698,0.9373129296257956,23.345792381069376,26.80511850267903,1.0230366528961232,27.393293014281564,0.989920199306425,0.9677195491598672,0.2805277435063443,1903.1031505128628,0.9849081384745916,0.9924143652957211,0.007664512646765122,0.9942850302017552,26.658119068204186,0.962213580049014,1652.3253833049405,0.9382881222628849,23.40847067882872,26.837592277115274,1.3634298693923907,35.250425894378196,1.3197669085949633,0.968244441196464,1476.2492901760363,0.8383016979988849,0.9323133951668875,24.75755473531453,0.9035346868618243,0.7100338841255678,0.9044684129429892,0.14103029194926608,0.9836960734883494,1373.5136106831021,0.7054512638331291,0.20866205604133578,1824.8346173600412,23.335388303657606,26.796096558808422,1.6420133538777606,41.99897277863379,1.5881617597093345,0.9676881437989516,0.8661223820122126,23.022003224333734,0.8391954603030087
1131,1,996.8677581711928,120.57645457073608,2225.040308502614,18.4533565564187,0.0006481577957150584,0.00014926697921976986,0.053046237000255236,18.851478569444772,110.42911470374733,99.52219052469196,70.49559673435495,90.03110707730804,88.91067641601731,63.262597764161434,48.10826395723754,0.7115298219996968,0.541085344263232,24.962765176000467,2.30404930037283,151249.31480414345,3500.737389572238,97.15328153269925,22.49313186813187,0.5809789854767365,0.8997252747252745,0.17996940299402714,20.5836140545962,0.8713490867919812,0.3806135565681771,-0.35277041035682555,0.3097536479256196,0.9640684794438789,0.993027547468031,0.9653951817413355,0.9881615095430885,5.7582417582417584e-05,0.9298435224905812,0.3446245455791662,29.911603350207777,1811.1044357070698,0.9373129296257956,23.345792381069376,26.80511850267903,1.0230366528961232,27.393293014281564,0.989920199306425,0.9677195491598672,0.2805277435063443,1903.1031505128628,0.9849081384745916,0.9924143652957211,0.007664512646765122,0.9942850302017552,26.658119068204186,0.962213580049014,1652.3253833049405,0.9382881222628849,23.40847067882872,26.837592277115274,1.3634298693923907,35.250425894378196,1.3197669085949633,0.968244441196464,1476.2492901760363,0.8383016979988849,0.9323133951668875,24.75755473531453,0.9035346868618243,0.7100338841255678,0.9044684129429892,0.14103029194926608,0.9836960734883494,1373.5136106831021,0.7054512638331291,0.20866205604133578,1824.8346173600412,23.335388303657606,26.796096558808422,1.6420133538777606,41.99897277863379,1.5881617597093345,0.9676881437989516,0.8661223820122126,23.022003224333734,0.8391954603030087
1044,11,99.83887378672249,7.338583885175498,226.46513117820328,30.85951386829279,0.0012148853966958942,0.0005244123002287489,0.08064131910488848,12.400590802580014,45.38868842246531,45.29000186938665,36.877775284099236,38.441647522499494,43.66878400143404,39.101177296563385,10.703139289486128,0.8954033914770637,0.24509817560146957,1.6153846153846154,1.3076923076923077,1890.4615384615386,78.76923076923077,9.846153846153843,14.76923076923077,0.9076923076923078,0.6153846153846154,0.07063814108111423,9.846153846153847,0.9615384615384616,0.09627916672213989,-0.005729468150925903,0.02336878554405058,0.9744034128782828,0.9877025555626721,0.9753846153846154,0.9874411302982732,4.451566951566951e-05,0.9743589743589743,0.07063814108111423,6.153846153846154,188.27238852801054,0.9794068860377585,5.930816821125532,7.492610369646854,1.0442082411027713,7.536818610749624,1.0338200645113362,0.9896118234085649,0.18658296863011714,186.94874531705497,0.9723951147798984,0.9857988165680474,0.014991942792812575,0.98939078990809,7.482001159554942,0.9790026133166548,158.0493827160494,0.9756134735558604,7.023319615912207,8.703703703703704,1.771604938271605,9.475308641975309,1.759279012345679,0.987674074074074,121.0,0.7469135802469136,0.8866169410150893,8.590320644718792,0.8742910150891633,0.8510519604910699,0.8307692307692308,0.3227023319615912,1.2179596617959991,108.88717948717948,0.5583957922419461,0.41751479289940835,191.04102564102564,5.847100591715976,7.4,2.292307692307692,8.692307692307692,2.282067692307692,0.98976,0.7741452991452992,7.174145299145299,0.7639052991452991
1529,2,233.98340029905424,45.69588288116696,528.1648567696441,11.55825915746386,0.002123967589784649,0.0016028689536601514,0.11703057504821349,8.54477558183429,58.81489115291505,57.20411455031692,47.382579481945285,42.880299145389905,53.05760786644949,48.74742082844989,15.148692790062817,0.9187640149769152,0.2855140553677687,2.6666666666666665,1.1111111111111112,2443.120256058529,103.85733882030182,5.135802469135802,0.0,1.0,0.0,-3.2034265038149176e-16,0.0,0.9848053181386514,0.038712179598126235,-0.07692307692307662,0.06127395622112328,1.0,1.0,1.0,1.0,0.0,0.9914529914529915,0.038712179598126235,1.2839506172839505,421.7729142447415,0.9358327544470956,6.625422431122375,8.761513417313997,1.0427940900144106,8.904753935899837,1.00933025917635,0.967048650940365,0.323784206340104,438.5890726747174,0.9730635936378947,0.986197609829995,0.01448022452729059,0.989680502265666,8.726082312436803,0.9568572736506374,351.96569920844325,0.9286693910513015,7.452872090837574,9.75461741424802,1.7651715039577835,12.063324538258575,1.7205353777394863,0.9632390555166658,277.26912928759896,0.7315808160622663,0.8794620345939607,9.248195543828789,0.8446698855443672,1.0205699486097506,0.8293216630196937,0.3112064104259925,1.326675565002154,253.5120350109409,0.5547309300020589,0.3657475017835852,427.9234135667396,6.563277774851688,8.687089715536105,2.212253829321663,12.459518599562363,2.166528044478185,0.9673363327825659,0.7688882810600535,7.81593423292001,0.7394901432491305
1011,3,142.32743763771145,21.50270640569634,318.2011424536331,14.798190351021933,0.002137300498018835,0.0016230556845688048,0.11751982606917813,8.509202518827328,55.81483221489832,54.59765319227281,42.518041764366025,41.91419573731597,48.81353323714809,48.71354629310734,14.575074440767102,0.9979516552601305,0.29858675400442375,104.96153846153847,2.9615384615384617,520400.07692307694,0.0,200.07692307692307,0.0,1.0,0.0,-3.2034265038149176e-16,0.0,0.9615384615384616,0.07692307692307657,-0.07692307692307693,0.07152873038709182,1.0,1.0,1.0,1.0,0.0,0.9615384615384616,0.07692307692307657,50.01923076923077,263.35358518840474,0.9576464799213061,27.482235758758215,30.49460647881893,1.032795275426046,32.787435199061036,1.0104420396613318,0.9784825754204987,0.25241110030542946,269.0780577122939,0.9784214129911272,0.9892086330935252,0.010789293504436403,0.9918011811434886,29.92139929875841,0.9704927093602904,230.175,0.9590625,21.68706597222222,24.395833333333332,1.5916666666666666,58.775,1.5583623594099616,0.9791910699622297,189.21666666666667,0.7884027777777778,0.9079502314814814,15.856908564814814,0.890265145748445,0.7913086633354693,0.8633093525179856,0.24993055555555552,1.1099823446153387,172.9136690647482,0.6219916153408208,0.29537808602039234,266.2014388489209,27.889757258941053,30.92086330935252,1.935251798561151,90.19424460431655,1.8921167106055092,0.9784396640770515,0.8162719824140687,16.152602917665867,0.8001053344992937
1011,12,102.39384002713055,20.393439805401915,236.82386146151808,11.612747222701833,0.003157020208297294,0.0035412531174930017,0.15242363809286152,6.560662194605058,54.492126093408295,54.492126093408295,40.005595229803056,35.34515316984921,48.31506956953449,44.03671849174028,10.169549419536024,0.9114489306149739,0.21048400654582783,1.0,1.0,0.0,0.0,0.0,0.0,1.0,0.0,-3.203426503814917e-16,0.0,1.0,-3.203426503814917e-16,0.0,0.0,1.0,1.0,1.0,1.0,0.0,1.0,-3.203426503814917e-16,0.0,195.24091073790674,0.9899099235961941,3.955309950291876,5.259432997771852,1.042452141265608,5.30188513903746,1.0373874171303266,0.9949352758647184,0.14723666875002972,191.81413165592724,0.9723250673175442,0.9861538461538462,0.01383746634122789,0.9893869646835979,5.248819962455449,0.9843222405483165,165.0119760479042,0.9880956649575101,4.66649933665603,6.029940119760479,1.652694610778443,6.682634730538922,1.6467137069499527,0.9940190961715096,119.0119760479042,0.712646563161103,0.8700931470392548,5.900033266799734,0.8641122432107644,0.817069918227731,0.835,0.21843737674351896,1.1377415281290544,109.71,0.54855,0.34040000000000004,198.01,3.9004,5.2,2.19,6.39,2.1850059453032107,0.9950059453032105,0.7636111111111111,4.963611111111111,0.7586170564143216
1358,1,170.50365479301365,24.96112063411162,386.9624054340265,15.502605476182328,0.0018500607171934482,0.0012161137802914148,0.10673939491870367,9.368612223833889,51.138650380574624,49.83293648599796,38.01640260783703,40.00000059604645,47.504184991276006,38.81199282661294,14.957738197956113,0.8170226019821336,0.31487200971247176,1.0,1.0,0.0,0.0,0.0,0.0,1.0,0.0,-3.2034265038149176e-16,0.0,1.0,-3.2034265038149176e-16,0.0,0.0,1.0,1.0,1.0,1.0,0.0,1.0,-3.2034265038149176e-16,0.0,324.17822607632286,0.9878843397444249,3.204592137599617,4.504613856024587,1.0449104367659043,4.549524292790492,1.0388260377103065,0.993915600944402,0.1615443053488169,318.78517424517327,0.9713596065981598,0.9854469854469856,0.015015226950370534,0.9890321783023539,4.49364603432694,0.9829477792467558,269.02930402930406,0.9854553261146668,3.8470662426706386,5.212454212454213,1.901098901098901,6.113553113553113,1.8937856125356123,0.9926867114367115,198.34065934065933,0.7265225616873968,0.8767490842490843,5.089203296703297,0.8694357956857958,0.8494464126318101,0.8198198198198198,0.4132351165318199,1.1898251690433965,181.54054054054055,0.5451667884100316,0.40938235532830125,329.024024024024,3.158095031968906,4.453453453453453,2.309309309309309,5.762762762762763,2.3033137303970634,0.9940044210877544,0.7600517183850517,4.213505171838505,0.7540561394728061
1136,3,212.99145410154608,44.842551734916604,482.43029019881146,10.758314849044767,0.0023876107723599014,0.002025486278711918,0.12652502598104426,7.9035747453615866,55.59848691723028,53.81441945861735,45.79596411602542,43.30358017399157,48.66044983288421,43.65620752141264,22.165734097483544,0.8971599660780415,0.4555184790442315,1.0,1.0,0.0,0.0,0.0,0.0,1.0,0.0,-3.2034265038149176e-16,0.0,1.0,-3.2034265038149176e-16,0.0,0.0,1.0,1.0,1.0,1.0,0.0,1.0,-3.2034265038149176e-16,0.0,405.27454171805823,0.9855156205703709,6.959744315936784,8.463209082775109,1.0352713834509948,8.498480466226104,1.0279830933310974,0.9927117098801026,0.15122586742329694,401.9743011912858,0.9774303298406851,0.9885355029585798,0.011840632263618272,0.991392671589148,8.454601754364257,0.9841043814692504,351.0504201680672,0.9833345102746981,8.007767813007556,9.596638655462185,1.5798319327731092,10.176470588235293,1.5714367778361344,0.9916048450630253,272.0420168067227,0.76202245604124,0.8957119514472457,9.49235060690943,0.8873167965102708,0.748961031071293,0.8581730769230769,0.22198683394926594,1.0502811313470146,250.625,0.6024639423076923,0.30538091715976334,410.0432692307692,6.880310419748521,8.377403846153847,1.9903846153846154,9.367788461538462,1.9831801194411058,0.9927955040564904,0.802066639957265,8.17947048611111,0.7948621440137553
1348,6,212.99145410154608,44.842551734916604,482.43029019881146,10.758314849044767,0.0023876107723599014,0.002025486278711918,0.12652502598104426,7.9035747453615866,55.59848691723028,53.81441945861735,45.79596411602542,43.30358017399157,48.66044983288421,43.65620752141264,22.165734097483544,0.8971599660780415,0.4555184790442315,1.0,1.0,0.0,0.0,0.0,0.0,1.0,0.0,-3.2034265038149176e-16,0.0,1.0,-3.2034265038149176e-16,0.0,0.0,1.0,1.0,1.0,1.0,0.0,1.0,-3.2034265038149176e-16,0.0,405.27454171805823,0.9855156205703709,6.959744315936784,8.463209082775109,1.0352713834509948,8.498480466226104,1.0279830933310974,0.9927117098801026,0.15122586742329694,401.9743011912858,0.9774303298406851,0.9885355029585798,0.011840632263618272,0.991392671589148,8.454601754364257,0.9841043814692504,351.0504201680672,0.9833345102746981,8.007767813007556,9.596638655462185,1.5798319327731092,10.176470588235293,1.5714367778361344,0.9916048450630253,272.0420168067227,0.76202245604124,0.8957119514472457,9.49235060690943,0.8873167965102708,0.748961031071293,0.8581730769230769,0.22198683394926594,1.0502811313470146,250.625,0.6024639423076923,0.30538091715976334,410.0432692307692,6.880310419748521,8.377403846153847,1.9903846153846154,9.367788461538462,1.9831801194411058,0.9927955040564904,0.802066639957265,8.17947048611111,0.7948621440137553
1011,6,109.04943962889404,5.887645801558331,250.2903682997313,42.51111169654345,0.0008388813373751356,0.0002500364427689203,0.06299911334679918,15.873239270768362,49.901247360024925,47.71153816454116,39.490445267575936,40.99560710657047,51.128965853951186,44.435727810052214,11.911935510881507,0.8690910732867537,0.23297822109110713,1.0,1.0,0.0,0.0,0.0,0.0,1.0,0.0,-3.203426503814917e-16,0.0,1.0,-3.203426503814917e-16,0.0,0.0,1.0,1.0,1.0,1.0,0.0,1.0,-3.203426503814917e-16,0.0,208.08644398221102,0.9905244213236869,2.0893650981269944,3.299298627039855,1.0426760654894764,3.341974692529331,1.0379254484914604,0.9952493830019837,0.14552124385585516,204.47897067964016,0.9732461337001683,0.986276634163958,0.014464543814300845,0.9897458869551555,3.2890445139950106,0.9849952699571395,174.01136363636363,0.9887009297520661,2.491444989669422,3.7443181818181817,1.7556818181818181,4.5,1.7500117392937644,0.994329921111946,127.125,0.7223011363636364,0.8746054292929292,3.618923611111111,0.8689353504048752,0.8446580899797028,0.8262910798122066,0.2910317665289256,1.1391418082644158,117.4225352112676,0.5512795080341202,0.3421719676431043,211.0093896713615,2.0607022416187264,3.267605633802817,2.183098591549296,4.450704225352113,2.178413455942265,0.9953148643929695,0.7643779342723005,3.0319835680751175,0.75969279866527
1358,2,81.92367797862518,10.837819899256667,183.79457330940508,16.958629596899925,0.002453962754659271,0.002139627543342179,0.12885839765956067,7.760456579958139,54.17703607652036,49.794340382890745,37.610196307991146,40.92529840960618,48.72515678990432,40.313282283984094,12.798227905191782,0.8273607503780648,0.26266160538745625,1.0,1.0,0.0,0.0,0.0,0.0,1.0,0.0,-3.2034265038149176e-16,0.0,1.0,-3.2034265038149176e-16,0.0,0.0,1.0,1.0,1.0,1.0,0.0,1.0,-3.2034265038149176e-16,0.0,152.6520060860398,0.9628681071344087,12.550579788569856,14.7767384394922,1.0278546020861978,14.804593041578398,1.008956469796085,0.9811018677098874,0.20533271123846736,155.6634652481688,0.9817369412105266,0.9908653846153848,0.009131529394736736,0.9930363494784504,14.769774788970649,0.9741382171883378,136.1267605633803,0.9586391588970442,13.979964292799048,16.380281690140844,1.4366197183098592,16.816901408450704,1.415521938213644,0.9789022199037849,114.78873239436619,0.8083713548899027,0.9184761345852895,16.298757824726135,0.8973783544890743,0.7048108777724961,0.8875,0.16703035112080938,0.9924808051936165,106.125,0.66328125,0.25609375,154.1125,12.43734375,14.65,1.7875,15.4375,1.768775720164609,0.9812757201646092,0.8415364583333333,14.491536458333334,0.8228121784979425
1076,3,402.43351716618264,41.600156831762426,927.4756708150868,22.295004188708813,0.0008309334500545634,0.0002453210024751283,0.06260056364899984,15.974297062355234,65.17924540225549,64.5775040465368,47.57157787045964,50.6596493916478,55.739496975983435,49.30607887298766,22.557542287650826,0.8845806214259927,0.40469583529557557,29.32778246094676,2.343210136719265,147579.52290640943,3229.5486374138227,94.97313855833289,8.139560439560439,0.927297573610211,0.4912087912087912,0.13809217643162106,7.061554160125589,0.8668257363635822,0.39517265689485914,-0.5227196175202038,0.4487946760354772,0.9704378205988295,0.994312486380475,0.9720211161387632,0.9902857142857143,0.00010854737822730901,0.925023725429405,0.3655023272245296,25.778174749473337,711.2105985521492,0.9191509566075668,18.532291249058435,21.931906723388053,1.048399896406629,22.928123327524062,1.0042792178282804,0.9582652833755902,0.39815027976045675,750.3482769023018,0.9696324730997558,0.9844392248972402,0.01636084347294404,0.9883486035849015,21.683301150040617,0.9472103774489764,586.7048665620094,0.921043746565164,18.897436718921355,22.282574568288855,1.8649921507064364,37.62951334379906,1.7882945033216906,0.9592963882385533,446.0298273155416,0.7002038105424515,0.862680969823827,19.027123669980814,0.8292376151063743,1.130388117804647,0.8104325699745547,0.3424608582715782,1.4702758960971563,409.78625954198475,0.5213565643027795,0.4037449255093914,722.2620865139949,18.512803579175003,21.916030534351144,2.376590330788804,49.69720101781171,2.2662400838197874,0.9581341292691302,0.7423487418716426,16.278608283856375,0.71337775742937
1215,2,402.43351716618264,41.600156831762426,927.4756708150868,22.295004188708813,0.0008309334500545634,0.0002453210024751283,0.06260056364899984,15.974297062355234,65.17924540225549,64.5775040465368,47.57157787045964,50.6596493916478,55.739496975983435,49.30607887298766,22.557542287650826,0.8845806214259927,0.40469583529557557,29.32778246094676,2.343210136719265,147579.52290640943,3229.5486374138227,94.97313855833289,8.139560439560439,0.927297573610211,0.4912087912087912,0.13809217643162106,7.061554160125589,0.8668257363635822,0.39517265689485914,-0.5227196175202038,0.4487946760354772,0.9704378205988295,0.994312486380475,0.9720211161387632,0.9902857142857143,0.00010854737822730901,0.925023725429405,0.3655023272245296,25.778174749473337,711.2105985521492,0.9191509566075668,18.532291249058435,21.931906723388053,1.048399896406629,22.928123327524062,1.0042792178282804,0.9582652833755902,0.39815027976045675,750.3482769023018,0.9696324730997558,0.9844392248972402,0.01636084347294404,0.9883486035849015,21.683301150040617,0.9472103774489764,586.7048665620094,0.921043746565164,18.897436718921355,22.282574568288855,1.8649921507064364,37.62951334379906,1.7882945033216906,0.9592963882385533,446.0298273155416,0.7002038105424515,0.862680969823827,19.027123669980814,0.8292376151063743,1.130388117804647,0.8104325699745547,0.3424608582715782,1.4702758960971563,409.78625954198475,0.5213565643027795,0.4037449255093914,722.2620865139949,18.512803579175003,21.916030534351144,2.376590330788804,49.69720101781171,2.2662400838197874,0.9581341292691302,0.7423487418716426,16.278608283856375,0.71337775742937
2026,2,228.34326524261698,41.683738815775534,522.877601843551,12.543922802953173,0.0019669425335003955,0.0013746292776740487,0.11118900994445612,8.993694615138175,59.18252740828735,56.004662060225414,44.71969925493652,43.08131931597648,49.313189539219096,47.016432062152255,17.397995907885697,0.9534250877193775,0.35280613706904845,6.546153846153846,1.2115384615384615,46245.85096153846,921.4615384615385,20.942307692307693,2.776923076923077,0.9819884995821432,0.14615384615384616,0.03607658412225205,2.4992307692307696,0.9857692307692307,0.04376889181455971,-0.0769230769230754,0.06341083643192337,0.9923289417764557,0.9984615384615385,0.9926923076923078,0.9974358974358974,2.1308331557639037e-05,0.9923076923076923,0.03607658412225205,5.929807692307692,423.68454620492736,0.9640980637423744,12.823083602303196,14.947086318673305,1.04509042471796,14.992176743391267,1.0269219565065748,0.9818315317886148,0.2579787995440902,426.75529912092213,0.9710218126849699,0.985339772335288,0.015007502404484441,0.988922977540121,14.936009296213426,0.9707545093287359,358.2620320855615,0.957919871886528,15.023999828419456,17.387700534759357,1.7700534759358288,18.157754010695186,1.748705689780319,0.9786522138444902,284.6951871657754,0.7612170779833567,0.8942557932263816,17.28195632798574,0.8729080070708717,0.8856905430006077,0.8385650224215246,0.34796534073036123,1.308554520251868,254.08520179372198,0.5696977618693317,0.5273582818878321,430.21973094170403,12.637701341269679,14.742152466367713,2.4349775784753365,16.17713004484305,2.4170760716991913,0.982098493223855,0.7829048330842052,14.525057299451918,0.7650033263080603
1125,1,3736.6062338745783,384.0031070703823,8364.163593430414,21.78149978327488,0.00028322137326415245,2.8500619140458925e-05,0.03054579491283497,32.737730442228965,188.24725060662175,170.87137457187112,134.59117376733906,150.84615849397937,138.48549495979444,126.52016659922121,67.71998024297584,0.9135986886998742,0.4890041391167828,8.763747408750998,1.5719835382813636,65337.406916531574,1514.443976882127,40.075990964513224,15.35961624969165,0.485156799838843,0.614384649987666,0.1557830364498198,14.838160089281704,0.9319104580857853,0.25465233973671303,-0.23851888927039905,0.21473651957614684,0.9754638718056043,0.9953861170772929,0.9763698211543205,0.9920209785715886,3.932061759921063e-05,0.9648329654689921,0.23007695373720663,13.858901803551218,6824.897035839012,0.9434873817350624,20.314425111832957,23.42087268854798,1.0268282025617377,23.663275053545085,0.9974880728782012,0.9709787670064569,0.2706744874597128,7107.311873875002,0.9825229892659709,0.9911883129202942,0.008959861860875206,0.9933757024583391,23.360354850397478,0.9644341936372943,6115.832462342453,0.9400295822844226,21.686420437744857,24.97094989240701,1.4239163848754994,28.507377805102983,1.38846151572422,0.9691494378425376,5315.995081463265,0.8170911591551283,0.9224922720907196,24.115314282542613,0.8927927866817117,0.7567869002959527,0.8914771170183612,0.16562970226164048,1.0435767837640852,4912.961633324198,0.673192879326418,0.24759363377240795,6887.650041107153,20.202398840993837,23.2944642367772,1.7582899424499863,29.602219786242806,1.7212098921484529,0.9711292183478978,0.8477013489236016,21.754799183946893,0.8208828844338574
1076,16,130.56049221040277,25.47209602928129,297.9651100543055,11.697706765543817,0.0027940979479765056,0.0027738661377666274,0.14050609578744003,7.117128935906217,54.370677956533115,52.05544867473265,39.208309000723034,38.80618565228891,48.15351121015696,43.664623376925746,11.208287945431033,0.9067796362005607,0.23276159232739158,1.0,1.0,0.0,0.0,0.0,0.0,1.0,0.0,-3.2034265038149176e-16,0.0,1.0,-3.2034265038149176e-16,0.0,0.0,1.0,1.0,1.0,1.0,0.0,1.0,-3.2034265038149176e-16,0.0,235.56796211248908,0.9379389224704446,16.191106590804935,19.02997173783715,1.0461414265559676,19.07611316439312,1.0143662362938823,0.9682248097379146,0.33993221062127454,243.6132732837453,0.9698474114414259,0.9849170437405732,0.015076294279287007,0.9884646433610083,19.01843638119816,0.9566894530989228,195.49289099526067,0.9265065923946003,19.1648884795939,22.459715639810426,1.7867298578199051,23.246445497630333,1.7489102451582703,0.9621803873383651,157.3222748815166,0.7456031984906,0.8854331226961558,22.345148762506582,0.8476135100345209,1.0236301430054207,0.8274509803921568,0.32618314952494326,1.3896961810708668,140.27843137254902,0.5501114955786236,0.4658208381391772,239.4078431372549,15.95287966166859,18.75686274509804,2.403921568627451,20.16078431372549,2.3726276930525296,0.9687061244250785,0.7692538126361657,18.526116557734206,0.7379599370612442
1529,6,160.25558926390366,28.415927169797698,365.21380230364,12.852433078158121,0.0022970271126038473,0.0018747116959060765,0.12330428322333913,8.110018353447751,54.09911458836839,54.09911458836839,38.44154875544437,44.087187004005806,48.83187963451466,42.891502883762115,11.947302025603753,0.8783504383772718,0.2446619322259168,3.5846153846153848,1.1846153846153846,2123.3664000000012,102.08492307692313,7.089230769230771,0.0,1.0,0.0,-3.2034265038149176e-16,0.0,0.9753846153846154,0.05553293037595059,-0.07692307692307683,0.06723552704511787,1.0,1.0,1.0,1.0,0.0,0.9846153846153847,0.05553293037595059,1.7723076923076921,284.0053256587987,0.9197943980520973,5.7748033402489956,8.031722331086392,1.0412938966523462,8.198890353612864,0.9989412548951833,0.9583921755557019,0.35089451434799496,300.4628136142767,0.9729769279010669,0.9864831653969036,0.013511536049466458,0.9896765258369135,7.989930325454777,0.9482549057208314,238.10344827586206,0.9122737481833796,6.316290130796671,8.724137931034482,1.681992337164751,11.337164750957854,1.6248611394499988,0.9542950418281984,189.35249042145594,0.7254884690477239,0.8763303533418476,8.117709663686675,0.8334819550557835,1.0247374024180644,0.8338658146964856,0.24383083043408055,1.3255516783456749,174.00958466453673,0.5559411650624178,0.3365554410068491,288.07987220447285,5.732425563188356,7.977635782747604,2.1629392971246006,12.361022364217252,2.10259561033707,0.9587122143032687,0.769613063542776,6.942137025204117,0.7330892531187444
1080,1,160.25558926390366,28.415927169797698,365.21380230364,12.852433078158121,0.0022970271126038473,0.0018747116959060765,0.12330428322333913,8.110018353447751,54.09911458836839,54.09911458836839,38.44154875544437,44.087187004005806,48.83187963451466,42.891502883762115,11.947302025603753,0.8783504383772718,0.2446619322259168,3.5846153846153848,1.1846153846153846,2123.3664000000012,102.08492307692313,7.089230769230771,0.0,1.0,0.0,-3.2034265038149176e-16,0.0,0.9753846153846154,0.05553293037595059,-0.07692307692307683,0.06723552704511787,1.0,1.0,1.0,1.0,0.0,0.9846153846153847,0.05553293037595059,1.7723076923076921,284.0053256587987,0.9197943980520973,5.7748033402489956,8.031722331086392,1.0412938966523462,8.198890353612864,0.9989412548951833,0.9583921755557019,0.35089451434799496,300.4628136142767,0.9729769279010669,0.9864831653969036,0.013511536049466458,0.9896765258369135,7.989930325454777,0.9482549057208314,238.10344827586206,0.9122737481833796,6.316290130796671,8.724137931034482,1.681992337164751,11.337164750957854,1.6248611394499988,0.9542950418281984,189.35249042145594,0.7254884690477239,0.8763303533418476,8.117709663686675,0.8334819550557835,1.0247374024180644,0.8338658146964856,0.24383083043408055,1.3255516783456749,174.00958466453673,0.5559411650624178,0.3365554410068491,288.07987220447285,5.732425563188356,7.977635782747604,2.1629392971246006,12.361022364217252,2.10259561033707,0.9587122143032687,0.769613063542776,6.942137025204117,0.7330892531187444
1011,4,132.0880536349984,24.361201106453734,300.4749434143972,12.334159637752665,0.00263882972504665,0.002474144047954865,0.13525136611209473,7.393640661427492,56.1182905281525,54.097169432315795,42.877778351867775,42.08942616527197,54.509864434881386,43.96807946114979,11.363701856517315,0.806607756540561,0.20847055802335793,1.0,1.0,0.0,0.0,0.0,0.0,1.0,0.0,-3.2034265038149176e-16,0.0,1.0,-3.2034265038149176e-16,0.0,0.0,1.0,1.0,1.0,1.0,0.0,1.0,-3.2034265038149176e-16,0.0,243.52704764394,0.9538545608589152,12.283107610120336,14.560860251597376,1.0318041117089456,14.592664363306323,1.0083627465309704,0.9765586348220245,0.2620793256179588,250.00876875240021,0.979135787169783,0.9895646988670244,0.010432106415108493,0.9920489720727637,14.55290922367014,0.9686076068947881,213.2488888888889,0.9477728395061729,13.897283950617286,16.386666666666667,1.528888888888889,16.915555555555557,1.5022914263744713,0.9734025374855825,178.04,0.7912888888888889,0.9099308641975309,16.296597530864197,0.8833334016831134,0.8111906397899531,0.872093023255814,0.21404444444444445,1.1159004508985795,163.11627906976744,0.6322336398053001,0.2907277206898624,246.2170542635659,12.156961721050418,14.418604651162791,1.9069767441860466,15.325581395348838,1.883781282690915,0.9768045385048685,0.8229166666666666,14.241521317829458,0.7997212051715351
1050,1,278.00619408460506,63.31510006469646,628.082406750751,9.919946523166915,0.0022693810206562857,0.0018298567105513625,0.12231292752525222,8.175750676832946,79.36445806360396,78.72481956593249,49.67572530667055,64.81974645144264,67.68518359603567,54.06481316003496,21.76913728439202,0.7987688041552649,0.3216233764588184,1.0,1.0,0.0,0.0,0.0,0.0,1.0,0.0,-3.2034265038149176e-16,0.0,1.0,-3.2034265038149176e-16,0.0,0.0,1.0,1.0,1.0,1.0,0.0,1.0,-3.2034265038149176e-16,0.0,518.0047706954944,0.963383204212506,15.143963476050287,17.422906655586196,1.0300606204706642,17.45296727605686,1.0114892220523168,0.9814286015816527,0.22256919807678133,527.3914351198711,0.9807370950746184,0.9902252443688908,0.010057212761231412,0.9926434164694771,17.415550072055673,0.9740720180511298,457.3522012578616,0.9588096462428966,17.032721103683485,19.51153039832285,1.4737945492662474,19.9853249475891,1.4528612873552893,0.979066738089042,375.4989517819707,0.7872095425198546,0.9085686000465876,19.42009899836944,0.8876353381356293,0.7531710196521139,0.8784530386740331,0.17792017720818004,1.0331486926344904,347.7182320441989,0.6403650682213607,0.25585299594029487,523.3093922651934,14.997676776926493,17.261510128913443,1.828729281767956,18.0902394106814,1.8103403942329153,0.9816111124649596,0.8267725598526704,17.088282688766114,0.8083836723176299
1010,1,278.00619408460506,63.31510006469646,628.082406750751,9.919946523166915,0.0022693810206562857,0.0018298567105513625,0.12231292752525222,8.175750676832946,79.36445806360396,78.72481956593249,49.67572530667055,64.81974645144264,67.68518359603567,54.06481316003496,21.76913728439202,0.7987688041552649,0.3216233764588184,1.0,1.0,0.0,0.0,0.0,0.0,1.0,0.0,-3.2034265038149176e-16,0.0,1.0,-3.2034265038149176e-16,0.0,0.0,1.0,1.0,1.0,1.0,0.0,1.0,-3.2034265038149176e-16,0.0,518.0047706954944,0.963383204212506,15.143963476050287,17.422906655586196,1.0300606204706642,17.45296727605686,1.0114892220523168,0.9814286015816527,0.22256919807678133,527.3914351198711,0.9807370950746184,0.9902252443688908,0.010057212761231412,0.9926434164694771,17.415550072055673,0.9740720180511298,457.3522012578616,0.9588096462428966,17.032721103683485,19.51153039832285,1.4737945492662474,19.9853249475891,1.4528612873552893,0.979066738089042,375.4989517819707,0.7872095425198546,0.9085686000465876,19.42009899836944,0.8876353381356293,0.7531710196521139,0.8784530386740331,0.17792017720818004,1.0331486926344904,347.7182320441989,0.6403650682213607,0.25585299594029487,523.3093922651934,14.997676776926493,17.261510128913443,1.828729281767956,18.0902394106814,1.8103403942329153,0.9816111124649596,0.8267725598526704,17.088282688766114,0.8083836723176299
1078,8,278.00619408460506,63.31510006469646,628.082406750751,9.919946523166915,0.0022693810206562857,0.0018298567105513625,0.12231292752525222,8.175750676832946,79.36445806360396,78.72481956593249,49.67572530667055,64.81974645144264,67.68518359603567,54.06481316003496,21.76913728439202,0.7987688041552649,0.3216233764588184,1.0,1.0,0.0,0.0,0.0,0.0,1.0,0.0,-3.2034265038149176e-16,0.0,1.0,-3.2034265038149176e-16,0.0,0.0,1.0,1.0,1.0,1.0,0.0,1.0,-3.2034265038149176e-16,0.0,518.0047706954944,0.963383204212506,15.143963476050287,17.422906655586196,1.0300606204706642,17.45296727605686,1.0114892220523168,0.9814286015816527,0.22256919807678133,527.3914351198711,0.9807370950746184,0.9902252443688908,0.010057212761231412,0.9926434164694771,17.415550072055673,0.9740720180511298,457.3522012578616,0.9588096462428966,17.032721103683485,19.51153039832285,1.4737945492662474,19.9853249475891,1.4528612873552893,0.979066738089042,375.4989517819707,0.7872095425198546,0.9085686000465876,19.42009899836944,0.8876353381356293,0.7531710196521139,0.8784530386740331,0.17792017720818004,1.0331486926344904,347.7182320441989,0.6403650682213607,0.25585299594029487,523.3093922651934,14.997676776926493,17.261510128913443,1.828729281767956,18.0902394106814,1.8103403942329153,0.9816111124649596,0.8267725598526704,17.088282688766114,0.8083836723176299
2041,5,68.09638863373956,10.581393722533306,153.15817330113364,14.474291130003037,0.0031496164575522036,0.0035246629088863746,0.15218523856840097,6.570939530055285,52.95745714605537,51.629573548663124,35.642868429508155,41.57691729214044,49.69571249319784,46.383960553175754,10.14147384621083,0.9333594031783851,0.20407140450192673,7.222222222222222,1.4444444444444444,2730.6666666666665,113.77777777777777,14.222222222222221,0.0,1.0,0.0,-3.203426503814917e-16,0.0,0.9506172839506173,0.10203287045049847,-0.11111111111111106,0.10187382342737222,1.0,1.0,1.0,1.0,0.0,0.9629629629629629,0.10203287045049847,3.5555555555555554,124.11330712555704,0.9419094389958799,7.7286994159337175,9.848784268175098,1.0282687263166308,10.175277846562734,0.9968796679268634,0.9703755857053273,0.2846646693711332,129.35264757956176,0.9814998992052876,0.9907460960092538,0.00925005039735618,0.9929328184208421,9.767160873578188,0.9637495651499434,111.11965811965813,0.9497406676893856,7.628022499817373,9.64102564102564,1.4273504273504274,14.376068376068377,1.3763338896474993,0.9744727658928842,90.6068376068376,0.7744174154430564,0.902659069325736,8.4667616334283,0.8835041611175734,0.7806951869910379,0.8796992481203008,0.13514500693987874,1.032789527267463,85.0,0.6390977443609023,0.19775001413307705,125.19548872180451,7.7370117021878,9.864661654135338,1.736842105263158,18.18045112781955,1.6620656671263958,0.9700694042799304,0.8241436925647452,7.79406850459482,0.805424557448849
1050,6,183.80151689939817,25.215110605279715,419.5308522331634,16.638073050741212,0.0016555415492281937,0.000973828354712609,0.09911988858712513,10.088792615227899,54.885230235703716,53.766015368889285,39.4914135246094,42.76072738439171,48.32203227543567,37.63337497232405,19.03963800956149,0.7788036471192632,0.3940156717961596,37.26862026862027,2.9010989010989006,73315.3044422374,1795.3334828436875,96.4147915576487,11.111111111111112,0.8949938949938949,0.5555555555555556,0.10111818917190571,8.808167141500475,0.8435722038102991,0.3856441964989528,-0.3495615019756278,0.3363112216395182,0.9722914934885011,0.9946606866356986,0.9735449735449735,0.9908925318761383,6.944444444444444e-05,0.8910561660561661,0.35786641872117503,26.881475667189953,310.3130855338441,0.876037938383811,31.120755970183463,37.04342024250993,1.0422503777748422,39.588697917966556,0.970710068671167,0.9341354897572818,0.4743174089901039,345.43062273601635,0.9750993176229342,0.9867152346260979,0.01503160598713097,0.9904100400759327,36.51521544564928,0.9257215271958822,270.7095709570957,0.8934309272511409,28.790205753248593,33.87128712871287,1.7854785478547854,79.67326732673267,1.62741088500996,0.9440105721895624,237.40924092409242,0.7835288479342983,0.9045356338354925,29.832845131451922,0.8574871983858179,1.0079733252948981,0.8440111420612814,0.38168371292574804,1.4565212794904672,211.84679665738162,0.5901024976528736,0.4377992101240679,313.96378830083563,31.32812439382066,37.32311977715877,2.247910863509749,112.10863509749304,2.014448832342839,0.9332899063769092,0.796749458372021,26.906313060971836,0.7531993560744609
1074,1,105.47239762879596,18.68807045364664,239.13219742406397,12.795981159060839,0.002851231263380471,0.002888465168894098,0.1424149925972359,7.021732626340135,54.74608190274496,52.153729779796016,40.92544993611048,39.39543179422209,54.6764934488006,45.11000221848472,12.148896150577563,0.8250346606577104,0.22219596364484975,1.0,1.0,0.0,0.0,0.0,0.0,1.0,0.0,-3.203426503814917e-16,0.0,1.0,-3.203426503814917e-16,0.0,0.0,1.0,1.0,1.0,1.0,0.0,1.0,-3.203426503814917e-16,0.0,201.7021268753287,0.9902290273802156,2.1544994626624403,3.371332699576887,1.0356432791495485,3.4069759787264355,1.0307438314231503,0.9951005522736016,0.1276767293904569,199.44698709541132,0.9790724058243658,0.9887976101568335,0.012714985681794966,0.9919312500201998,3.363263949597086,0.9870318022938012,181.01092896174865,0.9891307593538177,2.3966675624832035,3.639344262295082,1.715846994535519,4.355191256830601,1.7103938039109428,0.9945468093754234,160.2568306010929,0.8757203857983218,0.947551516052687,3.5868957783477686,0.9420983254281105,0.4658321652983025,0.8883495145631068,0.44868464271850456,0.9616772493780386,144.5728155339806,0.7018097841455369,0.6044867565274766,204.0097087378641,2.130384579130926,3.3446601941747574,2.2718446601941746,4.616504854368932,2.2670003209500122,0.9951556607558373,0.8614832793959006,3.2061434735706578,0.856638940151738
1396,1,274.4330346069642,32.00012063979836,619.5706041636876,19.361508387350618,0.00117068612972929,0.0004869486788707751,0.0786733658182837,12.710781973021929,62.99726669263554,59.61489409856758,48.13330471396472,45.60701768356303,54.52211054622183,50.95572636219808,23.827867543751697,0.9345882954952687,0.43703127602793934,1.0,1.0,0.0,0.0,0.0,0.0,1.0,0.0,-3.2034265038149176e-16,0.0,1.0,-3.2034265038149176e-16,0.0,0.0,1.0,1.0,1.0,1.0,0.0,1.0,-3.2034265038149176e-16,0.0,505.06246802634547,0.9519799268833279,9.125679811147762,11.235090752553784,1.030944001861231,11.266034754415015,1.0065196150887155,0.9755756132274845,0.2662847730069218,519.7496310240542,0.9796247817832845,0.9898105625717566,0.010187609108357854,0.9922639995346922,11.227354752088477,0.9678396127621767,445.59023354564755,0.9460514512646445,10.249908718406427,12.528662420382165,1.4777070063694266,13.006369426751592,1.450195720272142,0.9724887139027154,376.49044585987264,0.7993427725262688,0.9137473460721869,12.442409766454352,0.8862360599749023,0.798289177361102,0.878731343283582,0.1826533418078714,1.1061916234261762,345.55970149253733,0.6447009356204054,0.3066802183114279,510.5186567164179,9.034584539986632,11.130597014925373,1.9067164179104477,12.037313432835822,1.882541388522722,0.9758249706122741,0.8306514303482587,10.961248445273633,0.8064764009605329
1078,2,274.4330346069642,32.00012063979836,619.5706041636876,19.361508387350618,0.00117068612972929,0.0004869486788707751,0.0786733658182837,12.710781973021929,62.99726669263554,59.61489409856758,48.13330471396472,45.60701768356303,54.52211054622183,50.95572636219808,23.827867543751697,0.9345882954952687,0.43703127602793934,1.0,1.0,0.0,0.0,0.0,0.0,1.0,0.0,-3.2034265038149176e-16,0.0,1.0,-3.2034265038149176e-16,0.0,0.0,1.0,1.0,1.0,1.0,0.0,1.0,-3.2034265038149176e-16,0.0,505.06246802634547,0.9519799268833279,9.125679811147762,11.235090752553784,1.030944001861231,11.266034754415015,1.0065196150887155,0.9755756132274845,0.2662847730069218,519.7496310240542,0.9796247817832845,0.9898105625717566,0.010187609108357854,0.9922639995346922,11.227354752088477,0.9678396127621767,445.59023354564755,0.9460514512646445,10.249908718406427,12.528662420382165,1.4777070063694266,13.006369426751592,1.450195720272142,0.9724887139027154,376.49044585987264,0.7993427725262688,0.9137473460721869,12.442409766454352,0.8862360599749023,0.798289177361102,0.878731343283582,0.1826533418078714,1.1061916234261762,345.55970149253733,0.6447009356204054,0.3066802183114279,510.5186567164179,9.034584539986632,11.130597014925373,1.9067164179104477,12.037313432835822,1.882541388522722,0.9758249706122741,0.8306514303482587,10.961248445273633,0.8064764009605329
1010,4,274.4330346069642,32.00012063979836,619.5706041636876,19.361508387350618,0.00117068612972929,0.0004869486788707751,0.0786733658182837,12.710781973021929,62.99726669263554,59.61489409856758,48.13330471396472,45.60701768356303,54.52211054622183,50.95572636219808,23.827867543751697,0.9345882954952687,0.43703127602793934,1.0,1.0,0.0,0.0,0.0,0.0,1.0,0.0,-3.2034265038149176e-16,0.0,1.0,-3.2034265038149176e-16,0.0,0.0,1.0,1.0,1.0,1.0,0.0,1.0,-3.2034265038149176e-16,0.0,505.06246802634547,0.9519799268833279,9.125679811147762,11.235090752553784,1.030944001861231,11.266034754415015,1.0065196150887155,0.9755756132274845,0.2662847730069218,519.7496310240542,0.9796247817832845,0.9898105625717566,0.010187609108357854,0.9922639995346922,11.227354752088477,0.9678396127621767,445.59023354564755,0.9460514512646445,10.249908718406427,12.528662420382165,1.4777070063694266,13.006369426751592,1.450195720272142,0.9724887139027154,376.49044585987264,0.7993427725262688,0.9137473460721869,12.442409766454352,0.8862360599749023,0.798289177361102,0.878731343283582,0.1826533418078714,1.1061916234261762,345.55970149253733,0.6447009356204054,0.3066802183114279,510.5186567164179,9.034584539986632,11.130597014925373,1.9067164179104477,12.037313432835822,1.882541388522722,0.9758249706122741,0.8306514303482587,10.961248445273633,0.8064764009605329
1010,3,274.4330346069642,32.00012063979836,619.5706041636876,19.361508387350618,0.00117068612972929,0.0004869486788707751,0.0786733658182837,12.710781973021929,62.99726669263554,59.61489409856758,48.13330471396472,45.60701768356303,54.52211054622183,50.95572636219808,23.827867543751697,0.9345882954952687,0.43703127602793934,1.0,1.0,0.0,0.0,0.0,0.0,1.0,0.0,-3.2034265038149176e-16,0.0,1.0,-3.2034265038149176e-16,0.0,0.0,1.0,1.0,1.0,1.0,0.0,1.0,-3.2034265038149176e-16,0.0,505.06246802634547,0.9519799268833279,9.125679811147762,11.235090752553784,1.030944001861231,11.266034754415015,1.0065196150887155,0.9755756132274845,0.2662847730069218,519.7496310240542,0.9796247817832845,0.9898105625717566,0.010187609108357854,0.9922639995346922,11.227354752088477,0.9678396127621767,445.59023354564755,0.9460514512646445,10.249908718406427,12.528662420382165,1.4777070063694266,13.006369426751592,1.450195720272142,0.9724887139027154,376.49044585987264,0.7993427725262688,0.9137473460721869,12.442409766454352,0.8862360599749023,0.798289177361102,0.878731343283582,0.1826533418078714,1.1061916234261762,345.55970149253733,0.6447009356204054,0.3066802183114279,510.5186567164179,9.034584539986632,11.130597014925373,1.9067164179104477,12.037313432835822,1.882541388522722,0.9758249706122741,0.8306514303482587,10.961248445273633,0.8064764009605329
1033,2,268.287312377909,46.54921402739841,625.3004374049357,13.433104091443735,0.0016795940108948828,0.001002330350286059,0.1000776180816155,9.992244211732517,54.92679127249871,51.48041685753236,41.1824157715619,40.76861598747061,47.42168688325812,39.05616152353331,17.60084992414643,0.8235928346387401,0.37115613300462924,20.161713286713287,1.9956293706293708,218922.10445206982,3287.283308891522,77.69481087094724,27.321678321678323,0.7966906578353353,0.986013986013986,0.16660780467337896,22.833121424030512,0.9033362470862472,0.27972109526668676,-0.09983142371269813,0.12975675996177005,0.9604505730297586,0.9905293392383732,0.9620152574698029,0.9860003833478636,7.778212213041851e-05,0.9437645687645688,0.24009405563964725,26.254122298156386,473.7387454837259,0.9213887904365008,40.7972652029482,45.78580042670785,1.0579333218173332,46.926809455838864,1.0165481826904574,0.9595090281808057,0.4173486867825013,495.0540080120558,0.9627307867987197,0.9812096300645918,0.019075821749997796,0.9856813517912737,45.50071285167069,0.9454139217989999,369.3448275862069,0.9097163241039579,46.375991894974405,52.214285714285715,2.12807881773399,71.20935960591133,2.066587703049302,0.9532681268574685,269.64039408866995,0.6641389016962314,0.8418171866447728,47.58935413245758,0.7987751238877806,1.2833034455294186,0.7748091603053435,0.46232619088063287,1.5973907155460687,247.84351145038167,0.4729838004778276,0.4979604918128314,483.2709923664122,40.36977376027038,45.295801526717554,2.713740458015267,74.69656488549619,2.6508491183521543,0.9599798514289319,0.702435856658185,38.0764816581849,0.6681335058601281
1215,3,268.287312377909,46.54921402739841,625.3004374049357,13.433104091443735,0.0016795940108948828,0.001002330350286059,0.1000776180816155,9.992244211732517,54.92679127249871,51.48041685753236,41.1824157715619,40.76861598747061,47.42168688325812,39.05616152353331,17.60084992414643,0.8235928346387401,0.37115613300462924,20.161713286713287,1.9956293706293708,218922.10445206982,3287.283308891522,77.69481087094724,27.321678321678323,0.7966906578353353,0.986013986013986,0.16660780467337896,22.833121424030512,0.9033362470862472,0.27972109526668676,-0.09983142371269813,0.12975675996177005,0.9604505730297586,0.9905293392383732,0.9620152574698029,0.9860003833478636,7.778212213041851e-05,0.9437645687645688,0.24009405563964725,26.254122298156386,473.7387454837259,0.9213887904365008,40.7972652029482,45.78580042670785,1.0579333218173332,46.926809455838864,1.0165481826904574,0.9595090281808057,0.4173486867825013,495.0540080120558,0.9627307867987197,0.9812096300645918,0.019075821749997796,0.9856813517912737,45.50071285167069,0.9454139217989999,369.3448275862069,0.9097163241039579,46.375991894974405,52.214285714285715,2.12807881773399,71.20935960591133,2.066587703049302,0.9532681268574685,269.64039408866995,0.6641389016962314,0.8418171866447728,47.58935413245758,0.7987751238877806,1.2833034455294186,0.7748091603053435,0.46232619088063287,1.5973907155460687,247.84351145038167,0.4729838004778276,0.4979604918128314,483.2709923664122,40.36977376027038,45.295801526717554,2.713740458015267,74.69656488549619,2.6508491183521543,0.9599798514289319,0.702435856658185,38.0764816581849,0.6681335058601281
2041,3,303.617732780508,41.30156904602598,696.4934939244712,16.863608574974645,0.0012676986228395927,0.0005709976005097084,0.08296178627539617,12.053742390266834,67.41408597130794,64.2247535988632,46.068006232705194,53.40861433336882,60.203904031984464,52.1980674347527,18.4027619133285,0.8670213049144037,0.30567389622360175,25.0,1.9230769230769231,25521.23076923077,0.0,44.30769230769231,0.0,1.0,0.0,-3.2034265038149176e-16,0.0,0.9615384615384616,0.07692307692307657,-0.07692307692307693,0.07152873038709182,1.0,1.0,1.0,1.0,0.0,0.9615384615384616,0.07692307692307657,11.076923076923077,566.1961701421773,0.9698928607845781,8.670856094041499,10.539425616908265,1.0480946711857835,10.831175110429074,1.0324417424829944,0.9847369190129467,0.2282083992089589,565.9404279910719,0.9693787938139757,0.9844337787002205,0.01608994692586974,0.9882705502368409,10.466782461561348,0.9731049311787217,471.2628336755647,0.967685490093562,9.306578853054152,11.250513347022586,1.8788501026694044,15.973305954825461,1.856298973305955,0.9835991786447639,363.5297741273101,0.7464677086803081,0.8858629933835273,10.175390714122745,0.8709997490303445,0.901203470205099,0.821247892074199,0.3961563273446361,1.3225914833322454,323.2529510961214,0.5451145886949771,0.5107365583294705,575.2731871838112,8.609312126580766,10.470489038785836,2.4839797639123105,18.2681281618887,2.458725126475548,0.9848472175379427,0.7656192617575417,8.657693460745739,0.7529919430391606
1298,1,303.617732780508,41.30156904602598,696.4934939244712,16.863608574974645,0.0012676986228395927,0.0005709976005097084,0.08296178627539617,12.053742390266834,67.41408597130794,64.2247535988632,46.068006232705194,53.40861433336882,60.203904031984464,52.1980674347527,18.4027619133285,0.8670213049144037,0.30567389622360175,25.0,1.9230769230769231,25521.23076923077,0.0,44.30769230769231,0.0,1.0,0.0,-3.2034265038149176e-16,0.0,0.9615384615384616,0.07692307692307657,-0.07692307692307693,0.07152873038709182,1.0,1.0,1.0,1.0,0.0,0.9615384615384616,0.07692307692307657,11.076923076923077,566.1961701421773,0.9698928607845781,8.670856094041499,10.539425616908265,1.0480946711857835,10.831175110429074,1.0324417424829944,0.9847369190129467,0.2282083992089589,565.9404279910719,0.9693787938139757,0.9844337787002205,0.01608994692586974,0.9882705502368409,10.466782461561348,0.9731049311787217,471.2628336755647,0.967685490093562,9.306578853054152,11.250513347022586,1.8788501026694044,15.973305954825461,1.856298973305955,0.9835991786447639,363.5297741273101,0.7464677086803081,0.8858629933835273,10.175390714122745,0.8709997490303445,0.901203470205099,0.821247892074199,0.3961563273446361,1.3225914833322454,323.2529510961214,0.5451145886949771,0.5107365583294705,575.2731871838112,8.609312126580766,10.470489038785836,2.4839797639123105,18.2681281618887,2.458725126475548,0.9848472175379427,0.7656192617575417,8.657693460745739,0.7529919430391606
2026,1,510.44447409616396,67.8800700674522,1148.734494205954,16.923001008461842,0.000983643784823367,0.000343777897010514,0.07005287820956468,14.274930960130982,81.97863797115481,75.5305283684511,53.93181474064974,70.58611915957664,73.85771210689174,51.13666342880699,34.05863239919774,0.6923672825770536,0.461138470548693,29.14102564102564,2.1036324786324787,279567.21300899,4292.6594287485495,93.88598053181387,4.653846153846154,0.9684418145956607,0.21153846153846154,0.04181264947689167,4.072115384615385,0.9130560436336951,0.23152472227415735,-0.33046900377922495,0.2768074338844063,0.9904044409199049,0.9982100591715977,0.9908026755852842,0.9968891402714932,1.9866497139224412e-05,0.949048174048174,0.22190933765877274,24.634956671415008,923.489415066757,0.9360912632757399,18.37235582068085,21.506995134083272,1.0320305116224735,22.656483152649685,0.9977038282300937,0.9670774419091716,0.30214053270883934,966.0233029231796,0.9791667714620277,0.9895069824859193,0.010648240420204545,0.9920796755524718,21.219710432899756,0.959508148787031,815.7402298850575,0.9376324481437442,16.808810939357908,19.817241379310346,1.4885057471264367,36.09540229885057,1.4368728679138691,0.9678753014796948,676.0091954022988,0.7770220636808033,0.9035022349936143,16.44765932311622,0.8749798566900125,0.8366223969578013,0.872617853560682,0.1752424362531378,1.1552191634627185,623.407221664995,0.6252830708776279,0.278629267944254,933.0601805416248,18.5117579418295,21.659979939819458,1.8986960882647943,54.35205616850552,1.823601238498103,0.9669604275965894,0.8178145547754374,15.294745347152569,0.7919517584469434
1011,1,131.0641152347271,36.86178240976593,300.5020353250987,8.152129812515131,0.003992365261819139,0.005663211514006823,0.17824646573469044,5.610209413568077,58.81883249583829,56.66877292601532,41.57450998659942,42.104629255972235,55.89880517441426,44.07664370381502,16.801812012402223,0.7885077966566194,0.3005755124814845,6.714285714285714,1.2597402597402598,18028.851614857456,508.87887622581525,17.81076066790353,0.0,1.0,0.0,-3.2034265038149176e-16,0.0,0.9777365491651205,0.05378843441657486,-0.0909090909090907,0.07571955446059284,1.0,1.0,1.0,1.0,0.0,0.987012987012987,0.05378843441657486,4.452690166975881,241.16220872822117,0.9540843250998869,14.135975201091401,16.544151971846315,1.0411447761146095,16.993081734059164,1.0168357109197557,0.9766156173133054,0.26254020507188325,246.89116999535491,0.9765454756358505,0.9873798076923077,0.015074954489767017,0.9909210709286126,16.43312679625037,0.9677678588689579,208.19266055045873,0.9550122043599024,14.742382796060935,17.160550458715598,1.7889908256880733,24.004587155963304,1.7523689904096196,0.9771084274688469,169.7981651376147,0.7788906657688747,0.9037974643221203,15.550586455147808,0.8843384574777923,0.8134519985788868,0.8515625,0.4099823247201414,1.2237825025352365,154.078125,0.60186767578125,0.462646484375,244.2421875,14.075546264648438,16.48046875,2.2265625,28.01953125,2.179787149234694,0.9766090029761905,0.802429470486111,13.70477322048611,0.7848845618976757
1124,2,314.88118709567726,43.477497242616984,729.190986170758,16.77168725011152,0.0012457407256146918,0.0005513883315219791,0.08200100789570086,12.194972057805986,60.66312334543668,57.71111671904634,46.95544665218084,43.524706276522075,50.98806494357738,44.4667528684647,22.91993547138117,0.8721012048147138,0.4495156954229195,11.349797570850201,1.4720647773279352,35395.49738869124,921.3823654042418,32.697072235243986,1.9595141700404857,0.9721611721611721,0.08906882591093118,0.02288248068609884,1.8563818453015128,0.9603622416364799,0.10502181480579814,-0.10656862195614682,0.10679240390528016,0.9959597645978546,0.9992190059107053,0.9961274423516986,0.9986706145386428,8.364840900726069e-06,0.9765182186234819,0.10097323180984676,8.664146601321118,578.2068131045539,0.9552268875905057,13.179134751698497,15.54967309541522,1.049495790815042,16.003014089548238,1.025898199153146,0.977165820820747,0.28081816973067675,587.0199734845696,0.9696866411788155,0.9842401500938086,0.017035975368868243,0.9883390565768212,15.437050851162544,0.9656957305182291,473.53521126760563,0.9527871454076572,14.27650004655701,16.758551307847082,1.8611670020120725,23.993963782696177,1.8250153519779087,0.9758979633360385,344.5372233400402,0.693233849778753,0.8589140397943215,15.023903979432147,0.8378244064729106,1.039658435303452,0.808130081300813,0.3299474917917971,1.3559687807389036,317.7317073170732,0.5166369224667856,0.4012056315685108,587.5951219512195,13.090937933769581,15.452032520325202,2.388617886178862,27.14308943089431,2.3464191102542546,0.9772765341404027,0.7379855465221319,12.614408310749775,0.720130908178787
2041,8,69.63239739991414,8.87471731567557,157.29739848981367,17.724215081417466,0.002538033102747905,0.0022887418481192063,0.13178488547342154,7.588123603155392,50.987189360932696,49.373795371265544,35.42674229202377,38.53310322632332,47.06494918874754,41.49631302899328,8.921237412105517,0.8816818831053655,0.18955162102328244,5.766666666666667,1.3666666666666667,1735.2296296296288,78.874074074074,10.755555555555551,0.0,1.0,0.0,-3.2034265038149176e-16,0.0,0.9555555555555555,0.09182958340544858,-0.09999999999999995,0.091686441084635,1.0,1.0,1.0,1.0,0.0,0.9666666666666666,0.09182958340544858,2.6888888888888887,126.69172130540831,0.9433003047651068,3.4303315617110455,5.176548409361128,1.0380701257370542,5.46273883585006,1.0073432596946028,0.970996191601659,0.27940645435808437,130.99015293862112,0.9751241554538239,0.987556561085973,0.01243792227308811,0.9904824685657363,5.105000802738892,0.961909424578423,108.15789473684211,0.9487534626038782,3.100415512465374,4.7631578947368425,1.6666666666666667,9.192982456140351,1.6144005847953216,0.9738669590643274,82.85964912280701,0.7268390273930441,0.8774975633528266,3.699865984405458,0.8578977826510722,0.925571409195403,0.8382352941176471,0.24345952600800247,1.1969842481605624,77.41176470588235,0.5692041522491349,0.277681660899654,128.23529411764707,3.4541522491349474,5.205882352941177,2.0294117647058822,12.544117647058824,1.9563929738562091,0.9707924836601307,0.7753267973856209,3.4040032679738563,0.7570720996732027
1529,7,275.9672926940705,48.597208778379944,634.6328986130557,13.059040108809558,0.0017149541641534648,0.0010449783200229123,0.1014773443905232,9.854416333084377,65.02176580950137,63.608737126432814,45.65599188065615,49.60645193256171,56.75499255071749,51.070380241397935,14.673455278624886,0.8998394316722064,0.25854034366249573,1.0,1.0,0.0,0.0,0.0,0.0,1.0,0.0,-3.2034265038149176e-16,0.0,1.0,-3.2034265038149176e-16,0.0,0.0,1.0,1.0,1.0,1.0,0.0,1.0,-3.2034265038149176e-16,0.0,528.1576187428477,0.996234527400052,2.1764431627698557,3.3088244689521598,1.0507165767572988,3.3595410457094586,1.0488318220887662,0.9981152453314679,0.14044960182698857,513.0828417559306,0.9677464961563084,0.9835878407306977,0.016984520983018156,0.9876421719214652,3.2964666408736245,0.9857574172529326,435.0045766590389,0.9954338138650776,2.6392555859851603,3.80091533180778,2.1670480549199085,4.967963386727689,2.164761593424555,0.9977135385046467,330.89931350114415,0.7572066670506732,0.8912232833636887,3.6921386151714692,0.8889368218683354,0.8049542265971218,0.8107606679035251,0.6457487864522514,1.2698017401037884,290.4248608534323,0.5388216342364235,0.5822918136726778,537.0037105751392,2.140733372114236,3.2708719851576995,2.6178107606679037,4.888682745825603,2.6159569876187954,0.9981462269508917,0.7615218511647083,3.0323938363224077,0.7596680781155999
1124,11,110.08041500092781,15.957393492382815,250.07652731138123,15.671514738967492,0.002276552254325779,0.0018414396604262114,0.1225704642035569,8.158572348549372,50.75442835578114,48.64248677233046,40.00814877814427,36.09764589046796,44.7850418089309,40.19148025819325,10.406429087527368,0.8974308973443537,0.2323639471394252,36.303030303030305,4.446969696969697,43315.8406986532,241.58249158249154,92.73989898989899,115.53030303030302,0.48686868686868684,4.621212121212121,0.24002035717653153,35.92171717171718,0.7759090909090909,0.5157779329341072,-0.2054362464795416,0.25523573335264005,0.8154468002710814,0.9111988447115272,0.8222610722610724,0.9093879976232917,0.00029575757575757574,0.8151515151515152,0.3309294480856224,52.067550505050505,196.05545844817985,0.9197811945188439,25.06837671286128,29.25791499201028,1.0261048596709494,30.015330794259775,0.98322138935351,0.958198350603535,0.3167531390302283,209.51092732206686,0.9828299288316901,0.9914132379248658,0.008585035584154944,0.9934737850822627,29.068561041447904,0.9519425909160414,175.67015706806282,0.9197390422411666,25.081549299635427,29.272251308900522,1.387434554973822,40.261780104712045,1.329928126645807,0.9581771430341708,150.3089005235602,0.7869575943641895,0.9089586969168121,26.530686445607913,0.8710567327915294,0.8121525573068962,0.8883720930232558,0.1203366135796716,1.040545905166679,141.12093023255815,0.6563764196863169,0.1827149810708491,197.75348837209302,25.067604110329906,29.25581395348837,1.6790697674418604,48.77209302325581,1.6094055318563367,0.9582014586486858,0.8354005167958657,24.381912144702845,0.800568399003104
1529,21,72.70381365966237,12.031969161986035,163.80081590021842,13.613799511532402,0.0032380808094520388,0.003725440330029559,0.15502171502951165,6.4507091784504444,48.06656833992423,45.1202416007655,36.035444766813946,37.676518447237044,42.471740847519825,38.037702928561735,8.517119005946983,0.8956002784327354,0.20053614087834942,2.6818181818181817,1.8409090909090908,10648.642045454546,0.0,31.113636363636363,62.22727272727273,0.8787878787878789,1.6818181818181819,0.09090909090909055,31.113636363636363,0.9431818181818182,0.13636363636363602,-0.01373323998082117,0.042385822260510596,0.9545786330457863,0.9778786801538313,0.9557416267942584,0.9775757575757577,3.320273590543861e-05,0.9545454545454546,0.09090909090909055,23.335227272727273,138.55269314118925,0.9858696709671234,9.672210223003937,11.268101368042945,1.0324302821011835,11.300531650144126,1.0253194085776083,0.9928891264764247,0.1370407773864437,137.80889454440654,0.9804953738421085,0.9897074756229686,0.01138889078695209,0.9925029300852047,11.260604298128149,0.9853920565616293,122.01612903225806,0.9840010405827263,10.95128772112383,12.637096774193548,1.4838709677419355,13.120967741935484,1.475812036457868,0.9919410687159325,97.04838709677419,0.7826482830385015,0.9059139784946236,12.543010752688172,0.8978550472105561,0.6856294737379067,0.8732394366197183,0.17247658688865763,0.9825398763659179,89.36619718309859,0.6293394167823845,0.26641539377107715,140.01408450704224,9.572951795278716,11.161971830985916,1.8732394366197183,12.035211267605634,1.866202060005462,0.9929626233857439,0.8208137715179968,10.982785602503913,0.8137763949037408
1348,3,72.70381365966237,12.031969161986035,163.80081590021842,13.613799511532402,0.0032380808094520388,0.003725440330029559,0.15502171502951165,6.4507091784504444,48.06656833992423,45.1202416007655,36.035444766813946,37.676518447237044,42.471740847519825,38.037702928561735,8.517119005946983,0.8956002784327354,0.20053614087834942,2.6818181818181817,1.8409090909090908,10648.642045454546,0.0,31.113636363636363,62.22727272727273,0.8787878787878789,1.6818181818181819,0.09090909090909055,31.113636363636363,0.9431818181818182,0.13636363636363602,-0.01373323998082117,0.042385822260510596,0.9545786330457863,0.9778786801538313,0.9557416267942584,0.9775757575757577,3.320273590543861e-05,0.9545454545454546,0.09090909090909055,23.335227272727273,138.55269314118925,0.9858696709671234,9.672210223003937,11.268101368042945,1.0324302821011835,11.300531650144126,1.0253194085776083,0.9928891264764247,0.1370407773864437,137.80889454440654,0.9804953738421085,0.9897074756229686,0.01138889078695209,0.9925029300852047,11.260604298128149,0.9853920565616293,122.01612903225806,0.9840010405827263,10.95128772112383,12.637096774193548,1.4838709677419355,13.120967741935484,1.475812036457868,0.9919410687159325,97.04838709677419,0.7826482830385015,0.9059139784946236,12.543010752688172,0.8978550472105561,0.6856294737379067,0.8732394366197183,0.17247658688865763,0.9825398763659179,89.36619718309859,0.6293394167823845,0.26641539377107715,140.01408450704224,9.572951795278716,11.161971830985916,1.8732394366197183,12.035211267605634,1.866202060005462,0.9929626233857439,0.8208137715179968,10.982785602503913,0.8137763949037408
1011,5,82.42704122184008,5.63166120149306,184.59539112985928,32.778142101467246,0.0012668648985489112,0.0005702467942564516,0.08292540810217365,12.059030192144304,51.72666161102656,51.72666161102656,40.35610572752712,39.39542900549056,52.712251734800724,43.41475745622073,18.035361025425942,0.8236179640862928,0.3421474217448192,1.0,1.0,0.0,0.0,0.0,0.0,1.0,0.0,-3.2034265038149176e-16,0.0,1.0,-3.2034265038149176e-16,0.0,0.0,1.0,1.0,1.0,1.0,0.0,1.0,-3.2034265038149176e-16,0.0,153.6512901398557,0.9630977243953756,12.472969154363026,14.689870302489071,1.0285350566160216,14.71840535910509,1.0097560850076692,0.9812210283916474,0.2034316521392413,156.8021596149253,0.9827965693511274,0.9909221213569039,0.010043965965690231,0.9934037835533538,14.68327408604242,0.9746248119450012,136.1267605633803,0.9586391588970442,13.979964292799048,16.380281690140844,1.6126760563380282,16.992957746478872,1.591578276241813,0.9789022199037849,116.5774647887324,0.8209680618924816,0.9244394941075021,16.304721184248347,0.903341714011287,0.6456369827387756,0.8819875776397516,0.32716722872445947,0.9885922852836377,107.04968944099379,0.6649049033602099,0.25485127888584547,155.11180124223603,12.36156012499518,14.565217391304348,1.7826086956521738,15.347826086956522,1.764000715691537,0.9813920200393631,0.8425207039337475,14.407738095238097,0.8239127239731106
1293,2,933.3736077574964,150.4422810821247,2113.2691675135893,14.047042841367048,0.0008737008300757648,0.00027122376653345646,0.06473054261761295,15.448657767437032,95.31414463922637,93.65460628163157,61.2299365351441,82.89559822325927,90.40088464419378,59.6169473957288,34.399814802194165,0.659473053061078,0.38052520102637705,12.387912434646715,1.724544452617475,62937.12343907423,1559.7594483500932,48.365431980232145,14.900486666815265,0.5605713247341054,0.6208536111173028,0.14873277291697587,14.148623249862172,0.9205180858100939,0.2592451932367418,-0.1465623338464124,0.15542829465612035,0.9741759329864554,0.9875932667220522,0.9751658555553079,0.987329518140463,4.491128552642526e-05,0.9568761975759947,0.23337629277352098,15.816479661761853,1689.8032562884732,0.9389781468498453,17.5742937072446,20.658225094252007,1.0396366767898,21.07005966639863,1.0075880000064261,0.9685468398491969,0.300200860986744,1754.5557154033452,0.9749262329502539,0.9871724545339465,0.013423304454903381,0.9904234884978265,20.585113958569362,0.959071983745712,1436.6504223521767,0.933496050911096,19.153137337604356,22.489278752436647,1.6640675763482782,28.82975958414555,1.6206024691358025,0.9656171539961014,1153.1793372319687,0.7493043126913378,0.8887953938343801,21.409479820951557,0.8559622987509927,0.9459497502680458,0.8442128359846407,0.26094343263158737,1.2682602641881735,1053.6604498080087,0.5779815961645687,0.3594197264249191,1712.5644541963795,17.44675655043482,20.510696653867253,2.1376851343938563,30.547997805814592,2.092228634119583,0.9687828853538124,0.7862317913085878,18.45234991162309,0.7579660023160846
1076,7,84.48031848908414,16.810730042776324,189.70418603130634,11.284708370700617,0.0036299134197605096,0.004681605115598539,0.1672880528940698,5.9777131881212116,54.38831215969952,54.1406222064178,38.241471382206626,42.670833765747645,51.175195368988085,34.48437939674182,13.177906019213449,0.6738494918895647,0.25750572956677353,29.363636363636363,2.090909090909091,30161.454545454544,0.0,52.36363636363637,0.0,1.0,0.0,-3.2034265038149176e-16,0.0,0.9545454545454546,0.09090909090909055,-0.09090909090909091,0.08453395409383578,1.0,1.0,1.0,1.0,0.0,0.9545454545454546,0.09090909090909055,13.090909090909092,155.72771776229308,0.9531363917520803,13.496719175400834,15.982844354563642,1.02975754273824,16.89603748012397,1.004371494838423,0.9760274490326984,0.23799845614268508,160.19640662428336,0.9804232874318436,0.9902097902097904,0.00978835628407829,0.99256061431544,15.754546073173563,0.9689414375812672,139.12413793103448,0.9594768133174791,11.670677764565992,13.910344827586206,1.4689655172413794,27.28965517241379,1.4276524137931035,0.979343448275862,114.55862068965517,0.7900594530321047,0.9098180076628353,10.59257662835249,0.8943255938697319,0.7354936467749607,0.8787878787878788,0.17407847800237813,1.0543692234267468,105.95757575757575,0.6421671258034894,0.2624793388429752,157.1939393939394,13.625123966942148,16.12727272727273,1.8363636363636364,39.654545454545456,1.7758545454545456,0.9757963636363637,0.8281565656565657,10.28270202020202,0.8130292929292929
1215,5,84.48031848908414,16.810730042776324,189.70418603130634,11.284708370700617,0.0036299134197605096,0.004681605115598539,0.1672880528940698,5.9777131881212116,54.38831215969952,54.1406222064178,38.241471382206626,42.670833765747645,51.175195368988085,34.48437939674182,13.177906019213449,0.6738494918895647,0.25750572956677353,29.363636363636363,2.090909090909091,30161.454545454544,0.0,52.36363636363637,0.0,1.0,0.0,-3.2034265038149176e-16,0.0,0.9545454545454546,0.09090909090909055,-0.09090909090909091,0.08453395409383578,1.0,1.0,1.0,1.0,0.0,0.9545454545454546,0.09090909090909055,13.090909090909092,155.72771776229308,0.9531363917520803,13.496719175400834,15.982844354563642,1.02975754273824,16.89603748012397,1.004371494838423,0.9760274490326984,0.23799845614268508,160.19640662428336,0.9804232874318436,0.9902097902097904,0.00978835628407829,0.99256061431544,15.754546073173563,0.9689414375812672,139.12413793103448,0.9594768133174791,11.670677764565992,13.910344827586206,1.4689655172413794,27.28965517241379,1.4276524137931035,0.979343448275862,114.55862068965517,0.7900594530321047,0.9098180076628353,10.59257662835249,0.8943255938697319,0.7354936467749607,0.8787878787878788,0.17407847800237813,1.0543692234267468,105.95757575757575,0.6421671258034894,0.2624793388429752,157.1939393939394,13.625123966942148,16.12727272727273,1.8363636363636364,39.654545454545456,1.7758545454545456,0.9757963636363637,0.8281565656565657,10.28270202020202,0.8130292929292929
1044,8,26.62369967645933,4.94927750395624,59.747254548362015,12.071914436117721,0.006046303430169916,0.012989191586572699,0.23506828609534178,4.254083001202503,48.77344715051925,48.166071892629,33.148987136489886,36.56446689160241,54.8689589886482,34.3557374721136,10.109538990925612,0.6261415945438555,0.18424878432662023,1.0,1.0,0.0,0.0,0.0,0.0,1.0,0.0,-3.203426503814917e-16,0.0,1.0,-3.203426503814917e-16,0.0,0.0,1.0,1.0,1.0,1.0,0.0,1.0,-3.203426503814917e-16,0.0,51.57142857142857,1.0,0.0,1.0,1.0312605042016807,1.0312605042016807,1.0312605042016807,1.0,0.040096220228130953,51.01131652661064,0.9889076069643544,0.9917582417582418,0.013946196517822815,0.995359477124183,0.995359477124183,0.995359477124183,49.0,1.0,0.0,1.0,1.2244897959183674,1.2244897959183674,1.2244897959183674,1.0,45.12244897959184,0.9208663057059558,0.9665532879818595,0.9665532879818595,0.9665532879818595,0.28683890475094287,0.9423076923076923,0.09829237817576009,0.5260997945093805,42.80769230769231,0.8232248520710059,0.14053254437869822,52.0,0.0,1.0,1.3846153846153846,1.3846153846153846,1.3846153846153846,1.0,0.9252136752136753,0.9252136752136753,0.9252136752136753
1011,2,221.170694458602,43.9440230116441,502.63244648801265,11.438016186065333,0.00220013381892854,0.0017198890824064019,0.11981195275045328,8.346412666212192,64.1630374723998,62.81222329051988,44.28751381658277,48.16637558678633,56.909012949723966,45.63048207750877,16.321937959036823,0.8018146812319664,0.2868076094283408,61.416666666666664,3.0979853479853476,222633.94999405227,3252.6465928251655,150.47196057910344,9.241758241758241,0.9673659673659674,0.31868131868131866,0.04551329066017868,7.921507064364207,0.8956261991976278,0.25362935584800106,-0.25206262111466843,0.23814374127187724,0.9890240400929238,0.9946916954383928,0.9893772893772894,0.9945986217172659,1.3066600462557657e-05,0.9221611721611721,0.24264034485899014,39.92842970521542,406.2285874503772,0.9511871622970298,20.525798254098998,23.505725402023334,1.035101631730258,25.492395484762707,1.007926860782444,0.9749936384421963,0.255100893536962,417.5301490591934,0.9775527474554233,0.9886039886039886,0.011758686450205703,0.9914280922709356,23.00926138154199,0.9669638330606346,354.34594594594597,0.9576917457998539,17.790620891161435,20.437837837837836,1.5567567567567568,47.72162162162162,1.5054624624624626,0.9784024024024023,278.34594594594597,0.7522863403944485,0.8908408408408408,16.346621621621622,0.8736677510844177,0.8320727456739571,0.8564814814814815,0.19354273192111032,1.1308007722564932,257.68518518518516,0.5964934842249657,0.2733196159122085,410.56018518518516,20.86907900377229,23.891203703703702,1.9537037037037037,87.27546296296296,1.8589017489711934,0.974565329218107,0.7975823045267489,15.017875514403293,0.7817819787379973
1076,4,251.3929477463049,50.94419205856817,577.6008205005774,11.337913060561183,0.002070513375669633,0.0015232048960517454,0.11505869457608477,8.691216284734839,66.41454699390643,61.936820795848575,42.30948423115452,53.98073810945515,58.44308896884115,47.25855573440955,18.71138120999057,0.8086252210180982,0.3201641381407221,14.461538461538462,1.7211538461538463,23122.93419471154,338.04086538461536,33.05288461538461,12.01923076923077,0.958974358974359,0.4807692307692308,0.06240600957377909,9.014423076923077,0.9495192307692307,0.13461538461538425,-0.012804044907409643,0.040133291792455665,0.9807999508478742,0.9907615443741501,0.981508875739645,0.9905731523378581,3.076923076923077e-05,0.9615384615384616,0.11538461538461506,11.268028846153847,468.95176345725616,0.9678277823200757,10.053818024976373,12.038889863089112,1.0408237514267955,12.39891285789548,1.0240218444645635,0.9836702812676197,0.21792479661651207,472.142195048243,0.9743004713378615,0.9868400438665206,0.013791457278289869,0.9901476280769491,11.949237680321172,0.9739359564020316,402.2355769230769,0.9669124445266272,10.339861085428993,12.358173076923077,1.6754807692307692,17.901442307692307,1.6514778675466544,0.9831979688211198,315.02403846153845,0.7572693232248521,0.8928952991452992,11.03412126068376,0.8778934855927274,0.8307833645155709,0.8472505091649695,0.2823999167899408,1.213571669441316,285.4887983706721,0.5814435812029982,0.4083855633583733,475.26069246435844,10.017380050688356,11.9979633401222,2.209775967413442,21.45621181262729,2.1813049084708176,0.9837308234613577,0.7897114731839783,9.725556687033265,0.7764927672463313
1124,3,254.46495932772618,49.450853095377106,575.6532752610041,11.640916975703677,0.002020027965222148,0.0014498297592792887,0.11318068983296638,8.835429448926435,69.75170016768993,67.31906664379713,53.66582578230115,51.64804042263648,59.297029333256155,55.038523089128944,18.81382182864335,0.9281834808250863,0.3172810179563549,2.2916666666666665,1.6458333333333333,4810.005208333333,0.0,20.020833333333332,40.041666666666664,0.888888888888889,1.2916666666666667,0.08333333333333297,20.020833333333332,0.9479166666666666,0.12499999999999967,-0.012588803315752739,0.03885367040546805,0.9583766458766458,0.9798278757346767,0.9596354166666666,0.9794973544973544,4.335761359694763e-05,0.9583333333333334,0.08333333333333297,15.015625,478.96811596532854,0.971991473513133,13.458096976939547,15.532825400571596,1.0265203201009476,15.559345720672544,1.012328107795702,0.9858077876947544,0.1735381764999517,484.72850258167233,0.9835916740260745,0.9914873858535831,0.00913464962197809,0.9937166546014166,15.526542055173008,0.9795244422961709,431.2202247191011,0.9690342128519126,14.879060724655977,17.092134831460672,1.4629213483146069,17.55505617977528,1.4472063728932585,0.9842850245786516,368.07865168539325,0.8271430374952657,0.9274383583021224,17.019573189762795,0.911723382880774,0.6232199965634219,0.8953722334004024,0.2155586415856584,0.9285387208689013,340.4688128772636,0.6850479132339308,0.25282479585764084,483.19718309859155,13.344574489188652,15.408450704225352,1.744466800804829,16.15291750503018,1.730396048163984,0.9859292473591549,0.8544042029957524,15.262854907221104,0.8403334503549073
1293,7,114.17570736693456,22.186609802244202,258.7847523556327,11.664006112797653,0.0030068238268956696,0.003212315640572012,0.14755006463789253,6.777360636568563,54.57613215307921,52.757500995168535,40.286867633645194,40.87052788724168,47.042354689682675,39.86638658768803,12.421670055936326,0.8474572935531971,0.2640528973916488,2.0256410256410255,1.5128205128205126,688.5014245014246,23.33903133903135,9.299145299145298,16.41025641025641,0.805128205128205,1.0256410256410255,0.14756121800419117,9.299145299145298,0.9134615384615384,0.21166378210675513,-0.01734990198085151,0.05923371207217492,0.9361468622169011,0.969889437779346,0.9396681749622926,0.968919968919969,0.000250400641025641,0.9358974358974359,0.14756121800419117,6.427350427350428,190.5556634948684,0.8652512829923216,17.24783577698285,21.92404837689248,1.0378012943014476,21.961849671193935,0.9653997428243112,0.9275984485228636,0.4703165922010816,214.77363857332804,0.9751697966973605,0.9875819248016557,0.012415101651319656,0.9905496764246382,21.914598053317118,0.9181481249475018,161.6806282722513,0.8464954359803734,19.64858419451221,25.12565445026178,1.617801047120419,25.7434554973822,1.5343212739361218,0.9165202268157032,146.61256544502618,0.7676050546860009,0.8982969749854567,25.02395142524724,0.8148172018011599,1.0718713963460291,0.8565022421524664,0.25465310709684497,1.388083137555245,133.34977578475338,0.5979810573307326,0.38902853465784554,193.29596412556054,17.049850188019064,21.663677130044842,2.1390134529147984,22.80269058295964,2.0675128400080687,0.9284993870932705,0.8005729945191828,21.464250124564025,0.7290723816124534
1011,10,87.03476402306096,14.420465803822177,191.0988170174459,13.251917075160964,0.003079763408928754,0.003370054743778891,0.1499267011325469,6.6699259868055245,48.51606672427114,46.50901795077315,33.93912606852222,38.433316592444235,44.21933612965554,38.943270981506444,15.4497460972728,0.880684207183049,0.3493889200862852,1.0,1.0,0.0,0.0,0.0,0.0,1.0,0.0,-3.203426503814917e-16,0.0,1.0,-3.203426503814917e-16,0.0,0.0,1.0,1.0,1.0,1.0,0.0,1.0,-3.203426503814917e-16,0.0,165.2011413577721,0.9766320083730189,9.826240479145504,11.629597082346821,1.015069250276351,11.644666332623173,1.0032585868515211,0.9881893365751704,0.1341854674123869,167.47707913388382,0.9900461768362303,0.9950226244343892,0.004976911581884896,0.9962326874309123,11.625829769777734,0.9844220240060827,155.0503144654088,0.9751592104742692,10.445551995569794,12.30817610062893,1.2075471698113207,12.515723270440251,1.194982529699511,0.9874353598881901,138.52201257861634,0.871207626280606,0.9481132075471698,12.2562893081761,0.93554856743536,0.4589953238284249,0.9352941176470588,0.064396186859697,0.6457328113935652,131.69411764705882,0.7746712802768166,0.11266435986159169,166.04705882352943,9.77771626297578,11.576470588235294,1.388235294117647,11.964705882352941,1.376483660130719,0.988248366013072,0.9029411764705882,11.479411764705882,0.8911895424836602
1298,4,87.03476402306096,14.420465803822177,191.0988170174459,13.251917075160964,0.003079763408928754,0.003370054743778891,0.1499267011325469,6.6699259868055245,48.51606672427114,46.50901795077315,33.93912606852222,38.433316592444235,44.21933612965554,38.943270981506444,15.4497460972728,0.880684207183049,0.3493889200862852,1.0,1.0,0.0,0.0,0.0,0.0,1.0,0.0,-3.203426503814917e-16,0.0,1.0,-3.203426503814917e-16,0.0,0.0,1.0,1.0,1.0,1.0,0.0,1.0,-3.203426503814917e-16,0.0,165.2011413577721,0.9766320083730189,9.826240479145504,11.629597082346821,1.015069250276351,11.644666332623173,1.0032585868515211,0.9881893365751704,0.1341854674123869,167.47707913388382,0.9900461768362303,0.9950226244343892,0.004976911581884896,0.9962326874309123,11.625829769777734,0.9844220240060827,155.0503144654088,0.9751592104742692,10.445551995569794,12.30817610062893,1.2075471698113207,12.515723270440251,1.194982529699511,0.9874353598881901,138.52201257861634,0.871207626280606,0.9481132075471698,12.2562893081761,0.93554856743536,0.4589953238284249,0.9352941176470588,0.064396186859697,0.6457328113935652,131.69411764705882,0.7746712802768166,0.11266435986159169,166.04705882352943,9.77771626297578,11.576470588235294,1.388235294117647,11.964705882352941,1.376483660130719,0.988248366013072,0.9029411764705882,11.479411764705882,0.8911895424836602
1080,10,87.03476402306096,14.420465803822177,191.0988170174459,13.251917075160964,0.003079763408928754,0.003370054743778891,0.1499267011325469,6.6699259868055245,48.51606672427114,46.50901795077315,33.93912606852222,38.433316592444235,44.21933612965554,38.943270981506444,15.4497460972728,0.880684207183049,0.3493889200862852,1.0,1.0,0.0,0.0,0.0,0.0,1.0,0.0,-3.203426503814917e-16,0.0,1.0,-3.203426503814917e-16,0.0,0.0,1.0,1.0,1.0,1.0,0.0,1.0,-3.203426503814917e-16,0.0,165.2011413577721,0.9766320083730189,9.826240479145504,11.629597082346821,1.015069250276351,11.644666332623173,1.0032585868515211,0.9881893365751704,0.1341854674123869,167.47707913388382,0.9900461768362303,0.9950226244343892,0.004976911581884896,0.9962326874309123,11.625829769777734,0.9844220240060827,155.0503144654088,0.9751592104742692,10.445551995569794,12.30817610062893,1.2075471698113207,12.515723270440251,1.194982529699511,0.9874353598881901,138.52201257861634,0.871207626280606,0.9481132075471698,12.2562893081761,0.93554856743536,0.4589953238284249,0.9352941176470588,0.064396186859697,0.6457328113935652,131.69411764705882,0.7746712802768166,0.11266435986159169,166.04705882352943,9.77771626297578,11.576470588235294,1.388235294117647,11.964705882352941,1.376483660130719,0.988248366013072,0.9029411764705882,11.479411764705882,0.8911895424836602
2041,4,82.94447337342713,16.725428787234257,189.07297399071308,11.304521779138105,0.003629594774874554,0.0046807832204844675,0.16727826271337065,5.978063041660639,54.10525119714084,49.78045907657841,38.92989525329209,39.273401252846725,54.659464497116396,43.991938636650914,10.62587821605777,0.8048366196301053,0.19440143283178976,1.0,1.0,0.0,0.0,0.0,0.0,1.0,0.0,-3.2034265038149176e-16,0.0,1.0,-3.2034265038149176e-16,0.0,0.0,1.0,1.0,1.0,1.0,0.0,1.0,-3.2034265038149176e-16,0.0,160.0,1.0,0.0,1.0,1.0388372665042003,1.0388372665042003,1.0388372665042003,1.0,0.09015144576583635,156.22696916115186,0.976215601820993,0.9876543209876544,0.013324075891202734,0.9908385685372197,0.9908385685372197,0.9908385685372197,137.0,1.0,0.0,1.0,1.6204379562043796,1.6204379562043796,1.6204379562043796,1.0,100.62043795620438,0.7344557515051414,0.8816403081914032,0.8816403081914032,0.8816403081914032,0.7288025540498687,0.845679012345679,0.22217486280569024,1.0238905731059826,93.54320987654322,0.5774272214601432,0.30437433318091756,162.0,0.0,1.0,2.049382716049383,2.049382716049383,2.049382716049383,1.0,0.7824502743484225,0.7824502743484225,0.7824502743484225
1050,4,334.83618956046354,66.36565913115186,769.3894126357102,11.593185733531891,0.001754483010273476,0.0010937059637139187,0.1030307497254296,9.705840272587906,80.16670501178479,77.7596801477187,52.115129144923536,64.71599118042886,72.04263500357796,55.008889839832925,20.334095378752046,0.7635602145465799,0.2822508557292798,1.2307692307692308,1.1153846153846154,4093.615384615385,149.53846153846155,6.230769230769231,6.923076923076923,0.9190283400809717,0.23076923076923078,0.03607658412225205,6.230769230769231,0.9857692307692307,0.04376889181455971,-0.0010201872042003466,0.00669180357650806,0.9923162298301034,0.9962799156780887,0.9925558312655086,0.9962168978562421,8.547008547008548e-06,0.9923076923076923,0.03607658412225205,3.2884615384615383,611.5120848871309,0.9486441169551624,23.110147370176925,26.318595908132085,1.0455037995019116,26.364099707634004,1.019157705945062,0.9736539064431509,0.28188793420859903,627.049194368754,0.9726706147055577,0.9856504351917196,0.016031521936101335,0.9894983493465965,26.30809425747868,0.9631522557897474,520.0452079566004,0.9404072476611218,26.816738552495185,30.511754068716094,2.184448462929476,31.696202531645568,2.1537390414219666,0.969290578492491,451.1916817359855,0.815898158654585,0.9199832575457538,30.431737326261853,0.889273836038245,0.8060654144840882,0.845565749235474,0.7858107511551328,1.3056706936487674,396.3333333333333,0.6060142711518859,0.6283889309728885,620.8837920489296,22.786381617708944,25.954128440366972,2.5137614678899083,27.46788990825688,2.4877946328843237,0.9740331649944152,0.8069444444444445,25.761072884811416,0.7809776094388596
1080,2,334.83618956046354,66.36565913115186,769.3894126357102,11.593185733531891,0.001754483010273476,0.0010937059637139187,0.1030307497254296,9.705840272587906,80.16670501178479,77.7596801477187,52.115129144923536,64.71599118042886,72.04263500357796,55.008889839832925,20.334095378752046,0.7635602145465799,0.2822508557292798,1.2307692307692308,1.1153846153846154,4093.615384615385,149.53846153846155,6.230769230769231,6.923076923076923,0.9190283400809717,0.23076923076923078,0.03607658412225205,6.230769230769231,0.9857692307692307,0.04376889181455971,-0.0010201872042003466,0.00669180357650806,0.9923162298301034,0.9962799156780887,0.9925558312655086,0.9962168978562421,8.547008547008548e-06,0.9923076923076923,0.03607658412225205,3.2884615384615383,611.5120848871309,0.9486441169551624,23.110147370176925,26.318595908132085,1.0455037995019116,26.364099707634004,1.019157705945062,0.9736539064431509,0.28188793420859903,627.049194368754,0.9726706147055577,0.9856504351917196,0.016031521936101335,0.9894983493465965,26.30809425747868,0.9631522557897474,520.0452079566004,0.9404072476611218,26.816738552495185,30.511754068716094,2.184448462929476,31.696202531645568,2.1537390414219666,0.969290578492491,451.1916817359855,0.815898158654585,0.9199832575457538,30.431737326261853,0.889273836038245,0.8060654144840882,0.845565749235474,0.7858107511551328,1.3056706936487674,396.3333333333333,0.6060142711518859,0.6283889309728885,620.8837920489296,22.786381617708944,25.954128440366972,2.5137614678899083,27.46788990825688,2.4877946328843237,0.9740331649944152,0.8069444444444445,25.761072884811416,0.7809776094388596
1050,12,334.83618956046354,66.36565913115186,769.3894126357102,11.593185733531891,0.001754483010273476,0.0010937059637139187,0.1030307497254296,9.705840272587906,80.16670501178479,77.7596801477187,52.115129144923536,64.71599118042886,72.04263500357796,55.008889839832925,20.334095378752046,0.7635602145465799,0.2822508557292798,1.2307692307692308,1.1153846153846154,4093.615384615385,149.53846153846155,6.230769230769231,6.923076923076923,0.9190283400809717,0.23076923076923078,0.03607658412225205,6.230769230769231,0.9857692307692307,0.04376889181455971,-0.0010201872042003466,0.00669180357650806,0.9923162298301034,0.9962799156780887,0.9925558312655086,0.9962168978562421,8.547008547008548e-06,0.9923076923076923,0.03607658412225205,3.2884615384615383,611.5120848871309,0.9486441169551624,23.110147370176925,26.318595908132085,1.0455037995019116,26.364099707634004,1.019157705945062,0.9736539064431509,0.28188793420859903,627.049194368754,0.9726706147055577,0.9856504351917196,0.016031521936101335,0.9894983493465965,26.30809425747868,0.9631522557897474,520.0452079566004,0.9404072476611218,26.816738552495185,30.511754068716094,2.184448462929476,31.696202531645568,2.1537390414219666,0.969290578492491,451.1916817359855,0.815898158654585,0.9199832575457538,30.431737326261853,0.889273836038245,0.8060654144840882,0.845565749235474,0.7858107511551328,1.3056706936487674,396.3333333333333,0.6060142711518859,0.6283889309728885,620.8837920489296,22.786381617708944,25.954128440366972,2.5137614678899083,27.46788990825688,2.4877946328843237,0.9740331649944152,0.8069444444444445,25.761072884811416,0.7809776094388596
1010,7,334.83618956046354,66.36565913115186,769.3894126357102,11.593185733531891,0.001754483010273476,0.0010937059637139187,0.1030307497254296,9.705840272587906,80.16670501178479,77.7596801477187,52.115129144923536,64.71599118042886,72.04263500357796,55.008889839832925,20.334095378752046,0.7635602145465799,0.2822508557292798,1.2307692307692308,1.1153846153846154,4093.615384615385,149.53846153846155,6.230769230769231,6.923076923076923,0.9190283400809717,0.23076923076923078,0.03607658412225205,6.230769230769231,0.9857692307692307,0.04376889181455971,-0.0010201872042003466,0.00669180357650806,0.9923162298301034,0.9962799156780887,0.9925558312655086,0.9962168978562421,8.547008547008548e-06,0.9923076923076923,0.03607658412225205,3.2884615384615383,611.5120848871309,0.9486441169551624,23.110147370176925,26.318595908132085,1.0455037995019116,26.364099707634004,1.019157705945062,0.9736539064431509,0.28188793420859903,627.049194368754,0.9726706147055577,0.9856504351917196,0.016031521936101335,0.9894983493465965,26.30809425747868,0.9631522557897474,520.0452079566004,0.9404072476611218,26.816738552495185,30.511754068716094,2.184448462929476,31.696202531645568,2.1537390414219666,0.969290578492491,451.1916817359855,0.815898158654585,0.9199832575457538,30.431737326261853,0.889273836038245,0.8060654144840882,0.845565749235474,0.7858107511551328,1.3056706936487674,396.3333333333333,0.6060142711518859,0.6283889309728885,620.8837920489296,22.786381617708944,25.954128440366972,2.5137614678899083,27.46788990825688,2.4877946328843237,0.9740331649944152,0.8069444444444445,25.761072884811416,0.7809776094388596
1074,2,126.46447676850777,45.61083861860493,286.6575221919332,6.284855329868982,0.005302102352713159,0.009988458292036593,0.21536055090772496,4.643375937631529,55.59289296372738,52.61188664023968,41.33003716255857,42.588261928074274,49.72310968634145,43.771815057457445,14.664905751103653,0.8803112945584981,0.2949313879122083,48.07692307692308,2.3076923076923075,255084.0797720799,4031.179487179489,128.44444444444446,0.0,1.0,0.0,-3.2034265038149176e-16,0.0,0.9444444444444444,0.12063986582329532,-0.1538461538461537,0.13613761868245874,1.0,1.0,1.0,1.0,0.0,0.9615384615384616,0.12063986582329532,32.111111111111114,234.57805870521287,0.9610885530393232,22.490816343271167,25.29870746371657,1.037339909395657,27.665716207780722,1.0156024593561586,0.9801643204377822,0.22639142707392676,238.62096786267395,0.977557620798274,0.9881656804733728,0.013096942796842816,0.9913685278003526,24.707658782849798,0.9720082908574553,205.08530805687204,0.9719682846297253,16.202331484018778,18.402843601895736,1.6540284360189574,53.86255924170616,1.6114092271979883,0.985793597059677,167.00947867298578,0.7915141169335819,0.9080766192733017,9.60949842022117,0.9009734178031402,0.741696735112783,0.854251012145749,0.28368635026167427,1.1336055313245876,150.57085020242914,0.6095985838155026,0.3506695733416381,237.20242914979758,22.927109115048594,25.777327935222672,2.0607287449392713,86.30364372469636,1.9919590184251839,0.9797736098487978,0.8091824111560953,10.720113585245164,0.8010918550956144
1044,3,105.47081025674274,17.19447270771376,240.2958594169434,13.97518048396693,0.002604320890190604,0.002409856793905105,0.13406963029107785,7.4588107525090175,53.342426206439264,52.64197956297012,40.95611487043149,43.31836025914169,50.17575166150298,44.312835921644734,13.31603303543526,0.883152408370266,0.2653878137246103,42.84615384615385,2.230769230769231,80659.69230769231,0.0,78.76923076923077,0.0,1.0,0.0,-3.2034265038149176e-16,0.0,0.9615384615384616,0.07692307692307657,-0.07692307692307693,0.07152873038709182,1.0,1.0,1.0,1.0,0.0,0.9615384615384616,0.07692307692307657,19.692307692307693,194.08484993460576,0.9528295104834754,24.151290632460533,27.298339551778763,1.0349481522316848,28.564056934779675,1.009668897151292,0.9758509278679719,0.24859179466591602,199.2948432376276,0.9783074499865807,0.9887976101568334,0.011970955230402548,0.9916924598590138,26.98233970394547,0.9678259334640769,170.17977528089887,0.9560661532634769,22.494129529099855,25.44943820224719,1.6629213483146068,44.449438202247194,1.6236316175029148,0.9775487252504617,144.73033707865167,0.8130917813407398,0.9187343945068664,20.78390293383271,0.9004927337728666,0.7562722349935911,0.8640776699029126,0.32357025628077263,1.14655088627534,130.38834951456312,0.632953152983316,0.36176830992553494,196.24271844660194,24.251107550193232,27.40776699029126,2.029126213592233,60.12621359223301,1.9757771893694225,0.975750443535086,0.8239617044228695,19.309398597626753,0.8069870148974297
1078,4,105.47081025674274,17.19447270771376,240.2958594169434,13.97518048396693,0.002604320890190604,0.002409856793905105,0.13406963029107785,7.4588107525090175,53.342426206439264,52.64197956297012,40.95611487043149,43.31836025914169,50.17575166150298,44.312835921644734,13.31603303543526,0.883152408370266,0.2653878137246103,42.84615384615385,2.230769230769231,80659.69230769231,0.0,78.76923076923077,0.0,1.0,0.0,-3.2034265038149176e-16,0.0,0.9615384615384616,0.07692307692307657,-0.07692307692307693,0.07152873038709182,1.0,1.0,1.0,1.0,0.0,0.9615384615384616,0.07692307692307657,19.692307692307693,194.08484993460576,0.9528295104834754,24.151290632460533,27.298339551778763,1.0349481522316848,28.564056934779675,1.009668897151292,0.9758509278679719,0.24859179466591602,199.2948432376276,0.9783074499865807,0.9887976101568334,0.011970955230402548,0.9916924598590138,26.98233970394547,0.9678259334640769,170.17977528089887,0.9560661532634769,22.494129529099855,25.44943820224719,1.6629213483146068,44.449438202247194,1.6236316175029148,0.9775487252504617,144.73033707865167,0.8130917813407398,0.9187343945068664,20.78390293383271,0.9004927337728666,0.7562722349935911,0.8640776699029126,0.32357025628077263,1.14655088627534,130.38834951456312,0.632953152983316,0.36176830992553494,196.24271844660194,24.251107550193232,27.40776699029126,2.029126213592233,60.12621359223301,1.9757771893694225,0.975750443535086,0.8239617044228695,19.309398597626753,0.8069870148974297
1010,2,105.47081025674274,17.19447270771376,240.2958594169434,13.97518048396693,0.002604320890190604,0.002409856793905105,0.13406963029107785,7.4588107525090175,53.342426206439264,52.64197956297012,40.95611487043149,43.31836025914169,50.17575166150298,44.312835921644734,13.31603303543526,0.883152408370266,0.2653878137246103,42.84615384615385,2.230769230769231,80659.69230769231,0.0,78.76923076923077,0.0,1.0,0.0,-3.2034265038149176e-16,0.0,0.9615384615384616,0.07692307692307657,-0.07692307692307693,0.07152873038709182,1.0,1.0,1.0,1.0,0.0,0.9615384615384616,0.07692307692307657,19.692307692307693,194.08484993460576,0.9528295104834754,24.151290632460533,27.298339551778763,1.0349481522316848,28.564056934779675,1.009668897151292,0.9758509278679719,0.24859179466591602,199.2948432376276,0.9783074499865807,0.9887976101568334,0.011970955230402548,0.9916924598590138,26.98233970394547,0.9678259334640769,170.17977528089887,0.9560661532634769,22.494129529099855,25.44943820224719,1.6629213483146068,44.449438202247194,1.6236316175029148,0.9775487252504617,144.73033707865167,0.8130917813407398,0.9187343945068664,20.78390293383271,0.9004927337728666,0.7562722349935911,0.8640776699029126,0.32357025628077263,1.14655088627534,130.38834951456312,0.632953152983316,0.36176830992553494,196.24271844660194,24.251107550193232,27.40776699029126,2.029126213592233,60.12621359223301,1.9757771893694225,0.975750443535086,0.8239617044228695,19.309398597626753,0.8069870148974297
1076,8,173.56865435030014,36.73613849449859,398.66570461506683,10.852139635600755,0.0026037857865722994,0.0024088666005558515,0.13405126501678433,7.4598326235473555,55.03755529484011,52.636201786790295,44.628398626371634,40.76861598747061,51.948933732433765,39.40308101107831,16.142666757860685,0.7584964344797978,0.3107410604615005,32.815384615384616,2.3256410256410254,68995.33291851854,1728.7376866096877,84.84478632478633,0.0,1.0,0.0,-3.2034265038149176e-16,0.0,0.9123504273504273,0.18857708103084456,-0.23076923076923064,0.2066776434513066,1.0,1.0,1.0,1.0,0.0,0.9397435897435897,0.18857708103084456,21.21119658119658,309.59250421549626,0.9264899351117959,17.789435702945426,21.17878759264245,1.043667290065837,22.313620951423733,1.0034594381540076,0.9618548438702412,0.33892508914328584,324.63803832410997,0.9714199595843444,0.9857045609257999,0.014290020207827808,0.9890831774835408,20.895079252947127,0.9514536952992994,261.711743772242,0.931358518762427,16.611238459492665,19.790035587188612,1.7402135231316727,41.19928825622776,1.6656216994396196,0.9644800839561652,204.02491103202846,0.7260672990463647,0.8766063661526294,16.587163898774218,0.8469077696826454,1.0042340090794049,0.8289085545722714,0.28479882473626217,1.3653319118840515,187.0353982300885,0.5517268384368392,0.41052549142454375,313.99705014749264,17.848713464031814,21.24778761061947,2.2920353982300883,53.690265486725664,2.1948742827508907,0.9617244090536493,0.7661012782694198,14.956858407079647,0.7392756504266784
1136,1,212.479455413802,39.594565185545896,488.6381992156043,12.341042184092048,0.0020681380237049345,0.0015197119726407166,0.1149706786655425,8.69786985348732,63.22524895119994,62.59450537048836,39.58171744975349,50.50148587920798,61.11391284282175,46.35056407358007,12.851835692981595,0.7584290044198055,0.21029312467743802,1.0,1.0,0.0,0.0,0.0,0.0,1.0,0.0,-3.2034265038149176e-16,0.0,1.0,-3.2034265038149176e-16,0.0,0.0,1.0,1.0,1.0,1.0,0.0,1.0,-3.2034265038149176e-16,0.0,398.0260404168666,0.975737305783661,8.351550505251735,10.058335941732137,1.0525138895787916,10.110849831310928,1.0402779809679463,0.9877640913891551,0.2291035930707161,394.1798576081777,0.9662582129773724,0.9829471733086191,0.017427891820899793,0.9870836121846323,10.04541955391677,0.9748477035737871,326.125,0.9706101190476191,10.114574475623582,11.99702380952381,1.9672619047619047,12.964285714285714,1.9524072361792677,0.9851453314173629,245.54166666666666,0.7307787698412699,0.8778835978835977,11.874907407407408,0.8630289293009609,0.9506737849931155,0.8096385542168675,0.44174284297052147,1.3758215913382936,217.18313253012047,0.5233328494701698,0.5793235592974306,405.1012048192771,8.210480476121354,9.903614457831326,2.6626506024096384,11.566265060240964,2.6506236900150215,0.9879730876053829,0.749941767068273,9.6535562248996,0.7379148546736561
1125,2,232.96188495655426,53.80310200187387,527.0544349346782,9.795986017986877,0.002508702548714705,0.0022361482274544024,0.13076761293107436,7.6471534318446635,86.38171939306903,82.5398937625165,50.457512591915815,72.99315674269069,79.91114989006016,50.66104025298952,19.045771798700667,0.6339671037481974,0.23833685067607438,34.62051282051282,2.7333333333333334,61814.83053219373,587.7329686609687,91.14529914529915,36.758974358974356,0.6668019340084117,1.3128205128205128,0.18712452990056302,30.837606837606838,0.8790947148090005,0.31093405371008676,-0.08425649335825407,0.11286883159724616,0.9531732810713702,0.9773790927021697,0.9547303271441202,0.9769680611785875,5.98041414367945e-05,0.9146520146520147,0.26404760682363987,31.97606837606838,426.93967886563445,0.9484272554179719,20.216515876154986,23.250281777932894,1.0327173058189607,23.710915538158375,1.0057515528673082,0.9735430656623864,0.2591567582350017,440.7382520586716,0.9790336340809246,0.9893491124260355,0.010991422196751522,0.9920110300830552,23.135313694414318,0.9656813003989513,376.60804020100505,0.9462513572889574,21.06946794272872,24.21608040201005,1.5452261306532664,31.092964824120603,1.5100920775100233,0.9723946725303091,324.1758793969849,0.8145122597914194,0.9198904243439421,22.55305625348967,0.8941672782926391,0.7760706819386008,0.8747252747252747,0.23828312416353117,1.1293961031884754,293.94065934065935,0.6460234271223282,0.3408960270498732,431.63296703296703,20.131597633136092,23.153846153846153,1.9714285714285715,35.2021978021978,1.931915171629797,0.9736577334674837,0.8318528693528693,20.21646825396825,0.8088033861369176
1044,4,180.73396126519506,40.27687899772171,415.06596909212726,10.305316087564922,0.00268723212570456,0.0025657398044691177,0.1369002382478667,7.304589186977422,54.87992785286263,54.3054920787962,41.79139076578516,41.914201819196485,47.859409953416076,44.39878221248263,13.439374601070394,0.9276918009582263,0.28080945030771587,32.716201746970974,2.3215084061237907,106123.29274499563,2713.5235099957895,95.26911974263906,0.0,1.0,0.0,-3.2034265038149176e-16,0.0,0.9015814878691746,0.23226006894874754,-0.38461538461538336,0.3181634936778889,1.0,1.0,1.0,1.0,0.0,0.9399314360852823,0.23226006894874754,23.817279935659762,319.76793724021593,0.9194907929255309,19.483228112021532,23.187570327712518,1.045822019177522,24.997385843862226,1.000544960907797,0.9580575230099952,0.3592031541999198,337.6606732491585,0.9707841178025483,0.985181956853345,0.015262718846929143,0.9887958778099433,22.735367831279408,0.9476870461398685,269.83161512027493,0.9272564093480238,17.603948937778245,20.95876288659794,1.8178694158075601,47.1786941580756,1.7321211648769967,0.962270769590552,213.31615120274915,0.733045193136595,0.8797728140511647,16.50405689194349,0.8502373053973038,1.0174597381691775,0.8243626062322946,0.3463586873088414,1.413623046396665,192.37677053824362,0.5449766870771774,0.42947138649696254,324.2747875354108,19.692638573457778,23.43626062322946,2.348441926345609,78.63172804532577,2.20423911704697,0.957587409029812,0.7640069247717973,14.724346868114573,0.7376168681681247
1050,3,180.73396126519506,40.27687899772171,415.06596909212726,10.305316087564922,0.00268723212570456,0.0025657398044691177,0.1369002382478667,7.304589186977422,54.87992785286263,54.3054920787962,41.79139076578516,41.914201819196485,47.859409953416076,44.39878221248263,13.439374601070394,0.9276918009582263,0.28080945030771587,32.716201746970974,2.3215084061237907,106123.29274499563,2713.5235099957895,95.26911974263906,0.0,1.0,0.0,-3.2034265038149176e-16,0.0,0.9015814878691746,0.23226006894874754,-0.38461538461538336,0.3181634936778889,1.0,1.0,1.0,1.0,0.0,0.9399314360852823,0.23226006894874754,23.817279935659762,319.76793724021593,0.9194907929255309,19.483228112021532,23.187570327712518,1.045822019177522,24.997385843862226,1.000544960907797,0.9580575230099952,0.3592031541999198,337.6606732491585,0.9707841178025483,0.985181956853345,0.015262718846929143,0.9887958778099433,22.735367831279408,0.9476870461398685,269.83161512027493,0.9272564093480238,17.603948937778245,20.95876288659794,1.8178694158075601,47.1786941580756,1.7321211648769967,0.962270769590552,213.31615120274915,0.733045193136595,0.8797728140511647,16.50405689194349,0.8502373053973038,1.0174597381691775,0.8243626062322946,0.3463586873088414,1.413623046396665,192.37677053824362,0.5449766870771774,0.42947138649696254,324.2747875354108,19.692638573457778,23.43626062322946,2.348441926345609,78.63172804532577,2.20423911704697,0.957587409029812,0.7640069247717973,14.724346868114573,0.7376168681681247
1044,5,130.04653303501289,12.117196647619418,297.63973016216625,24.563415022289128,0.001331345781373896,0.000629772915506006,0.08571588753865758,11.666448644645993,54.640310936132366,53.18614902778075,38.929246249735286,40.35839802633585,47.957765304395714,41.40338976362382,15.272511662202035,0.8633302552950455,0.31845753373337826,1.7692307692307692,1.3846153846153846,4615.384615384615,153.84615384615384,15.384615384615383,23.076923076923077,0.9076923076923078,0.7692307692307693,0.07063814108111423,15.384615384615383,0.9615384615384616,0.09627916672213986,-0.005729468150925903,0.02336878554405058,0.974387432767011,0.9875997189269624,0.9751861042183623,0.987389659520807,2.849002849002849e-05,0.9743589743589743,0.07063814108111423,9.615384615384615,246.9549609636721,0.9841850607615162,7.11672265731767,8.652169742847814,1.0375727227322693,8.689742465580084,1.0296100070789416,0.9920372843466724,0.15864709216505657,245.0195072567246,0.9763687489398258,0.9878861296184134,0.012727521492062879,0.9909500726722342,8.64311981552005,0.9829873570189065,215.0365296803653,0.9819019620108005,8.144117095139801,9.767123287671232,1.5890410958904109,10.356164383561644,1.5799181788376833,0.9908770829472724,171.99543378995435,0.7853672775797002,0.9064878234398783,9.673611111111112,0.8973649063871507,0.7189092374235362,0.8622047244094488,0.24386480682220968,1.0889667117793547,156.0551181102362,0.6143902287804576,0.41261082522165043,250.03149606299212,7.030814061628123,8.559055118110237,2.141732283464567,9.700787401574804,2.1338664612813094,0.9921341778167427,0.8116251093613298,8.370680227471567,0.8037592871780725
1293,6,171.0075617065298,36.77857240295333,383.5035716953126,10.427364267801682,0.002762904105601992,0.0027122759289228493,0.13945838232876662,7.170598018572643,61.05727421909778,57.7995883129268,43.318244686689866,47.443440717147105,58.25927530743156,49.58952001616917,11.633866981883994,0.8511866952427319,0.19969124093103807,16.229166666666668,2.59375,2147.8382161458335,115.1484375,19.567708333333332,30.104166666666668,0.6031746031746031,1.7708333333333333,0.28615286444811605,19.567708333333332,0.8463541666666666,0.39031953111478274,-0.024478268430456498,0.09497170386471743,0.8961925287356323,0.9508904295812942,0.9016203703703703,0.9494047619047619,0.00036043829296424453,0.8958333333333334,0.28615286444811605,12.41796875,289.9822839734194,0.8762775388926548,17.877895630011377,22.39921178868305,1.0279724898709146,22.65102350239319,0.9612346781038705,0.9339530500349288,0.42362452570998055,324.8439256933082,0.9815783367813753,0.9907876554583143,0.009210831609312388,0.9930068775322713,22.336258860255516,0.9271326430176933,255.98983050847457,0.867762137316863,19.108371157713304,23.99322033898305,1.4440677966101696,27.722033898305085,1.362962962962963,0.9290332705586943,235.40677966101694,0.7979890835966676,0.9135828625235405,23.085616760828625,0.84515065913371,0.9530951175488195,0.8832335329341318,0.16218328066647517,1.2041724464794834,217.9760479041916,0.6526228979167413,0.23005486033920183,292.89820359281435,17.782064613288394,22.275449101796408,1.7664670658682635,28.84431137724551,1.6828934723146298,0.9343350336364308,0.8349966733200267,20.659846972721223,0.7738088637539736
1215,1,171.0075617065298,36.77857240295333,383.5035716953126,10.427364267801682,0.002762904105601992,0.0027122759289228493,0.13945838232876662,7.170598018572643,61.05727421909778,57.7995883129268,43.318244686689866,47.443440717147105,58.25927530743156,49.58952001616917,11.633866981883994,0.8511866952427319,0.19969124093103807,16.229166666666668,2.59375,2147.8382161458335,115.1484375,19.567708333333332,30.104166666666668,0.6031746031746031,1.7708333333333333,0.28615286444811605,19.567708333333332,0.8463541666666666,0.39031953111478274,-0.024478268430456498,0.09497170386471743,0.8961925287356323,0.9508904295812942,0.9016203703703703,0.9494047619047619,0.00036043829296424453,0.8958333333333334,0.28615286444811605,12.41796875,289.9822839734194,0.8762775388926548,17.877895630011377,22.39921178868305,1.0279724898709146,22.65102350239319,0.9612346781038705,0.9339530500349288,0.42362452570998055,324.8439256933082,0.9815783367813753,0.9907876554583143,0.009210831609312388,0.9930068775322713,22.336258860255516,0.9271326430176933,255.98983050847457,0.867762137316863,19.108371157713304,23.99322033898305,1.4440677966101696,27.722033898305085,1.362962962962963,0.9290332705586943,235.40677966101694,0.7979890835966676,0.9135828625235405,23.085616760828625,0.84515065913371,0.9530951175488195,0.8832335329341318,0.16218328066647517,1.2041724464794834,217.9760479041916,0.6526228979167413,0.23005486033920183,292.89820359281435,17.782064613288394,22.275449101796408,1.7664670658682635,28.84431137724551,1.6828934723146298,0.9343350336364308,0.8349966733200267,20.659846972721223,0.7738088637539736
2041,13,38.400219154364414,3.328018993377863,86.90658072556062,26.113607193495138,0.0023175646874969524,0.0019083849196722736,0.12403816289094625,8.062034914844677,46.5722459911738,44.77867776291001,34.063658346630575,33.63807416785218,46.56040529804826,34.425655922365934,8.3273364175169,0.7393762082180373,0.17885017031554856,1.0,1.0,0.0,0.0,0.0,0.0,1.0,0.0,-3.2034265038149176e-16,0.0,1.0,-3.2034265038149176e-16,0.0,0.0,1.0,1.0,1.0,1.0,0.0,1.0,-3.2034265038149176e-16,0.0,74.2,1.0,0.0,1.0,1.032543502406516,1.032543502406516,1.032543502406516,1.0,0.08008169089833529,72.62717512032582,0.9786735917600691,0.9893333333333333,0.010663204119965443,0.991864124398371,0.991864124398371,0.991864124398371,67.0,1.0,0.0,1.0,1.3582089552238805,1.3582089552238805,1.3582089552238805,1.0,52.91044776119403,0.7897081755402094,0.9104477611940298,0.9104477611940298,0.9104477611940298,0.5276423260943593,0.8933333333333333,0.10514591222989529,0.7478061583312319,49.82666666666667,0.6643555555555556,0.16782222222222226,75.0,0.0,1.0,1.64,1.64,1.64,1.0,0.84,0.84,0.84
1136,2,197.11949478147895,28.458593727112476,439.8291631601295,15.45505612039799,0.001740654055011018,0.00107653258174699,0.10248863905005962,9.757179032415088,57.06971531946868,56.613712164989195,41.32979199400383,43.006976819143844,48.83647371796036,42.26079320097019,20.293922836495724,0.865353085176339,0.4155484884862259,1.0,1.0,0.0,0.0,0.0,0.0,1.0,0.0,-3.2034265038149176e-16,0.0,1.0,-3.2034265038149176e-16,0.0,0.0,1.0,1.0,1.0,1.0,0.0,1.0,-3.2034265038149176e-16,0.0,374.97033198839915,0.984372373170785,6.571417081684891,8.08038395411518,1.032602763466176,8.112986717581355,1.024735670183826,0.9921329067176499,0.14861442610712822,373.0314873806708,0.9792221819912885,0.9894105894105893,0.010989854069542402,0.992073052812697,8.072457006927877,0.9842059595303471,328.05389221556885,0.9821972820825415,7.486042884291298,9.074850299401197,1.6137724550898203,9.688622754491018,1.604800399201597,0.9910279441117764,269.79041916167665,0.8077557459930439,0.916833000665336,8.991683300066533,0.9078609447771124,0.6802177164261433,0.8675324675324675,0.28506758937215393,1.0191065117978564,245.1090909090909,0.6366469893742621,0.31900151796255694,379.04675324675327,6.502182492831843,8.005194805194805,1.9454545454545455,8.95064935064935,1.9376709956709957,0.9922164502164502,0.8259559884559884,7.831150793650794,0.8181724386724386
1078,3,197.11949478147895,28.458593727112476,439.8291631601295,15.45505612039799,0.001740654055011018,0.00107653258174699,0.10248863905005962,9.757179032415088,57.06971531946868,56.613712164989195,41.32979199400383,43.006976819143844,48.83647371796036,42.26079320097019,20.293922836495724,0.865353085176339,0.4155484884862259,1.0,1.0,0.0,0.0,0.0,0.0,1.0,0.0,-3.2034265038149176e-16,0.0,1.0,-3.2034265038149176e-16,0.0,0.0,1.0,1.0,1.0,1.0,0.0,1.0,-3.2034265038149176e-16,0.0,374.97033198839915,0.984372373170785,6.571417081684891,8.08038395411518,1.032602763466176,8.112986717581355,1.024735670183826,0.9921329067176499,0.14861442610712822,373.0314873806708,0.9792221819912885,0.9894105894105893,0.010989854069542402,0.992073052812697,8.072457006927877,0.9842059595303471,328.05389221556885,0.9821972820825415,7.486042884291298,9.074850299401197,1.6137724550898203,9.688622754491018,1.604800399201597,0.9910279441117764,269.79041916167665,0.8077557459930439,0.916833000665336,8.991683300066533,0.9078609447771124,0.6802177164261433,0.8675324675324675,0.28506758937215393,1.0191065117978564,245.1090909090909,0.6366469893742621,0.31900151796255694,379.04675324675327,6.502182492831843,8.005194805194805,1.9454545454545455,8.95064935064935,1.9376709956709957,0.9922164502164502,0.8259559884559884,7.831150793650794,0.8181724386724386
1050,5,224.7600721973142,47.272999239680104,506.54723874080275,10.715360710932345,0.0023394205053207475,0.001944548728538724,0.12481677109072616,8.01174386471771,61.68710065186016,61.10338281703073,50.111851752263014,44.463015759522264,49.52129803784741,48.825901398042596,18.084459462253516,0.9859576249541491,0.3651854894520776,1.8205128205128207,1.4102564102564104,1935.6809116809113,104.66096866096862,11.760683760683758,16.41025641025641,0.8222222222222223,0.8205128205128205,0.12617107145706516,11.76068376068376,0.9353846153846154,0.1671967124827061,-0.008364082421994185,0.03704631014992589,0.9590766673060938,0.9921142448773396,0.960927960927961,0.9865489701555276,0.00010256410256410256,0.958974358974359,0.12617107145706516,7.042735042735042,406.9969125290773,0.9374451986601314,15.18596767019064,18.045604307952622,1.0340188657574696,18.079623173710093,1.0018396979165807,0.9678208321591113,0.3025170810636347,424.7592046362713,0.9782585535215509,0.988960925179604,0.011397100668024034,0.9916963896440917,18.037300697596713,0.9595172218032029,353.96062992125985,0.9290305247277161,17.227767788868913,20.42257217847769,1.5511811023622046,20.973753280839894,1.5145146281943502,0.9633335258321457,299.8241469816273,0.7869400183244811,0.9076946631671042,20.330266841644796,0.8710281889992499,0.8721038117846819,0.8678815489749431,0.2235448915342275,1.1846442432678945,274.09339407744875,0.6243585286502249,0.33675624348150957,411.83371298405467,15.022753099039544,17.856492027334852,1.9931662870159452,18.849658314350798,1.9613441306196981,0.9681778436037528,0.8178429511516072,17.67433497848646,0.78602079475536
1124,4,182.78468909456387,30.805449469251315,404.53218899310303,13.131838553334202,0.0021361069185571605,0.001621243393781671,0.11747606921804389,8.512371980576992,61.594936105979905,57.36074025331187,50.11364326223236,44.1234638035314,57.67979669214349,46.58950625858249,20.93401302742127,0.8077266032549731,0.36293493091095913,85.0,4.0,35152.0,0.0,52.0,0.0,1.0,0.0,-3.2034265038149176e-16,0.0,0.9615384615384616,0.07692307692307657,-0.07692307692307693,0.07152873038709182,1.0,1.0,1.0,1.0,0.0,0.9615384615384616,0.07692307692307657,13.0,329.7778780151361,0.9301581805913064,23.606534960138397,27.37909197734528,1.0212965493041783,28.345538075628724,0.9838147365108662,0.9638146886456169,0.2805575739347098,349.80708385533586,0.9866357287881585,0.9931049342814049,0.007330316963360581,0.9949179875619727,27.137722577662434,0.9590568015673218,306.7378048780488,0.9351762343842951,21.91043277810827,25.414634146341463,1.3201219512195121,43.49085365853659,1.2622745826223696,0.9665094181806015,284.7439024390244,0.8681216537775134,0.9454979674796749,23.38723238482385,0.914713695302248,0.6249959337101036,0.9187675070028011,0.13547553539559787,0.9403070744819535,265.8795518207283,0.7447606493577823,0.23116697659455937,331.94677871148457,23.719856570079013,27.50980392156863,1.6218487394957983,56.680672268907564,1.5463222325967425,0.9636353855671212,0.8868464052287582,22.52519063180828,0.8571641772087588
1078,5,182.78468909456387,30.805449469251315,404.53218899310303,13.131838553334202,0.0021361069185571605,0.001621243393781671,0.11747606921804389,8.512371980576992,61.594936105979905,57.36074025331187,50.11364326223236,44.1234638035314,57.67979669214349,46.58950625858249,20.93401302742127,0.8077266032549731,0.36293493091095913,85.0,4.0,35152.0,0.0,52.0,0.0,1.0,0.0,-3.2034265038149176e-16,0.0,0.9615384615384616,0.07692307692307657,-0.07692307692307693,0.07152873038709182,1.0,1.0,1.0,1.0,0.0,0.9615384615384616,0.07692307692307657,13.0,329.7778780151361,0.9301581805913064,23.606534960138397,27.37909197734528,1.0212965493041783,28.345538075628724,0.9838147365108662,0.9638146886456169,0.2805575739347098,349.80708385533586,0.9866357287881585,0.9931049342814049,0.007330316963360581,0.9949179875619727,27.137722577662434,0.9590568015673218,306.7378048780488,0.9351762343842951,21.91043277810827,25.414634146341463,1.3201219512195121,43.49085365853659,1.2622745826223696,0.9665094181806015,284.7439024390244,0.8681216537775134,0.9454979674796749,23.38723238482385,0.914713695302248,0.6249959337101036,0.9187675070028011,0.13547553539559787,0.9403070744819535,265.8795518207283,0.7447606493577823,0.23116697659455937,331.94677871148457,23.719856570079013,27.50980392156863,1.6218487394957983,56.680672268907564,1.5463222325967425,0.9636353855671212,0.8868464052287582,22.52519063180828,0.8571641772087588
1080,6,182.78468909456387,30.805449469251315,404.53218899310303,13.131838553334202,0.0021361069185571605,0.001621243393781671,0.11747606921804389,8.512371980576992,61.594936105979905,57.36074025331187,50.11364326223236,44.1234638035314,57.67979669214349,46.58950625858249,20.93401302742127,0.8077266032549731,0.36293493091095913,85.0,4.0,35152.0,0.0,52.0,0.0,1.0,0.0,-3.2034265038149176e-16,0.0,0.9615384615384616,0.07692307692307657,-0.07692307692307693,0.07152873038709182,1.0,1.0,1.0,1.0,0.0,0.9615384615384616,0.07692307692307657,13.0,329.7778780151361,0.9301581805913064,23.606534960138397,27.37909197734528,1.0212965493041783,28.345538075628724,0.9838147365108662,0.9638146886456169,0.2805575739347098,349.80708385533586,0.9866357287881585,0.9931049342814049,0.007330316963360581,0.9949179875619727,27.137722577662434,0.9590568015673218,306.7378048780488,0.9351762343842951,21.91043277810827,25.414634146341463,1.3201219512195121,43.49085365853659,1.2622745826223696,0.9665094181806015,284.7439024390244,0.8681216537775134,0.9454979674796749,23.38723238482385,0.914713695302248,0.6249959337101036,0.9187675070028011,0.13547553539559787,0.9403070744819535,265.8795518207283,0.7447606493577823,0.23116697659455937,331.94677871148457,23.719856570079013,27.50980392156863,1.6218487394957983,56.680672268907564,1.5463222325967425,0.9636353855671212,0.8868464052287582,22.52519063180828,0.8571641772087588
1125,3,116.73694454965796,24.83220092394357,258.61510255998905,10.414505880976042,0.0033686776295068998,0.004032005828292968,0.15916236500600106,6.282892315418259,58.537038451439976,56.64219633760855,39.22478243010297,46.57209878732225,52.93068435542497,40.60306454214144,18.26791099016405,0.7670988016987532,0.34512894009638356,1.0,1.0,0.0,0.0,0.0,0.0,1.0,0.0,-3.203426503814917e-16,0.0,1.0,-3.203426503814917e-16,0.0,0.0,1.0,1.0,1.0,1.0,0.0,1.0,-3.203426503814917e-16,0.0,213.58528328861652,0.9402655418277681,17.20352395360278,20.229769435479074,1.0112551039074371,20.24102453938651,0.9804874728106705,0.9692323689032334,0.22890205407707429,225.4800065631612,0.9925787091690422,0.9962887989203778,0.0037106454154788326,0.9971862240231407,20.226955659502213,0.9664185929263742,203.4516129032258,0.9375650364203955,17.98126951092612,21.129032258064516,1.152073732718894,21.28110599078341,1.1198672811059909,0.9677935483870967,196.1152073732719,0.9037567160058613,0.9619815668202765,21.091013824884794,0.9297751152073733,0.49245661609609304,0.9517543859649122,0.048121641997069385,0.6511037003375042,188.24561403508773,0.8256386580486303,0.08718067097568483,214.4298245614035,17.141274238227147,20.157894736842106,1.2894736842105263,20.44736842105263,1.258821052631579,0.9693473684210526,0.9276315789473685,20.085526315789473,0.8969789473684211
1298,2,116.73694454965796,24.83220092394357,258.61510255998905,10.414505880976042,0.0033686776295068998,0.004032005828292968,0.15916236500600106,6.282892315418259,58.537038451439976,56.64219633760855,39.22478243010297,46.57209878732225,52.93068435542497,40.60306454214144,18.26791099016405,0.7670988016987532,0.34512894009638356,1.0,1.0,0.0,0.0,0.0,0.0,1.0,0.0,-3.203426503814917e-16,0.0,1.0,-3.203426503814917e-16,0.0,0.0,1.0,1.0,1.0,1.0,0.0,1.0,-3.203426503814917e-16,0.0,213.58528328861652,0.9402655418277681,17.20352395360278,20.229769435479074,1.0112551039074371,20.24102453938651,0.9804874728106705,0.9692323689032334,0.22890205407707429,225.4800065631612,0.9925787091690422,0.9962887989203778,0.0037106454154788326,0.9971862240231407,20.226955659502213,0.9664185929263742,203.4516129032258,0.9375650364203955,17.98126951092612,21.129032258064516,1.152073732718894,21.28110599078341,1.1198672811059909,0.9677935483870967,196.1152073732719,0.9037567160058613,0.9619815668202765,21.091013824884794,0.9297751152073733,0.49245661609609304,0.9517543859649122,0.048121641997069385,0.6511037003375042,188.24561403508773,0.8256386580486303,0.08718067097568483,214.4298245614035,17.141274238227147,20.157894736842106,1.2894736842105263,20.44736842105263,1.258821052631579,0.9693473684210526,0.9276315789473685,20.085526315789473,0.8969789473684211
1125,26,59.90448470311395,11.94676333110547,132.61539048902495,11.100528805466311,0.0044135132150856975,0.006921036008283246,0.19057109801331193,5.247385413763776,47.75962518807918,43.36287614708357,34.40957574775105,33.63807666841376,44.12256015761157,39.51510614700804,7.053205168230072,0.8955760047888178,0.15985484847286963,27.0,3.4375,0.0,0.0,0.0,21.125,0.75,1.625,-3.203426503814917e-16,0.0,0.9375,0.12499999999999963,-0.125,0.1162341868790242,0.8757352941176471,0.9421232876712329,0.8839285714285714,0.9398148148148149,0.0007396449704142012,0.9375,-3.203426503814917e-16,5.28125,91.646944310467,0.7890025066383293,17.82928818906117,24.375578910949386,1.0220571900284676,24.78556713546061,0.9008147923476915,0.8807368422910746,0.5805390590614358,114.48969159145123,0.9855405452430704,0.9927679158448389,0.007229727378464782,0.994485702492883,24.273081854821577,0.8757173547769205,83.18867924528301,0.7847988608045567,18.184496262014953,24.91509433962264,1.3113207547169812,30.745283018867923,1.161147477859068,0.8779842125529457,86.28301886792453,0.8139907440370239,0.9221698113207547,23.45754716981132,0.8071933962264151,1.016910041739403,0.905982905982906,0.09300462798148808,1.2243272434449768,81.27350427350427,0.6946453356709767,0.15267733216451165,92.35042735042735,17.80246913580247,24.333333333333332,1.564102564102564,34.8974358974359,1.3940345368916796,0.8809523809523809,0.8589743589743589,21.692307692307693,0.7526818419675563
1050,14,59.90448470311395,11.94676333110547,132.61539048902495,11.100528805466311,0.0044135132150856975,0.006921036008283246,0.19057109801331193,5.247385413763776,47.75962518807918,43.36287614708357,34.40957574775105,33.63807666841376,44.12256015761157,39.51510614700804,7.053205168230072,0.8955760047888178,0.15985484847286963,27.0,3.4375,0.0,0.0,0.0,21.125,0.75,1.625,-3.203426503814917e-16,0.0,0.9375,0.12499999999999963,-0.125,0.1162341868790242,0.8757352941176471,0.9421232876712329,0.8839285714285714,0.9398148148148149,0.0007396449704142012,0.9375,-3.203426503814917e-16,5.28125,91.646944310467,0.7890025066383293,17.82928818906117,24.375578910949386,1.0220571900284676,24.78556713546061,0.9008147923476915,0.8807368422910746,0.5805390590614358,114.48969159145123,0.9855405452430704,0.9927679158448389,0.007229727378464782,0.994485702492883,24.273081854821577,0.8757173547769205,83.18867924528301,0.7847988608045567,18.184496262014953,24.91509433962264,1.3113207547169812,30.745283018867923,1.161147477859068,0.8779842125529457,86.28301886792453,0.8139907440370239,0.9221698113207547,23.45754716981132,0.8071933962264151,1.016910041739403,0.905982905982906,0.09300462798148808,1.2243272434449768,81.27350427350427,0.6946453356709767,0.15267733216451165,92.35042735042735,17.80246913580247,24.333333333333332,1.564102564102564,34.8974358974359,1.3940345368916796,0.8809523809523809,0.8589743589743589,21.692307692307693,0.7526818419675563
2041,2,371.71412141424753,45.013590230953845,852.0338180013987,18.92836838007853,0.0010211357186915835,0.0003704837652515786,0.07182181797585936,13.923345693311724,63.809854440066744,61.605325450136505,43.3849994348128,52.41679198389079,54.31609864872531,47.63558743128861,24.413712222723642,0.877006792026042,0.44947470142531276,17.550349650349652,1.5066433566433566,222929.78274633238,3528.144511818759,63.2277749523204,7.768531468531469,0.9663383075416587,0.33776223776223774,0.06988404465467614,7.025308328035601,0.9727368086458996,0.08456935933999078,-0.15384615384615052,0.12561043171818878,0.9853423934556009,0.9971626985140498,0.9859265734265734,0.9951748251748251,2.7760519253903e-05,0.9853146853146852,0.06988404465467614,17.749076605212966,694.6966843148552,0.9723355796753675,11.697633441588144,13.619494128002218,1.050006336925262,13.669500464927479,1.0360302671602166,0.9860239302349549,0.23349952602300494,692.8091518626085,0.9696638408444626,0.9841068022886206,0.01739655532548741,0.9883363657667948,13.607830493769011,0.97436029600175,569.2852292020374,0.9665284027199276,14.150541477742774,16.30730050933786,2.0237691001697793,17.33106960950764,2.0068162890932797,0.9830471889235006,427.52971137521223,0.7258568953738748,0.8760607261989246,16.183361235536783,0.8591079151224251,0.9485544654765292,0.8112947658402204,0.5044721997227034,1.3308516085057007,384.45454545454544,0.5295517155021288,0.48764884001548164,706.2314049586777,11.5138765567015,13.418732782369146,2.484848484848485,14.90358126721763,2.4710947579558424,0.986246273107358,0.7519084787266606,13.170641261095806,0.7381547518340184
1076,10,98.8163725357166,18.858737763724758,224.84009207719285,11.922329844878497,0.0031559277597412523,0.0035388027261415724,0.15238847316364634,6.562176122902182,55.62742691849865,54.353014432839196,40.870679616805624,40.07193591349659,52.778703512509495,43.58714230518459,10.77238500406312,0.8258471581222843,0.20410476739940897,1.0,1.0,0.0,0.0,0.0,0.0,1.0,0.0,-3.203426503814917e-16,0.0,1.0,-3.203426503814917e-16,0.0,0.0,1.0,1.0,1.0,1.0,0.0,1.0,-3.203426503814917e-16,0.0,180.41680664538913,0.9487909477470496,8.295866464977964,10.466577695546041,1.04508249206731,10.51166018761335,1.0188592851544402,0.97377679308713,0.28376888328544103,184.56984474855804,0.9705183169248556,0.9852530888800318,0.014740841537572215,0.9887293769831724,10.455307072529214,0.9625061700703027,148.31645569620252,0.9387117449126743,9.928697324146771,12.39240506329114,1.7911392405063291,13.183544303797468,1.7595813317437499,0.9684420912374208,111.53164556962025,0.7058964909469636,0.8659458509142054,12.258350914205344,0.8343879421516261,1.0190619082164667,0.8186528497409327,0.2990306040698606,1.306136393616026,102.91709844559585,0.53324921474402,0.371124057021665,183.25906735751295,8.176326881258555,10.32642487046632,2.284974093264249,11.61139896373057,2.2591391213238987,0.9741650280596501,0.7508995394358089,10.07732440990213,0.725064567495459
1076,1,1144.3243140794125,72.98160847251386,2656.825503844846,36.40404150376396,0.0003006726650579051,3.2121080088812724e-05,0.03178801286287799,31.458399249856825,122.21694583983157,122.00467961873991,58.53154834012138,110.6229649064973,126.7852767030244,61.501079227179794,27.29865444112513,0.4850806089356645,0.2153140739288534,18.910745731522802,1.9257223853378003,113138.27327460719,2681.7621369640965,70.38127923265493,10.464627803844397,0.6728278775519035,0.4549838175584521,0.12806401464325531,10.13530708216321,0.9044267285436428,0.32827312446778983,-0.4855400351002118,0.410483255112419,0.9802554192380295,0.9960436189777526,0.9810423409350645,0.9934060316295876,3.7394905692319564e-05,0.9498602480818684,0.3084912193565531,20.211476759124835,2034.3904217138065,0.9282610897479784,19.631385946736245,23.11547654242673,1.0608064741119754,24.26821979458737,1.0217352092935879,0.9628244587546138,0.3721632929116101,2109.2879081715264,0.9623853182344386,0.9805885389778007,0.020739316672945894,0.9855227685288424,22.8280151164434,0.9488211581767062,1617.0664375715921,0.926154889788999,20.35499403644265,23.946735395189002,2.4255441008018326,46.44902634593356,2.3506449983013953,0.9616924718918244,1242.6575028636885,0.7117167828543461,0.8674593509604781,20.936633335942023,0.8341475891894682,1.1416217219314517,0.7812080536912752,0.786968151061041,1.614340137836508,1092.5346756152126,0.488829832490028,0.6911412398840894,2075.091275167785,19.5680763128788,23.042505592841163,2.9552572706935125,58.442953020134226,2.8601201468211843,0.9629274423717689,0.7225875552308918,17.28022489055279,0.6950373383275202
1033,1,277.5032887573028,41.08789469145894,652.1195296380781,15.871329853598853,0.0013920285502469715,0.0006884914184929385,0.08830111288667035,11.32488557968058,55.948471038317685,52.63604585653369,41.791757877474446,41.761226657932966,45.60433444998173,43.144039328342714,17.043000830557695,0.9460512876393924,0.3737144952581261,29.228687978687976,1.847015164322857,466297.80436974403,6330.626463630199,102.35431161807188,4.006410256410256,0.9825489472943306,0.16025641025641024,0.031832065407971476,3.672542735042735,0.9474629991348849,0.1512221575870486,-0.38461538461537886,0.2816998742809081,0.993599983615958,0.9987179487179486,0.9938362919132151,0.9978632478632478,1.0256410256410254e-05,0.971688567842414,0.1448119011767922,26.590180468620535,513.9286086157904,0.9677164046461306,15.795054512751552,17.995610477016633,1.062845021013397,19.983604600301167,1.0447532410940312,0.9836576302419012,0.2724789769705992,510.04912518652907,0.9602548762626881,0.9798467215441384,0.021026692501336923,0.9847047950425087,17.499027996491357,0.9687997778247266,407.1007194244604,0.9762607180442696,11.162063155231209,12.97841726618705,2.182254196642686,45.60671462829736,2.141540527577938,0.9880258992805755,273.2254196642686,0.6552168337272628,0.8367599253930189,4.953666400213162,0.8319707167599254,1.074956645086013,0.7693726937269373,0.4928776403337762,1.4940237327101389,248.24354243542436,0.4580139159325173,0.5593878079002192,524.2472324723248,16.058032978853774,18.280442804428045,2.8819188191881917,68.54981549815498,2.8211129151291514,0.9834169741697418,0.6919941574415744,5.875573493234932,0.6864668511685116
1050,2,306.67718279314624,72.57344016849041,733.0235458665372,10.100438179101202,0.002063126637029825,0.0015123559479536322,0.11478487692553904,8.711949054479538,64.84352258235896,64.84352258235896,45.60552170829566,52.63002675239345,66.3215797213235,44.673168272031916,24.131764661976412,0.6735842007947338,0.3638599195522124,7.222222222222222,1.2222222222222223,39089.92409693646,830.8587105624146,20.54320987654321,0.0,1.0,0.0,-3.2034265038149176e-16,0.0,0.9848053181386514,0.038712179598126235,-0.07692307692307662,0.06127395622112328,1.0,1.0,1.0,1.0,0.0,0.9914529914529915,0.038712179598126235,5.135802469135802,570.4721134098256,0.9765694544223695,7.9195244052390725,9.631253243135179,1.0800798196425958,9.996078825489636,1.0678493683314199,0.9881601464428871,0.25733461098716287,556.8881363918879,0.952850353818387,0.975215102093232,0.027716185524346085,0.9815619367010364,9.541628739158249,0.9698197325824393,435.16107382550337,0.9735147065447503,8.95202918787442,10.771812080536913,2.6733780760626398,17.33109619686801,2.6532714668434285,0.9865955938538589,302.03355704697987,0.6756902842214315,0.8473539456796887,9.397689516149486,0.8356250903018153,1.1164615599774048,0.7462437395659433,0.8776581635461866,1.6655060590768749,259.8347245409015,0.43378084230534475,0.9703819108642396,585.1636060100167,7.80751447181028,9.507512520868113,3.674457429048414,19.474123539232053,3.652784361681907,0.98832988680265,0.6788383416805788,7.363312465219811,0.6696689670255181
1038,3,120.32045360566529,20.99207913971316,267.24713576203726,12.730855956828725,0.002710883970842024,0.002611103611414065,0.1377023552568151,7.262039913079181,56.279397897874546,53.81458670544734,42.52073550144171,43.524706276522075,52.59164999858111,40.5524994621211,14.87911037906472,0.7710824715181056,0.28291773274780596,1.0,1.0,0.0,0.0,0.0,0.0,1.0,0.0,-3.2034265038149176e-16,0.0,1.0,-3.2034265038149176e-16,0.0,0.0,1.0,1.0,1.0,1.0,0.0,1.0,-3.2034265038149176e-16,0.0,229.7265418484735,0.9830294238842102,9.808992994926513,11.475651786738265,1.016885012112122,11.492536798850383,1.008333459633152,0.9914484475210299,0.11719964275277442,231.10685702577092,0.9888727592689308,0.9944353518821606,0.00556362036553452,0.9957787469719696,11.471430533710231,0.9872271944929996,216.03636363636363,0.9819834710743801,10.413553719008263,12.127272727272727,1.231818181818182,12.35909090909091,1.222734693877551,0.9909165120593691,197.06363636363636,0.8957438016528926,0.9571969696969698,12.084469696969698,0.9481134817563389,0.4236173448206253,0.9361702127659575,0.09080578512396695,0.6786056488973666,186.01276595744682,0.7915436849253056,0.18332277048438206,231.03404255319148,9.75456767768221,11.417021276595746,1.4936170212765958,11.91063829787234,1.4851133304385584,0.9914963091619626,0.909692671394799,11.326713947990545,0.9011889805567617
2131,2,74.23980972289468,15.103961288452034,165.7577809096708,10.974457478012967,0.00399305269580147,0.005665161946373625,0.17826692631441948,5.609565501994708,53.1262018683443,49.98554524953792,36.87808261865407,40.80784299162615,54.641244634007954,40.72166399196422,12.817754274988657,0.7452550589709596,0.23458020330325827,1.0,1.0,0.0,0.0,0.0,0.0,1.0,0.0,-3.2034265038149176e-16,0.0,1.0,-3.2034265038149176e-16,0.0,0.0,1.0,1.0,1.0,1.0,0.0,1.0,-3.2034265038149176e-16,0.0,143.84615384615384,1.0,0.0,1.0,1.0241281154742694,1.0241281154742694,1.0241281154742694,1.0,0.06485971504532557,141.56315372661527,0.9840868991467994,0.9920424403183025,0.007956550426600408,0.9939679711314325,0.9939679711314325,0.9939679711314325,130.0,1.0,0.0,1.0,1.3615384615384616,1.3615384615384616,1.3615384615384616,1.0,104.81538461538462,0.8062721893491124,0.9181623931623932,0.9181623931623932,0.9181623931623932,0.5328946455620491,0.896551724137931,0.11745562130177517,0.7652074813776142,98.21379310344828,0.6773365041617122,0.17788347205707492,145.0,0.0,1.0,1.6344827586206896,1.6344827586206896,1.6344827586206896,1.0,0.8490421455938697,0.8490421455938697,0.8490421455938697
